                      :-) GROMACS - gmx mdrun, 2020.6 (-:

                            GROMACS is written by:
     Emile Apol      Rossen Apostolov      Paul Bauer     Herman J.C. Berendsen
    Par Bjelkmar      Christian Blau   Viacheslav Bolnykh     Kevin Boyd    
 Aldert van Buuren   Rudi van Drunen     Anton Feenstra       Alan Gray     
  Gerrit Groenhof     Anca Hamuraru    Vincent Hindriksen  M. Eric Irrgang  
  Aleksei Iupinov   Christoph Junghans     Joe Jordan     Dimitrios Karkoulis
    Peter Kasson        Jiri Kraus      Carsten Kutzner      Per Larsson    
  Justin A. Lemkul    Viveca Lindahl    Magnus Lundborg     Erik Marklund   
    Pascal Merz     Pieter Meulenhoff    Teemu Murtola       Szilard Pall   
    Sander Pronk      Roland Schulz      Michael Shirts    Alexey Shvetsov  
   Alfons Sijbers     Peter Tieleman      Jon Vincent      Teemu Virolainen 
 Christian Wennberg    Maarten Wolf      Artem Zhmurov   
                           and the project leaders:
        Mark Abraham, Berk Hess, Erik Lindahl, and David van der Spoel

Copyright (c) 1991-2000, University of Groningen, The Netherlands.
Copyright (c) 2001-2019, The GROMACS development team at
Uppsala University, Stockholm University and
the Royal Institute of Technology, Sweden.
check out http://www.gromacs.org for more information.

GROMACS is free software; you can redistribute it and/or modify it
under the terms of the GNU Lesser General Public License
as published by the Free Software Foundation; either version 2.1
of the License, or (at your option) any later version.

GROMACS:      gmx mdrun, version 2020.6
Executable:   /home/s1/software/gmx2020.6/bin/gmx
Data prefix:  /home/s1/software/gmx2020.6
Working dir:  /media/s1/Newsmy/wxwMD/MD/APP-3/membrane/enhancer/2/PURE
Process ID:   658724
Command line:
  gmx mdrun -v -deffnm step7_production -ntmpi 1 -ntomp 8 -pin on -pinoffset 96 -pinstride 1

GROMACS version:    2020.6
Verified release checksum is 2f568d8884e039acbc6b68722432516e0628be00c847969b7c905c8b53ef826f
Precision:          single
Memory model:       64 bit
MPI library:        thread_mpi
OpenMP support:     enabled (GMX_OPENMP_MAX_THREADS = 64)
GPU support:        CUDA
SIMD instructions:  AVX2_256
FFT library:        fftw-3.3.8-sse2-avx-avx2-avx2_128
RDTSCP usage:       enabled
TNG support:        enabled
Hwloc support:      disabled
Tracing support:    disabled
C compiler:         /usr/bin/cc GNU 9.4.0
C compiler flags:   -mavx2 -mfma -fexcess-precision=fast -funroll-all-loops -O3 -DNDEBUG
C++ compiler:       /usr/bin/c++ GNU 9.4.0
C++ compiler flags: -mavx2 -mfma -fexcess-precision=fast -funroll-all-loops -fopenmp -O3 -DNDEBUG
CUDA compiler:      /usr/local/cuda-12.5/bin/nvcc nvcc: NVIDIA (R) Cuda compiler driver;Copyright (c) 2005-2024 NVIDIA Corporation;Built on Thu_Jun__6_02:18:23_PDT_2024;Cuda compilation tools, release 12.5, V12.5.82;Build cuda_12.5.r12.5/compiler.34385749_0
CUDA compiler flags:-gencode;arch=compute_50,code=sm_50;-gencode;arch=compute_52,code=sm_52;-gencode;arch=compute_60,code=sm_60;-gencode;arch=compute_61,code=sm_61;-gencode;arch=compute_70,code=sm_70;-Wno-deprecated-gpu-targets;-gencode;arch=compute_50,code=compute_50;-gencode;arch=compute_52,code=compute_52;-gencode;arch=compute_60,code=compute_60;-gencode;arch=compute_61,code=compute_61;-gencode;arch=compute_70,code=compute_70;-gencode;arch=compute_75,code=compute_75;-gencode;arch=compute_80,code=compute_80;-use_fast_math;-D_FORCE_INLINES;-mavx2 -mfma -fexcess-precision=fast -funroll-all-loops -fopenmp -O3 -DNDEBUG
CUDA driver:        12.50
CUDA runtime:       12.50


Running on 1 node with total 52 cores, 104 logical cores, 1 compatible GPU
Hardware detected:
  CPU info:
    Vendor: Intel
    Brand:  Intel(R) Xeon(R) Gold 6230R CPU @ 2.10GHz
    Family: 6   Model: 85   Stepping: 7
    Features: aes apic avx avx2 avx512f avx512cd avx512bw avx512vl clfsh cmov cx8 cx16 f16c fma htt intel lahf mmx msr nonstop_tsc pcid pclmuldq pdcm pdpe1gb popcnt pse rdrnd rdtscp sse2 sse3 sse4.1 sse4.2 ssse3 tdt x2apic
    Number of AVX-512 FMA units: 2
  Hardware topology: Basic
    Sockets, cores, and logical processors:
      Socket  0: [   0  52] [   1  53] [   2  54] [   3  55] [   4  56] [   5  57] [   6  58] [   7  59] [   8  60] [   9  61] [  10  62] [  11  63] [  12  64] [  13  65] [  14  66] [  15  67] [  16  68] [  17  69] [  18  70] [  19  71] [  20  72] [  21  73] [  22  74] [  23  75] [  24  76] [  25  77]
      Socket  1: [  26  78] [  27  79] [  28  80] [  29  81] [  30  82] [  31  83] [  32  84] [  33  85] [  34  86] [  35  87] [  36  88] [  37  89] [  38  90] [  39  91] [  40  92] [  41  93] [  42  94] [  43  95] [  44  96] [  45  97] [  46  98] [  47  99] [  48 100] [  49 101] [  50 102] [  51 103]
  GPU info:
    Number of GPUs detected: 1
    #0: NVIDIA NVIDIA GeForce RTX 3090, compute cap.: 8.6, ECC:  no, stat: compatible

Highest SIMD level requested by all nodes in run: AVX_512
SIMD instructions selected at compile time:       AVX2_256
This program was compiled for different hardware than you are running on,
which could influence performance. This build might have been configured on a
login node with only a single AVX-512 FMA unit (in which case AVX2 is faster),
while the node you are running on has dual AVX-512 FMA units.

++++ PLEASE READ AND CITE THE FOLLOWING REFERENCE ++++
M. J. Abraham, T. Murtola, R. Schulz, S. Páll, J. C. Smith, B. Hess, E.
Lindahl
GROMACS: High performance molecular simulations through multi-level
parallelism from laptops to supercomputers
SoftwareX 1 (2015) pp. 19-25
-------- -------- --- Thank You --- -------- --------


++++ PLEASE READ AND CITE THE FOLLOWING REFERENCE ++++
S. Páll, M. J. Abraham, C. Kutzner, B. Hess, E. Lindahl
Tackling Exascale Software Challenges in Molecular Dynamics Simulations with
GROMACS
In S. Markidis & E. Laure (Eds.), Solving Software Challenges for Exascale 8759 (2015) pp. 3-27
-------- -------- --- Thank You --- -------- --------


++++ PLEASE READ AND CITE THE FOLLOWING REFERENCE ++++
S. Pronk, S. Páll, R. Schulz, P. Larsson, P. Bjelkmar, R. Apostolov, M. R.
Shirts, J. C. Smith, P. M. Kasson, D. van der Spoel, B. Hess, and E. Lindahl
GROMACS 4.5: a high-throughput and highly parallel open source molecular
simulation toolkit
Bioinformatics 29 (2013) pp. 845-54
-------- -------- --- Thank You --- -------- --------


++++ PLEASE READ AND CITE THE FOLLOWING REFERENCE ++++
B. Hess and C. Kutzner and D. van der Spoel and E. Lindahl
GROMACS 4: Algorithms for highly efficient, load-balanced, and scalable
molecular simulation
J. Chem. Theory Comput. 4 (2008) pp. 435-447
-------- -------- --- Thank You --- -------- --------


++++ PLEASE READ AND CITE THE FOLLOWING REFERENCE ++++
D. van der Spoel, E. Lindahl, B. Hess, G. Groenhof, A. E. Mark and H. J. C.
Berendsen
GROMACS: Fast, Flexible and Free
J. Comp. Chem. 26 (2005) pp. 1701-1719
-------- -------- --- Thank You --- -------- --------


++++ PLEASE READ AND CITE THE FOLLOWING REFERENCE ++++
E. Lindahl and B. Hess and D. van der Spoel
GROMACS 3.0: A package for molecular simulation and trajectory analysis
J. Mol. Mod. 7 (2001) pp. 306-317
-------- -------- --- Thank You --- -------- --------


++++ PLEASE READ AND CITE THE FOLLOWING REFERENCE ++++
H. J. C. Berendsen, D. van der Spoel and R. van Drunen
GROMACS: A message-passing parallel molecular dynamics implementation
Comp. Phys. Comm. 91 (1995) pp. 43-56
-------- -------- --- Thank You --- -------- --------


++++ PLEASE CITE THE DOI FOR THIS VERSION OF GROMACS ++++
https://doi.org/10.5281/zenodo.4576055
-------- -------- --- Thank You --- -------- --------

Input Parameters:
   integrator                     = md
   tinit                          = 0
   dt                             = 0.02
   nsteps                         = 1500000
   init-step                      = 0
   simulation-part                = 1
   comm-mode                      = Linear
   nstcomm                        = 100
   bd-fric                        = 0
   ld-seed                        = 1874046319
   emtol                          = 10
   emstep                         = 0.01
   niter                          = 20
   fcstep                         = 0
   nstcgsteep                     = 1000
   nbfgscorr                      = 10
   rtpi                           = 0.05
   nstxout                        = 5000
   nstvout                        = 5000
   nstfout                        = 5000
   nstlog                         = 5000
   nstcalcenergy                  = 100
   nstenergy                      = 5000
   nstxout-compressed             = 5000
   compressed-x-precision         = 100
   cutoff-scheme                  = Verlet
   nstlist                        = 20
   pbc                            = xyz
   periodic-molecules             = false
   verlet-buffer-tolerance        = 0.005
   rlist                          = 1.202
   coulombtype                    = Reaction-Field
   coulomb-modifier               = Potential-shift
   rcoulomb-switch                = 0
   rcoulomb                       = 1.1
   epsilon-r                      = 15
   epsilon-rf                     = inf
   vdw-type                       = Cut-off
   vdw-modifier                   = Potential-shift
   rvdw-switch                    = 0
   rvdw                           = 1.1
   DispCorr                       = No
   table-extension                = 1
   fourierspacing                 = 0.12
   fourier-nx                     = 0
   fourier-ny                     = 0
   fourier-nz                     = 0
   pme-order                      = 4
   ewald-rtol                     = 1e-05
   ewald-rtol-lj                  = 0.001
   lj-pme-comb-rule               = Geometric
   ewald-geometry                 = 0
   epsilon-surface                = 0
   tcoupl                         = V-rescale
   nsttcouple                     = 20
   nh-chain-length                = 0
   print-nose-hoover-chain-variables = false
   pcoupl                         = Parrinello-Rahman
   pcoupltype                     = Semiisotropic
   nstpcouple                     = 20
   tau-p                          = 12
   compressibility (3x3):
      compressibility[    0]={ 3.00000e-04,  0.00000e+00,  0.00000e+00}
      compressibility[    1]={ 0.00000e+00,  3.00000e-04,  0.00000e+00}
      compressibility[    2]={ 0.00000e+00,  0.00000e+00,  3.00000e-04}
   ref-p (3x3):
      ref-p[    0]={ 1.00000e+00,  0.00000e+00,  0.00000e+00}
      ref-p[    1]={ 0.00000e+00,  1.00000e+00,  0.00000e+00}
      ref-p[    2]={ 0.00000e+00,  0.00000e+00,  1.00000e+00}
   refcoord-scaling               = All
   posres-com (3):
      posres-com[0]= 0.00000e+00
      posres-com[1]= 0.00000e+00
      posres-com[2]= 0.00000e+00
   posres-comB (3):
      posres-comB[0]= 0.00000e+00
      posres-comB[1]= 0.00000e+00
      posres-comB[2]= 0.00000e+00
   QMMM                           = false
   QMconstraints                  = 0
   QMMMscheme                     = 0
   MMChargeScaleFactor            = 1
qm-opts:
   ngQM                           = 0
   constraint-algorithm           = Lincs
   continuation                   = false
   Shake-SOR                      = false
   shake-tol                      = 0.0001
   lincs-order                    = 4
   lincs-iter                     = 1
   lincs-warnangle                = 30
   nwall                          = 0
   wall-type                      = 9-3
   wall-r-linpot                  = -1
   wall-atomtype[0]               = -1
   wall-atomtype[1]               = -1
   wall-density[0]                = 0
   wall-density[1]                = 0
   wall-ewald-zfac                = 3
   pull                           = false
   awh                            = false
   rotation                       = false
   interactiveMD                  = false
   disre                          = No
   disre-weighting                = Conservative
   disre-mixed                    = false
   dr-fc                          = 1000
   dr-tau                         = 0
   nstdisreout                    = 100
   orire-fc                       = 0
   orire-tau                      = 0
   nstorireout                    = 100
   free-energy                    = no
   cos-acceleration               = 0
   deform (3x3):
      deform[    0]={ 0.00000e+00,  0.00000e+00,  0.00000e+00}
      deform[    1]={ 0.00000e+00,  0.00000e+00,  0.00000e+00}
      deform[    2]={ 0.00000e+00,  0.00000e+00,  0.00000e+00}
   simulated-tempering            = false
   swapcoords                     = no
   userint1                       = 0
   userint2                       = 0
   userint3                       = 0
   userint4                       = 0
   userreal1                      = 0
   userreal2                      = 0
   userreal3                      = 0
   userreal4                      = 0
   applied-forces:
     electric-field:
       x:
         E0                       = 0
         omega                    = 0
         t0                       = 0
         sigma                    = 0
       y:
         E0                       = 0
         omega                    = 0
         t0                       = 0
         sigma                    = 0
       z:
         E0                       = 0
         omega                    = 0
         t0                       = 0
         sigma                    = 0
     density-guided-simulation:
       active                     = false
       group                      = protein
       similarity-measure         = inner-product
       atom-spreading-weight      = unity
       force-constant             = 1e+09
       gaussian-transform-spreading-width = 0.2
       gaussian-transform-spreading-range-in-multiples-of-width = 4
       reference-density-filename = reference.mrc
       nst                        = 1
       normalize-densities        = true
       adaptive-force-scaling     = false
       adaptive-force-scaling-time-constant = 4
grpopts:
   nrdf:       27047       55543
   ref-t:      303.15      303.15
   tau-t:           1           1
annealing:          No          No
annealing-npoints:           0           0
   acc:	           0           0           0
   nfreeze:           N           N           N
   energygrp-flags[  0]: 0

Changing nstlist from 20 to 25, rlist from 1.202 to 1.248

1 GPU selected for this run.
Mapping of GPU IDs to the 1 GPU task in the 1 rank on this node:
  PP:0
PP tasks will do (non-perturbed) short-ranged interactions on the GPU
PP task will update and constrain coordinates on the CPU
Using 1 MPI thread
Using 8 OpenMP threads 


Overriding thread affinity set outside gmx mdrun

Applying core pinning offset 96
Pinning threads with a user-specified logical core stride of 1
System total charge: 0.000
Reaction-Field:
epsRF = 0, rc = 1.1, krf = 0.375657, crf = 1.36364, epsfac = 9.26236
The electrostatics potential has its minimum at r = 1.1
Potential shift: LJ r^-12: -3.186e-01 r^-6: -5.645e-01

Using GPU 8x8 nonbonded short-range kernels

Using a dual 8x8 pair-list setup updated with dynamic, rolling pruning:
  outer list: updated every 25 steps, buffer 0.148 nm, rlist 1.248 nm
  inner list: updated every  4 steps, buffer 0.002 nm, rlist 1.102 nm
At tolerance 0.005 kJ/mol/ps per atom, equivalent classical 1x1 list would be:
  outer list: updated every 25 steps, buffer 0.259 nm, rlist 1.359 nm
  inner list: updated every  4 steps, buffer 0.025 nm, rlist 1.125 nm

Using full Lennard-Jones parameter combination matrix

Removing pbc first time

Initializing LINear Constraint Solver

++++ PLEASE READ AND CITE THE FOLLOWING REFERENCE ++++
B. Hess
P-LINCS: A Parallel Linear Constraint Solver for molecular simulation
J. Chem. Theory Comput. 4 (2008) pp. 116-122
-------- -------- --- Thank You --- -------- --------

The number of constraints is 2523
2523 constraints are involved in constraint triangles,
will apply an additional matrix expansion of order 4 for couplings
between constraints inside triangles

++++ PLEASE READ AND CITE THE FOLLOWING REFERENCE ++++
G. Bussi, D. Donadio and M. Parrinello
Canonical sampling through velocity rescaling
J. Chem. Phys. 126 (2007) pp. 014101
-------- -------- --- Thank You --- -------- --------

There are: 28372 Atoms
There are: 1512 VSites

Constraining the starting coordinates (step 0)

Constraining the coordinates at t0-dt (step 0)
Center of mass motion removal mode is Linear
We have the following groups for center of mass motion removal:
  0:  rest
RMS relative constraint deviation after constraining: 9.62e-05
Initial temperature: 299.323 K

Started mdrun on rank 0 Fri Sep 11 16:18:41 2026

           Step           Time
              0        0.00000

   Energies (kJ/mol)
           Bond       G96Angle  Improper Dih.        LJ (SR)   Coulomb (SR)
    1.18079e+04    3.71211e+03    4.85613e+02   -6.40011e+05    0.00000e+00
      Potential    Kinetic En.   Total Energy  Conserved En.    Temperature
   -6.24005e+05    1.02863e+05   -5.21143e+05   -5.20946e+05    2.99589e+02
 Pressure (bar)   Constr. rmsd
   -1.14199e+01    3.72727e-04

           Step           Time
           5000      100.00000

   Energies (kJ/mol)
           Bond       G96Angle  Improper Dih.        LJ (SR)   Coulomb (SR)
    1.26763e+04    3.63656e+03    5.39561e+02   -6.39073e+05    0.00000e+00
      Potential    Kinetic En.   Total Energy  Conserved En.    Temperature
   -6.22220e+05    1.03785e+05   -5.18435e+05   -5.54983e+05    3.02275e+02
 Pressure (bar)   Constr. rmsd
    1.94400e+00    4.28364e-04

           Step           Time
          10000      200.00000

   Energies (kJ/mol)
           Bond       G96Angle  Improper Dih.        LJ (SR)   Coulomb (SR)
    1.26776e+04    3.76106e+03    5.95936e+02   -6.40165e+05    0.00000e+00
      Potential    Kinetic En.   Total Energy  Conserved En.    Temperature
   -6.23130e+05    1.04237e+05   -5.18893e+05   -5.88615e+05    3.03593e+02
 Pressure (bar)   Constr. rmsd
    3.81644e+01    4.39526e-04

           Step           Time
          15000      300.00000

   Energies (kJ/mol)
           Bond       G96Angle  Improper Dih.        LJ (SR)   Coulomb (SR)
    1.23092e+04    3.77167e+03    5.48616e+02   -6.40264e+05    0.00000e+00
      Potential    Kinetic En.   Total Energy  Conserved En.    Temperature
   -6.23634e+05    1.01968e+05   -5.21667e+05   -6.22439e+05    2.96983e+02
 Pressure (bar)   Constr. rmsd
   -4.77215e+01    4.12157e-04

           Step           Time
          20000      400.00000

   Energies (kJ/mol)
           Bond       G96Angle  Improper Dih.        LJ (SR)   Coulomb (SR)
    1.28833e+04    3.66571e+03    5.37207e+02   -6.40935e+05    0.00000e+00
      Potential    Kinetic En.   Total Energy  Conserved En.    Temperature
   -6.23849e+05    1.04124e+05   -5.19725e+05   -6.56170e+05    3.03262e+02
 Pressure (bar)   Constr. rmsd
    3.56809e+00    4.49947e-04

           Step           Time
          25000      500.00000

   Energies (kJ/mol)
           Bond       G96Angle  Improper Dih.        LJ (SR)   Coulomb (SR)
    1.21130e+04    3.74964e+03    5.34205e+02   -6.38846e+05    0.00000e+00
      Potential    Kinetic En.   Total Energy  Conserved En.    Temperature
   -6.22449e+05    1.04069e+05   -5.18381e+05   -6.90076e+05    3.03102e+02
 Pressure (bar)   Constr. rmsd
    1.81805e+01    4.38409e-04

           Step           Time
          30000      600.00000

   Energies (kJ/mol)
           Bond       G96Angle  Improper Dih.        LJ (SR)   Coulomb (SR)
    1.26021e+04    3.74596e+03    5.59361e+02   -6.39111e+05    0.00000e+00
      Potential    Kinetic En.   Total Energy  Conserved En.    Temperature
   -6.22204e+05    1.04581e+05   -5.17623e+05   -7.24121e+05    3.04595e+02
 Pressure (bar)   Constr. rmsd
    4.30759e+00    4.33867e-04

           Step           Time
          35000      700.00000

   Energies (kJ/mol)
           Bond       G96Angle  Improper Dih.        LJ (SR)   Coulomb (SR)
    1.26259e+04    3.63466e+03    5.79411e+02   -6.40202e+05    0.00000e+00
      Potential    Kinetic En.   Total Energy  Conserved En.    Temperature
   -6.23362e+05    1.03667e+05   -5.19695e+05   -7.57949e+05    3.01931e+02
 Pressure (bar)   Constr. rmsd
    4.92728e+00    4.18958e-04

           Step           Time
          40000      800.00000

   Energies (kJ/mol)
           Bond       G96Angle  Improper Dih.        LJ (SR)   Coulomb (SR)
    1.25201e+04    3.65887e+03    4.93118e+02   -6.39448e+05    0.00000e+00
      Potential    Kinetic En.   Total Energy  Conserved En.    Temperature
   -6.22776e+05    1.03061e+05   -5.19715e+05   -7.91969e+05    3.00166e+02
 Pressure (bar)   Constr. rmsd
    3.25515e+01    4.31559e-04

           Step           Time
          45000      900.00000

   Energies (kJ/mol)
           Bond       G96Angle  Improper Dih.        LJ (SR)   Coulomb (SR)
    1.22740e+04    3.71637e+03    5.52857e+02   -6.38608e+05    0.00000e+00
      Potential    Kinetic En.   Total Energy  Conserved En.    Temperature
   -6.22064e+05    1.03571e+05   -5.18493e+05   -8.25796e+05    3.01654e+02
 Pressure (bar)   Constr. rmsd
   -4.55672e+01    4.15135e-04

           Step           Time
          50000     1000.00000

   Energies (kJ/mol)
           Bond       G96Angle  Improper Dih.        LJ (SR)   Coulomb (SR)
    1.27250e+04    3.66515e+03    4.97458e+02   -6.38714e+05    0.00000e+00
      Potential    Kinetic En.   Total Energy  Conserved En.    Temperature
   -6.21826e+05    1.03192e+05   -5.18634e+05   -8.59666e+05    3.00549e+02
 Pressure (bar)   Constr. rmsd
    1.80747e+01    4.23749e-04

           Step           Time
          55000     1100.00000

   Energies (kJ/mol)
           Bond       G96Angle  Improper Dih.        LJ (SR)   Coulomb (SR)
    1.26848e+04    3.80312e+03    5.32577e+02   -6.38498e+05    0.00000e+00
      Potential    Kinetic En.   Total Energy  Conserved En.    Temperature
   -6.21477e+05    1.03556e+05   -5.17922e+05   -8.93687e+05    3.01607e+02
 Pressure (bar)   Constr. rmsd
    3.02431e+01    4.30523e-04

           Step           Time
          60000     1200.00000

   Energies (kJ/mol)
           Bond       G96Angle  Improper Dih.        LJ (SR)   Coulomb (SR)
    1.24518e+04    3.64816e+03    5.19541e+02   -6.39028e+05    0.00000e+00
      Potential    Kinetic En.   Total Energy  Conserved En.    Temperature
   -6.22408e+05    1.03464e+05   -5.18944e+05   -9.27818e+05    3.01340e+02
 Pressure (bar)   Constr. rmsd
    1.20921e+01    4.06009e-04

           Step           Time
          65000     1300.00000

   Energies (kJ/mol)
           Bond       G96Angle  Improper Dih.        LJ (SR)   Coulomb (SR)
    1.22475e+04    3.53719e+03    4.61891e+02   -6.39778e+05    0.00000e+00
      Potential    Kinetic En.   Total Energy  Conserved En.    Temperature
   -6.23531e+05    1.03701e+05   -5.19831e+05   -9.61562e+05    3.02030e+02
 Pressure (bar)   Constr. rmsd
   -7.62755e-02    4.23487e-04

           Step           Time
          70000     1400.00000

   Energies (kJ/mol)
           Bond       G96Angle  Improper Dih.        LJ (SR)   Coulomb (SR)
    1.24806e+04    3.81533e+03    5.26865e+02   -6.39079e+05    0.00000e+00
      Potential    Kinetic En.   Total Energy  Conserved En.    Temperature
   -6.22256e+05    1.03534e+05   -5.18722e+05   -9.95632e+05    3.01546e+02
 Pressure (bar)   Constr. rmsd
    6.47963e+00    4.16325e-04

           Step           Time
          75000     1500.00000

   Energies (kJ/mol)
           Bond       G96Angle  Improper Dih.        LJ (SR)   Coulomb (SR)
    1.23865e+04    3.61216e+03    4.98451e+02   -6.40528e+05    0.00000e+00
      Potential    Kinetic En.   Total Energy  Conserved En.    Temperature
   -6.24031e+05    1.03483e+05   -5.20548e+05   -1.02971e+06    3.01397e+02
 Pressure (bar)   Constr. rmsd
    2.33771e+01    4.34233e-04

           Step           Time
          80000     1600.00000

   Energies (kJ/mol)
           Bond       G96Angle  Improper Dih.        LJ (SR)   Coulomb (SR)
    1.23625e+04    3.91447e+03    4.73898e+02   -6.39600e+05    0.00000e+00
      Potential    Kinetic En.   Total Energy  Conserved En.    Temperature
   -6.22849e+05    1.03766e+05   -5.19083e+05   -1.06352e+06    3.02220e+02
 Pressure (bar)   Constr. rmsd
   -1.34492e+01    4.26434e-04

           Step           Time
          85000     1700.00000

   Energies (kJ/mol)
           Bond       G96Angle  Improper Dih.        LJ (SR)   Coulomb (SR)
    1.25555e+04    3.81474e+03    5.18140e+02   -6.39109e+05    0.00000e+00
      Potential    Kinetic En.   Total Energy  Conserved En.    Temperature
   -6.22221e+05    1.04070e+05   -5.18151e+05   -1.09718e+06    3.03105e+02
 Pressure (bar)   Constr. rmsd
    9.62482e+00    4.06979e-04

           Step           Time
          90000     1800.00000

   Energies (kJ/mol)
           Bond       G96Angle  Improper Dih.        LJ (SR)   Coulomb (SR)
    1.24694e+04    3.69594e+03    5.24165e+02   -6.40908e+05    0.00000e+00
      Potential    Kinetic En.   Total Energy  Conserved En.    Temperature
   -6.24218e+05    1.03695e+05   -5.20523e+05   -1.13083e+06    3.02015e+02
 Pressure (bar)   Constr. rmsd
    2.37385e+01    4.24321e-04

           Step           Time
          95000     1900.00000

   Energies (kJ/mol)
           Bond       G96Angle  Improper Dih.        LJ (SR)   Coulomb (SR)
    1.24232e+04    3.70271e+03    5.72757e+02   -6.37502e+05    0.00000e+00
      Potential    Kinetic En.   Total Energy  Conserved En.    Temperature
   -6.20803e+05    1.03465e+05   -5.17339e+05   -1.16456e+06    3.01343e+02
 Pressure (bar)   Constr. rmsd
   -2.11959e+01    4.36111e-04

           Step           Time
         100000     2000.00000

   Energies (kJ/mol)
           Bond       G96Angle  Improper Dih.        LJ (SR)   Coulomb (SR)
    1.25668e+04    3.86839e+03    5.15603e+02   -6.39360e+05    0.00000e+00
      Potential    Kinetic En.   Total Energy  Conserved En.    Temperature
   -6.22409e+05    1.03896e+05   -5.18513e+05   -1.19822e+06    3.02599e+02
 Pressure (bar)   Constr. rmsd
    1.01026e+01    4.27448e-04

           Step           Time
         105000     2100.00000

   Energies (kJ/mol)
           Bond       G96Angle  Improper Dih.        LJ (SR)   Coulomb (SR)
    1.24104e+04    3.58914e+03    5.29470e+02   -6.38931e+05    0.00000e+00
      Potential    Kinetic En.   Total Energy  Conserved En.    Temperature
   -6.22402e+05    1.04140e+05   -5.18263e+05   -1.23192e+06    3.03308e+02
 Pressure (bar)   Constr. rmsd
    2.80218e+00    4.15398e-04

           Step           Time
         110000     2200.00000

   Energies (kJ/mol)
           Bond       G96Angle  Improper Dih.        LJ (SR)   Coulomb (SR)
    1.23722e+04    3.70852e+03    5.15195e+02   -6.40630e+05    0.00000e+00
      Potential    Kinetic En.   Total Energy  Conserved En.    Temperature
   -6.24034e+05    1.03576e+05   -5.20458e+05   -1.26564e+06    3.01667e+02
 Pressure (bar)   Constr. rmsd
    1.68083e+01    4.31322e-04

           Step           Time
         115000     2300.00000

   Energies (kJ/mol)
           Bond       G96Angle  Improper Dih.        LJ (SR)   Coulomb (SR)
    1.25192e+04    3.47462e+03    4.57951e+02   -6.39086e+05    0.00000e+00
      Potential    Kinetic En.   Total Energy  Conserved En.    Temperature
   -6.22634e+05    1.04247e+05   -5.18387e+05   -1.29959e+06    3.03621e+02
 Pressure (bar)   Constr. rmsd
   -6.56552e+00    4.43755e-04

           Step           Time
         120000     2400.00000

   Energies (kJ/mol)
           Bond       G96Angle  Improper Dih.        LJ (SR)   Coulomb (SR)
    1.27921e+04    3.60008e+03    5.13220e+02   -6.40604e+05    0.00000e+00
      Potential    Kinetic En.   Total Energy  Conserved En.    Temperature
   -6.23699e+05    1.03865e+05   -5.19833e+05   -1.33364e+06    3.02510e+02
 Pressure (bar)   Constr. rmsd
    2.43988e+01    4.38275e-04

           Step           Time
         125000     2500.00000

   Energies (kJ/mol)
           Bond       G96Angle  Improper Dih.        LJ (SR)   Coulomb (SR)
    1.23164e+04    3.61494e+03    5.08554e+02   -6.38834e+05    0.00000e+00
      Potential    Kinetic En.   Total Energy  Conserved En.    Temperature
   -6.22394e+05    1.04242e+05   -5.18152e+05   -1.36723e+06    3.03606e+02
 Pressure (bar)   Constr. rmsd
    5.14505e+01    4.31239e-04

           Step           Time
         130000     2600.00000

   Energies (kJ/mol)
           Bond       G96Angle  Improper Dih.        LJ (SR)   Coulomb (SR)
    1.25977e+04    3.70073e+03    4.71024e+02   -6.41511e+05    0.00000e+00
      Potential    Kinetic En.   Total Energy  Conserved En.    Temperature
   -6.24742e+05    1.03744e+05   -5.20998e+05   -1.40105e+06    3.02157e+02
 Pressure (bar)   Constr. rmsd
    1.58326e+01    4.23678e-04

           Step           Time
         135000     2700.00000

   Energies (kJ/mol)
           Bond       G96Angle  Improper Dih.        LJ (SR)   Coulomb (SR)
    1.22378e+04    3.60033e+03    5.34421e+02   -6.39036e+05    0.00000e+00
      Potential    Kinetic En.   Total Energy  Conserved En.    Temperature
   -6.22664e+05    1.03830e+05   -5.18834e+05   -1.43498e+06    3.02407e+02
 Pressure (bar)   Constr. rmsd
   -7.43354e+00    4.29505e-04

           Step           Time
         140000     2800.00000

   Energies (kJ/mol)
           Bond       G96Angle  Improper Dih.        LJ (SR)   Coulomb (SR)
    1.25614e+04    3.54650e+03    5.97744e+02   -6.39474e+05    0.00000e+00
      Potential    Kinetic En.   Total Energy  Conserved En.    Temperature
   -6.22768e+05    1.05014e+05   -5.17754e+05   -1.46909e+06    3.05855e+02
 Pressure (bar)   Constr. rmsd
   -1.37416e+01    4.15692e-04

           Step           Time
         145000     2900.00000

   Energies (kJ/mol)
           Bond       G96Angle  Improper Dih.        LJ (SR)   Coulomb (SR)
    1.24895e+04    3.49799e+03    5.51407e+02   -6.39174e+05    0.00000e+00
      Potential    Kinetic En.   Total Energy  Conserved En.    Temperature
   -6.22635e+05    1.03832e+05   -5.18804e+05   -1.50302e+06    3.02411e+02
 Pressure (bar)   Constr. rmsd
    7.30648e+00    4.12265e-04

           Step           Time
         150000     3000.00000

   Energies (kJ/mol)
           Bond       G96Angle  Improper Dih.        LJ (SR)   Coulomb (SR)
    1.22290e+04    3.67862e+03    5.17000e+02   -6.40364e+05    0.00000e+00
      Potential    Kinetic En.   Total Energy  Conserved En.    Temperature
   -6.23939e+05    1.03520e+05   -5.20419e+05   -1.53667e+06    3.01503e+02
 Pressure (bar)   Constr. rmsd
    2.15757e+01    4.32826e-04

           Step           Time
         155000     3100.00000

   Energies (kJ/mol)
           Bond       G96Angle  Improper Dih.        LJ (SR)   Coulomb (SR)
    1.24455e+04    3.70915e+03    5.07851e+02   -6.40058e+05    0.00000e+00
      Potential    Kinetic En.   Total Energy  Conserved En.    Temperature
   -6.23396e+05    1.03903e+05   -5.19493e+05   -1.57034e+06    3.02618e+02
 Pressure (bar)   Constr. rmsd
   -2.78298e+00    4.09473e-04

           Step           Time
         160000     3200.00000

   Energies (kJ/mol)
           Bond       G96Angle  Improper Dih.        LJ (SR)   Coulomb (SR)
    1.27129e+04    3.50782e+03    4.97808e+02   -6.38656e+05    0.00000e+00
      Potential    Kinetic En.   Total Energy  Conserved En.    Temperature
   -6.21938e+05    1.04359e+05   -5.17579e+05   -1.60399e+06    3.03947e+02
 Pressure (bar)   Constr. rmsd
    1.41176e+01    4.04012e-04

           Step           Time
         165000     3300.00000

   Energies (kJ/mol)
           Bond       G96Angle  Improper Dih.        LJ (SR)   Coulomb (SR)
    1.29408e+04    3.62282e+03    5.12767e+02   -6.37181e+05    0.00000e+00
      Potential    Kinetic En.   Total Energy  Conserved En.    Temperature
   -6.20105e+05    1.03990e+05   -5.16115e+05   -1.63782e+06    3.02872e+02
 Pressure (bar)   Constr. rmsd
   -1.41327e+01    4.14688e-04

           Step           Time
         170000     3400.00000

   Energies (kJ/mol)
           Bond       G96Angle  Improper Dih.        LJ (SR)   Coulomb (SR)
    1.27279e+04    3.68783e+03    5.05540e+02   -6.40839e+05    0.00000e+00
      Potential    Kinetic En.   Total Energy  Conserved En.    Temperature
   -6.23918e+05    1.02833e+05   -5.21084e+05   -1.67166e+06    2.99503e+02
 Pressure (bar)   Constr. rmsd
    1.96756e+01    4.22871e-04

           Step           Time
         175000     3500.00000

   Energies (kJ/mol)
           Bond       G96Angle  Improper Dih.        LJ (SR)   Coulomb (SR)
    1.20665e+04    3.54855e+03    4.84473e+02   -6.38595e+05    0.00000e+00
      Potential    Kinetic En.   Total Energy  Conserved En.    Temperature
   -6.22495e+05    1.04552e+05   -5.17943e+05   -1.70560e+06    3.04508e+02
 Pressure (bar)   Constr. rmsd
   -2.83073e+01    4.15602e-04

           Step           Time
         180000     3600.00000

   Energies (kJ/mol)
           Bond       G96Angle  Improper Dih.        LJ (SR)   Coulomb (SR)
    1.24069e+04    3.64114e+03    5.41090e+02   -6.39625e+05    0.00000e+00
      Potential    Kinetic En.   Total Energy  Conserved En.    Temperature
   -6.23035e+05    1.04114e+05   -5.18922e+05   -1.73944e+06    3.03233e+02
 Pressure (bar)   Constr. rmsd
    2.72979e+01    4.08728e-04

           Step           Time
         185000     3700.00000

   Energies (kJ/mol)
           Bond       G96Angle  Improper Dih.        LJ (SR)   Coulomb (SR)
    1.25402e+04    3.66561e+03    5.12877e+02   -6.38949e+05    0.00000e+00
      Potential    Kinetic En.   Total Energy  Conserved En.    Temperature
   -6.22230e+05    1.03915e+05   -5.18316e+05   -1.77334e+06    3.02653e+02
 Pressure (bar)   Constr. rmsd
   -5.01717e-01    4.15657e-04

           Step           Time
         190000     3800.00000

   Energies (kJ/mol)
           Bond       G96Angle  Improper Dih.        LJ (SR)   Coulomb (SR)
    1.24970e+04    3.65963e+03    5.91581e+02   -6.37125e+05    0.00000e+00
      Potential    Kinetic En.   Total Energy  Conserved En.    Temperature
   -6.20377e+05    1.04510e+05   -5.15867e+05   -1.80718e+06    3.04386e+02
 Pressure (bar)   Constr. rmsd
    3.84048e-01    4.25296e-04

           Step           Time
         195000     3900.00000

   Energies (kJ/mol)
           Bond       G96Angle  Improper Dih.        LJ (SR)   Coulomb (SR)
    1.25467e+04    3.59018e+03    5.77593e+02   -6.40269e+05    0.00000e+00
      Potential    Kinetic En.   Total Energy  Conserved En.    Temperature
   -6.23554e+05    1.03259e+05   -5.20295e+05   -1.84109e+06    3.00743e+02
 Pressure (bar)   Constr. rmsd
   -1.10856e+01    4.20841e-04

           Step           Time
         200000     4000.00000

   Energies (kJ/mol)
           Bond       G96Angle  Improper Dih.        LJ (SR)   Coulomb (SR)
    1.23411e+04    3.66697e+03    4.74518e+02   -6.39606e+05    0.00000e+00
      Potential    Kinetic En.   Total Energy  Conserved En.    Temperature
   -6.23123e+05    1.04486e+05   -5.18637e+05   -1.87506e+06    3.04318e+02
 Pressure (bar)   Constr. rmsd
    8.82563e+00    4.28444e-04

           Step           Time
         205000     4100.00000

   Energies (kJ/mol)
           Bond       G96Angle  Improper Dih.        LJ (SR)   Coulomb (SR)
    1.20365e+04    3.69540e+03    5.21312e+02   -6.39227e+05    0.00000e+00
      Potential    Kinetic En.   Total Energy  Conserved En.    Temperature
   -6.22974e+05    1.03723e+05   -5.19251e+05   -1.90890e+06    3.02095e+02
 Pressure (bar)   Constr. rmsd
   -1.07444e+01    4.33003e-04

           Step           Time
         210000     4200.00000

   Energies (kJ/mol)
           Bond       G96Angle  Improper Dih.        LJ (SR)   Coulomb (SR)
    1.27935e+04    3.57881e+03    5.07049e+02   -6.39909e+05    0.00000e+00
      Potential    Kinetic En.   Total Energy  Conserved En.    Temperature
   -6.23030e+05    1.04084e+05   -5.18946e+05   -1.94265e+06    3.03146e+02
 Pressure (bar)   Constr. rmsd
    5.37103e+00    4.23904e-04

           Step           Time
         215000     4300.00000

   Energies (kJ/mol)
           Bond       G96Angle  Improper Dih.        LJ (SR)   Coulomb (SR)
    1.24674e+04    3.47677e+03    5.01952e+02   -6.39496e+05    0.00000e+00
      Potential    Kinetic En.   Total Energy  Conserved En.    Temperature
   -6.23050e+05    1.04003e+05   -5.19047e+05   -1.97656e+06    3.02911e+02
 Pressure (bar)   Constr. rmsd
   -2.37763e+01    4.11944e-04

           Step           Time
         220000     4400.00000

   Energies (kJ/mol)
           Bond       G96Angle  Improper Dih.        LJ (SR)   Coulomb (SR)
    1.26841e+04    3.66876e+03    4.70270e+02   -6.41219e+05    0.00000e+00
      Potential    Kinetic En.   Total Energy  Conserved En.    Temperature
   -6.24396e+05    1.03840e+05   -5.20556e+05   -2.01058e+06    3.02435e+02
 Pressure (bar)   Constr. rmsd
   -3.03288e+01    4.32904e-04

           Step           Time
         225000     4500.00000

   Energies (kJ/mol)
           Bond       G96Angle  Improper Dih.        LJ (SR)   Coulomb (SR)
    1.23749e+04    3.46496e+03    5.46945e+02   -6.41778e+05    0.00000e+00
      Potential    Kinetic En.   Total Energy  Conserved En.    Temperature
   -6.25391e+05    1.04731e+05   -5.20660e+05   -2.04428e+06    3.05032e+02
 Pressure (bar)   Constr. rmsd
    3.36118e+00    4.40227e-04

           Step           Time
         230000     4600.00000

   Energies (kJ/mol)
           Bond       G96Angle  Improper Dih.        LJ (SR)   Coulomb (SR)
    1.22526e+04    3.59899e+03    5.14990e+02   -6.40329e+05    0.00000e+00
      Potential    Kinetic En.   Total Energy  Conserved En.    Temperature
   -6.23962e+05    1.02322e+05   -5.21641e+05   -2.07835e+06    2.98014e+02
 Pressure (bar)   Constr. rmsd
   -3.17094e+01    4.19473e-04

           Step           Time
         235000     4700.00000

   Energies (kJ/mol)
           Bond       G96Angle  Improper Dih.        LJ (SR)   Coulomb (SR)
    1.25249e+04    3.51492e+03    5.27436e+02   -6.41105e+05    0.00000e+00
      Potential    Kinetic En.   Total Energy  Conserved En.    Temperature
   -6.24538e+05    1.04339e+05   -5.20198e+05   -2.11238e+06    3.03890e+02
 Pressure (bar)   Constr. rmsd
   -7.36098e+00    4.33991e-04

           Step           Time
         240000     4800.00000

   Energies (kJ/mol)
           Bond       G96Angle  Improper Dih.        LJ (SR)   Coulomb (SR)
    1.24854e+04    3.46200e+03    4.92155e+02   -6.38756e+05    0.00000e+00
      Potential    Kinetic En.   Total Energy  Conserved En.    Temperature
   -6.22316e+05    1.03302e+05   -5.19014e+05   -2.14617e+06    3.00869e+02
 Pressure (bar)   Constr. rmsd
   -2.55926e+01    4.24443e-04

           Step           Time
         245000     4900.00000

   Energies (kJ/mol)
           Bond       G96Angle  Improper Dih.        LJ (SR)   Coulomb (SR)
    1.23147e+04    3.54805e+03    4.81174e+02   -6.40119e+05    0.00000e+00
      Potential    Kinetic En.   Total Energy  Conserved En.    Temperature
   -6.23776e+05    1.02191e+05   -5.21584e+05   -2.17996e+06    2.97634e+02
 Pressure (bar)   Constr. rmsd
    2.67627e+00    4.16471e-04

           Step           Time
         250000     5000.00000

   Energies (kJ/mol)
           Bond       G96Angle  Improper Dih.        LJ (SR)   Coulomb (SR)
    1.24757e+04    3.46658e+03    5.14312e+02   -6.37715e+05    0.00000e+00
      Potential    Kinetic En.   Total Energy  Conserved En.    Temperature
   -6.21259e+05    1.02486e+05   -5.18773e+05   -2.21360e+06    2.98492e+02
 Pressure (bar)   Constr. rmsd
   -1.43508e+01    4.34708e-04

           Step           Time
         255000     5100.00000

   Energies (kJ/mol)
           Bond       G96Angle  Improper Dih.        LJ (SR)   Coulomb (SR)
    1.22522e+04    3.57768e+03    4.75840e+02   -6.40534e+05    0.00000e+00
      Potential    Kinetic En.   Total Energy  Conserved En.    Temperature
   -6.24228e+05    1.03901e+05   -5.20327e+05   -2.24754e+06    3.02614e+02
 Pressure (bar)   Constr. rmsd
    4.71568e+01    4.30316e-04

           Step           Time
         260000     5200.00000

   Energies (kJ/mol)
           Bond       G96Angle  Improper Dih.        LJ (SR)   Coulomb (SR)
    1.22475e+04    3.51511e+03    5.04535e+02   -6.38539e+05    0.00000e+00
      Potential    Kinetic En.   Total Energy  Conserved En.    Temperature
   -6.22272e+05    1.04418e+05   -5.17854e+05   -2.28148e+06    3.04120e+02
 Pressure (bar)   Constr. rmsd
    2.62854e+01    3.98606e-04

           Step           Time
         265000     5300.00000

   Energies (kJ/mol)
           Bond       G96Angle  Improper Dih.        LJ (SR)   Coulomb (SR)
    1.26638e+04    3.58185e+03    5.69136e+02   -6.40262e+05    0.00000e+00
      Potential    Kinetic En.   Total Energy  Conserved En.    Temperature
   -6.23447e+05    1.03669e+05   -5.19778e+05   -2.31506e+06    3.01937e+02
 Pressure (bar)   Constr. rmsd
    1.43411e+01    4.26766e-04

           Step           Time
         270000     5400.00000

   Energies (kJ/mol)
           Bond       G96Angle  Improper Dih.        LJ (SR)   Coulomb (SR)
    1.24287e+04    3.56792e+03    5.00521e+02   -6.41255e+05    0.00000e+00
      Potential    Kinetic En.   Total Energy  Conserved En.    Temperature
   -6.24758e+05    1.04176e+05   -5.20582e+05   -2.34896e+06    3.03414e+02
 Pressure (bar)   Constr. rmsd
   -9.80953e+00    4.23022e-04

           Step           Time
         275000     5500.00000

   Energies (kJ/mol)
           Bond       G96Angle  Improper Dih.        LJ (SR)   Coulomb (SR)
    1.22246e+04    3.53538e+03    4.99966e+02   -6.40530e+05    0.00000e+00
      Potential    Kinetic En.   Total Energy  Conserved En.    Temperature
   -6.24270e+05    1.03282e+05   -5.20988e+05   -2.38284e+06    3.00811e+02
 Pressure (bar)   Constr. rmsd
    1.59294e+01    4.17237e-04

           Step           Time
         280000     5600.00000

   Energies (kJ/mol)
           Bond       G96Angle  Improper Dih.        LJ (SR)   Coulomb (SR)
    1.25929e+04    3.58540e+03    4.58225e+02   -6.37945e+05    0.00000e+00
      Potential    Kinetic En.   Total Energy  Conserved En.    Temperature
   -6.21309e+05    1.03625e+05   -5.17684e+05   -2.41656e+06    3.01810e+02
 Pressure (bar)   Constr. rmsd
    1.32683e+00    4.12842e-04

           Step           Time
         285000     5700.00000

   Energies (kJ/mol)
           Bond       G96Angle  Improper Dih.        LJ (SR)   Coulomb (SR)
    1.26488e+04    3.57875e+03    4.88184e+02   -6.39011e+05    0.00000e+00
      Potential    Kinetic En.   Total Energy  Conserved En.    Temperature
   -6.22296e+05    1.03641e+05   -5.18655e+05   -2.45015e+06    3.01855e+02
 Pressure (bar)   Constr. rmsd
    1.76534e+01    4.34260e-04

           Step           Time
         290000     5800.00000

   Energies (kJ/mol)
           Bond       G96Angle  Improper Dih.        LJ (SR)   Coulomb (SR)
    1.22923e+04    3.63873e+03    4.79660e+02   -6.37995e+05    0.00000e+00
      Potential    Kinetic En.   Total Energy  Conserved En.    Temperature
   -6.21584e+05    1.03708e+05   -5.17877e+05   -2.48402e+06    3.02051e+02
 Pressure (bar)   Constr. rmsd
    1.22119e+01    4.30435e-04

           Step           Time
         295000     5900.00000

   Energies (kJ/mol)
           Bond       G96Angle  Improper Dih.        LJ (SR)   Coulomb (SR)
    1.25012e+04    3.55401e+03    5.52347e+02   -6.40445e+05    0.00000e+00
      Potential    Kinetic En.   Total Energy  Conserved En.    Temperature
   -6.23837e+05    1.03534e+05   -5.20303e+05   -2.51765e+06    3.01544e+02
 Pressure (bar)   Constr. rmsd
    5.48855e+01    4.28156e-04

           Step           Time
         300000     6000.00000

   Energies (kJ/mol)
           Bond       G96Angle  Improper Dih.        LJ (SR)   Coulomb (SR)
    1.28015e+04    3.62807e+03    5.68159e+02   -6.39888e+05    0.00000e+00
      Potential    Kinetic En.   Total Energy  Conserved En.    Temperature
   -6.22891e+05    1.04153e+05   -5.18737e+05   -2.55095e+06    3.03349e+02
 Pressure (bar)   Constr. rmsd
   -1.57218e+01    4.08552e-04

           Step           Time
         305000     6100.00000

   Energies (kJ/mol)
           Bond       G96Angle  Improper Dih.        LJ (SR)   Coulomb (SR)
    1.27849e+04    3.51130e+03    5.85731e+02   -6.40417e+05    0.00000e+00
      Potential    Kinetic En.   Total Energy  Conserved En.    Temperature
   -6.23535e+05    1.04618e+05   -5.18917e+05   -2.58470e+06    3.04701e+02
 Pressure (bar)   Constr. rmsd
   -1.01045e+01    4.27480e-04

           Step           Time
         310000     6200.00000

   Energies (kJ/mol)
           Bond       G96Angle  Improper Dih.        LJ (SR)   Coulomb (SR)
    1.22709e+04    3.48402e+03    5.51163e+02   -6.39063e+05    0.00000e+00
      Potential    Kinetic En.   Total Energy  Conserved En.    Temperature
   -6.22757e+05    1.04277e+05   -5.18479e+05   -2.61848e+06    3.03710e+02
 Pressure (bar)   Constr. rmsd
   -6.41142e+00    4.02634e-04

           Step           Time
         315000     6300.00000

   Energies (kJ/mol)
           Bond       G96Angle  Improper Dih.        LJ (SR)   Coulomb (SR)
    1.22402e+04    3.59548e+03    4.79039e+02   -6.40676e+05    0.00000e+00
      Potential    Kinetic En.   Total Energy  Conserved En.    Temperature
   -6.24361e+05    1.03659e+05   -5.20703e+05   -2.65261e+06    3.01908e+02
 Pressure (bar)   Constr. rmsd
   -1.11936e+01    4.33379e-04

           Step           Time
         320000     6400.00000

   Energies (kJ/mol)
           Bond       G96Angle  Improper Dih.        LJ (SR)   Coulomb (SR)
    1.21752e+04    3.58749e+03    5.36193e+02   -6.39799e+05    0.00000e+00
      Potential    Kinetic En.   Total Energy  Conserved En.    Temperature
   -6.23500e+05    1.03462e+05   -5.20038e+05   -2.68658e+06    3.01335e+02
 Pressure (bar)   Constr. rmsd
   -4.33561e+00    4.35504e-04

           Step           Time
         325000     6500.00000

   Energies (kJ/mol)
           Bond       G96Angle  Improper Dih.        LJ (SR)   Coulomb (SR)
    1.25032e+04    3.55453e+03    4.96535e+02   -6.40806e+05    0.00000e+00
      Potential    Kinetic En.   Total Energy  Conserved En.    Temperature
   -6.24252e+05    1.03743e+05   -5.20508e+05   -2.72007e+06    3.02154e+02
 Pressure (bar)   Constr. rmsd
    2.04823e+01    4.18443e-04

           Step           Time
         330000     6600.00000

   Energies (kJ/mol)
           Bond       G96Angle  Improper Dih.        LJ (SR)   Coulomb (SR)
    1.25073e+04    3.75222e+03    4.93134e+02   -6.40247e+05    0.00000e+00
      Potential    Kinetic En.   Total Energy  Conserved En.    Temperature
   -6.23494e+05    1.03546e+05   -5.19948e+05   -2.75373e+06    3.01578e+02
 Pressure (bar)   Constr. rmsd
   -2.01636e+01    4.33128e-04

           Step           Time
         335000     6700.00000

   Energies (kJ/mol)
           Bond       G96Angle  Improper Dih.        LJ (SR)   Coulomb (SR)
    1.23042e+04    3.45507e+03    5.21632e+02   -6.40306e+05    0.00000e+00
      Potential    Kinetic En.   Total Energy  Conserved En.    Temperature
   -6.24025e+05    1.03840e+05   -5.20185e+05   -2.78757e+06    3.02436e+02
 Pressure (bar)   Constr. rmsd
   -6.84675e+00    4.28893e-04

           Step           Time
         340000     6800.00000

   Energies (kJ/mol)
           Bond       G96Angle  Improper Dih.        LJ (SR)   Coulomb (SR)
    1.25187e+04    3.58040e+03    4.79755e+02   -6.39455e+05    0.00000e+00
      Potential    Kinetic En.   Total Energy  Conserved En.    Temperature
   -6.22876e+05    1.03961e+05   -5.18915e+05   -2.82144e+06    3.02788e+02
 Pressure (bar)   Constr. rmsd
    3.88474e+01    4.49792e-04

           Step           Time
         345000     6900.00000

   Energies (kJ/mol)
           Bond       G96Angle  Improper Dih.        LJ (SR)   Coulomb (SR)
    1.22854e+04    3.65044e+03    5.66794e+02   -6.38681e+05    0.00000e+00
      Potential    Kinetic En.   Total Energy  Conserved En.    Temperature
   -6.22179e+05    1.03329e+05   -5.18849e+05   -2.85511e+06    3.00949e+02
 Pressure (bar)   Constr. rmsd
   -2.54597e+01    4.19281e-04

           Step           Time
         350000     7000.00000

   Energies (kJ/mol)
           Bond       G96Angle  Improper Dih.        LJ (SR)   Coulomb (SR)
    1.22233e+04    3.50894e+03    5.34289e+02   -6.40985e+05    0.00000e+00
      Potential    Kinetic En.   Total Energy  Conserved En.    Temperature
   -6.24718e+05    1.04126e+05   -5.20592e+05   -2.88878e+06    3.03268e+02
 Pressure (bar)   Constr. rmsd
    2.60325e+01    4.23360e-04

           Step           Time
         355000     7100.00000

   Energies (kJ/mol)
           Bond       G96Angle  Improper Dih.        LJ (SR)   Coulomb (SR)
    1.26781e+04    3.59137e+03    4.71168e+02   -6.40274e+05    0.00000e+00
      Potential    Kinetic En.   Total Energy  Conserved En.    Temperature
   -6.23534e+05    1.04790e+05   -5.18744e+05   -2.92264e+06    3.05201e+02
 Pressure (bar)   Constr. rmsd
    7.83753e+00    4.05806e-04

           Step           Time
         360000     7200.00000

   Energies (kJ/mol)
           Bond       G96Angle  Improper Dih.        LJ (SR)   Coulomb (SR)
    1.23690e+04    3.65641e+03    4.65382e+02   -6.40313e+05    0.00000e+00
      Potential    Kinetic En.   Total Energy  Conserved En.    Temperature
   -6.23823e+05    1.03227e+05   -5.20595e+05   -2.95621e+06    3.00652e+02
 Pressure (bar)   Constr. rmsd
   -1.29464e+01    4.24610e-04

           Step           Time
         365000     7300.00000

   Energies (kJ/mol)
           Bond       G96Angle  Improper Dih.        LJ (SR)   Coulomb (SR)
    1.23829e+04    3.41971e+03    5.25036e+02   -6.40224e+05    0.00000e+00
      Potential    Kinetic En.   Total Energy  Conserved En.    Temperature
   -6.23896e+05    1.03581e+05   -5.20315e+05   -2.99004e+06    3.01681e+02
 Pressure (bar)   Constr. rmsd
   -2.26901e+01    4.20485e-04

           Step           Time
         370000     7400.00000

   Energies (kJ/mol)
           Bond       G96Angle  Improper Dih.        LJ (SR)   Coulomb (SR)
    1.22455e+04    3.59435e+03    5.25893e+02   -6.39461e+05    0.00000e+00
      Potential    Kinetic En.   Total Energy  Conserved En.    Temperature
   -6.23095e+05    1.04051e+05   -5.19045e+05   -3.02382e+06    3.03049e+02
 Pressure (bar)   Constr. rmsd
   -1.99098e+01    4.15021e-04

           Step           Time
         375000     7500.00000

   Energies (kJ/mol)
           Bond       G96Angle  Improper Dih.        LJ (SR)   Coulomb (SR)
    1.23908e+04    3.63638e+03    5.58460e+02   -6.39388e+05    0.00000e+00
      Potential    Kinetic En.   Total Energy  Conserved En.    Temperature
   -6.22802e+05    1.04411e+05   -5.18391e+05   -3.05777e+06    3.04099e+02
 Pressure (bar)   Constr. rmsd
    6.29034e+00    4.33025e-04

           Step           Time
         380000     7600.00000

   Energies (kJ/mol)
           Bond       G96Angle  Improper Dih.        LJ (SR)   Coulomb (SR)
    1.28804e+04    3.53326e+03    5.26063e+02   -6.39931e+05    0.00000e+00
      Potential    Kinetic En.   Total Energy  Conserved En.    Temperature
   -6.22991e+05    1.04923e+05   -5.18068e+05   -3.09147e+06    3.05590e+02
 Pressure (bar)   Constr. rmsd
    2.78768e+01    4.22504e-04

           Step           Time
         385000     7700.00000

   Energies (kJ/mol)
           Bond       G96Angle  Improper Dih.        LJ (SR)   Coulomb (SR)
    1.26391e+04    3.56426e+03    5.05668e+02   -6.39709e+05    0.00000e+00
      Potential    Kinetic En.   Total Energy  Conserved En.    Temperature
   -6.23000e+05    1.04162e+05   -5.18838e+05   -3.12522e+06    3.03374e+02
 Pressure (bar)   Constr. rmsd
    2.10476e+01    4.37008e-04

           Step           Time
         390000     7800.00000

   Energies (kJ/mol)
           Bond       G96Angle  Improper Dih.        LJ (SR)   Coulomb (SR)
    1.28507e+04    3.45403e+03    4.66686e+02   -6.41575e+05    0.00000e+00
      Potential    Kinetic En.   Total Energy  Conserved En.    Temperature
   -6.24803e+05    1.02407e+05   -5.22396e+05   -3.15898e+06    2.98263e+02
 Pressure (bar)   Constr. rmsd
    1.72556e+01    4.40977e-04

           Step           Time
         395000     7900.00000

   Energies (kJ/mol)
           Bond       G96Angle  Improper Dih.        LJ (SR)   Coulomb (SR)
    1.23615e+04    3.49827e+03    4.95094e+02   -6.40740e+05    0.00000e+00
      Potential    Kinetic En.   Total Energy  Conserved En.    Temperature
   -6.24385e+05    1.04004e+05   -5.20381e+05   -3.19268e+06    3.02914e+02
 Pressure (bar)   Constr. rmsd
    4.05651e+01    4.35547e-04

           Step           Time
         400000     8000.00000

   Energies (kJ/mol)
           Bond       G96Angle  Improper Dih.        LJ (SR)   Coulomb (SR)
    1.25714e+04    3.50154e+03    5.56253e+02   -6.40405e+05    0.00000e+00
      Potential    Kinetic En.   Total Energy  Conserved En.    Temperature
   -6.23776e+05    1.03758e+05   -5.20018e+05   -3.22663e+06    3.02196e+02
 Pressure (bar)   Constr. rmsd
    1.90124e+01    4.39156e-04

           Step           Time
         405000     8100.00000

   Energies (kJ/mol)
           Bond       G96Angle  Improper Dih.        LJ (SR)   Coulomb (SR)
    1.26015e+04    3.53428e+03    5.36181e+02   -6.39951e+05    0.00000e+00
      Potential    Kinetic En.   Total Energy  Conserved En.    Temperature
   -6.23279e+05    1.03608e+05   -5.19671e+05   -3.26012e+06    3.01760e+02
 Pressure (bar)   Constr. rmsd
   -5.69459e+00    4.40871e-04

           Step           Time
         410000     8200.00000

   Energies (kJ/mol)
           Bond       G96Angle  Improper Dih.        LJ (SR)   Coulomb (SR)
    1.27032e+04    3.62269e+03    4.61217e+02   -6.41562e+05    0.00000e+00
      Potential    Kinetic En.   Total Energy  Conserved En.    Temperature
   -6.24775e+05    1.03657e+05   -5.21118e+05   -3.29401e+06    3.01903e+02
 Pressure (bar)   Constr. rmsd
    9.80845e-01    4.36243e-04

           Step           Time
         415000     8300.00000

   Energies (kJ/mol)
           Bond       G96Angle  Improper Dih.        LJ (SR)   Coulomb (SR)
    1.24836e+04    3.48139e+03    5.37045e+02   -6.40877e+05    0.00000e+00
      Potential    Kinetic En.   Total Energy  Conserved En.    Temperature
   -6.24375e+05    1.04011e+05   -5.20364e+05   -3.32780e+06    3.02933e+02
 Pressure (bar)   Constr. rmsd
    8.92369e+00    4.40275e-04

           Step           Time
         420000     8400.00000

   Energies (kJ/mol)
           Bond       G96Angle  Improper Dih.        LJ (SR)   Coulomb (SR)
    1.24875e+04    3.63364e+03    5.21816e+02   -6.40478e+05    0.00000e+00
      Potential    Kinetic En.   Total Energy  Conserved En.    Temperature
   -6.23835e+05    1.04282e+05   -5.19552e+05   -3.36143e+06    3.03724e+02
 Pressure (bar)   Constr. rmsd
    1.44260e+01    4.14746e-04

           Step           Time
         425000     8500.00000

   Energies (kJ/mol)
           Bond       G96Angle  Improper Dih.        LJ (SR)   Coulomb (SR)
    1.24240e+04    3.38127e+03    4.99462e+02   -6.41842e+05    0.00000e+00
      Potential    Kinetic En.   Total Energy  Conserved En.    Temperature
   -6.25537e+05    1.03404e+05   -5.22133e+05   -3.39538e+06    3.01167e+02
 Pressure (bar)   Constr. rmsd
    1.00583e+01    4.12121e-04

           Step           Time
         430000     8600.00000

   Energies (kJ/mol)
           Bond       G96Angle  Improper Dih.        LJ (SR)   Coulomb (SR)
    1.26302e+04    3.50967e+03    5.32056e+02   -6.39587e+05    0.00000e+00
      Potential    Kinetic En.   Total Energy  Conserved En.    Temperature
   -6.22915e+05    1.04269e+05   -5.18646e+05   -3.42902e+06    3.03685e+02
 Pressure (bar)   Constr. rmsd
   -6.72631e+00    4.10052e-04

           Step           Time
         435000     8700.00000

   Energies (kJ/mol)
           Bond       G96Angle  Improper Dih.        LJ (SR)   Coulomb (SR)
    1.24561e+04    3.63620e+03    5.27419e+02   -6.40715e+05    0.00000e+00
      Potential    Kinetic En.   Total Energy  Conserved En.    Temperature
   -6.24095e+05    1.03565e+05   -5.20531e+05   -3.46306e+06    3.01634e+02
 Pressure (bar)   Constr. rmsd
    8.53599e+00    4.23629e-04

           Step           Time
         440000     8800.00000

   Energies (kJ/mol)
           Bond       G96Angle  Improper Dih.        LJ (SR)   Coulomb (SR)
    1.23467e+04    3.67534e+03    4.72075e+02   -6.39202e+05    0.00000e+00
      Potential    Kinetic En.   Total Energy  Conserved En.    Temperature
   -6.22708e+05    1.04529e+05   -5.18178e+05   -3.49697e+06    3.04443e+02
 Pressure (bar)   Constr. rmsd
    6.40450e+00    4.28070e-04

           Step           Time
         445000     8900.00000

   Energies (kJ/mol)
           Bond       G96Angle  Improper Dih.        LJ (SR)   Coulomb (SR)
    1.21803e+04    3.65500e+03    5.34822e+02   -6.39943e+05    0.00000e+00
      Potential    Kinetic En.   Total Energy  Conserved En.    Temperature
   -6.23573e+05    1.03700e+05   -5.19873e+05   -3.53085e+06    3.02028e+02
 Pressure (bar)   Constr. rmsd
    1.99116e+01    4.32651e-04

           Step           Time
         450000     9000.00000

   Energies (kJ/mol)
           Bond       G96Angle  Improper Dih.        LJ (SR)   Coulomb (SR)
    1.25438e+04    3.56436e+03    5.07929e+02   -6.41723e+05    0.00000e+00
      Potential    Kinetic En.   Total Energy  Conserved En.    Temperature
   -6.25107e+05    1.04540e+05   -5.20567e+05   -3.56436e+06    3.04475e+02
 Pressure (bar)   Constr. rmsd
    7.07133e+01    4.37018e-04

           Step           Time
         455000     9100.00000

   Energies (kJ/mol)
           Bond       G96Angle  Improper Dih.        LJ (SR)   Coulomb (SR)
    1.23591e+04    3.52303e+03    4.98923e+02   -6.40099e+05    0.00000e+00
      Potential    Kinetic En.   Total Energy  Conserved En.    Temperature
   -6.23718e+05    1.03338e+05   -5.20380e+05   -3.59832e+06    3.00974e+02
 Pressure (bar)   Constr. rmsd
   -2.69644e+01    4.10064e-04

           Step           Time
         460000     9200.00000

   Energies (kJ/mol)
           Bond       G96Angle  Improper Dih.        LJ (SR)   Coulomb (SR)
    1.27840e+04    3.58978e+03    5.01317e+02   -6.40488e+05    0.00000e+00
      Potential    Kinetic En.   Total Energy  Conserved En.    Temperature
   -6.23612e+05    1.03773e+05   -5.19839e+05   -3.63217e+06    3.02242e+02
 Pressure (bar)   Constr. rmsd
    3.76372e+01    4.47291e-04

           Step           Time
         465000     9300.00000

   Energies (kJ/mol)
           Bond       G96Angle  Improper Dih.        LJ (SR)   Coulomb (SR)
    1.22792e+04    3.41139e+03    5.23311e+02   -6.40833e+05    0.00000e+00
      Potential    Kinetic En.   Total Energy  Conserved En.    Temperature
   -6.24619e+05    1.03812e+05   -5.20807e+05   -3.66606e+06    3.02354e+02
 Pressure (bar)   Constr. rmsd
   -1.43171e+01    4.09839e-04

           Step           Time
         470000     9400.00000

   Energies (kJ/mol)
           Bond       G96Angle  Improper Dih.        LJ (SR)   Coulomb (SR)
    1.19785e+04    3.45870e+03    5.15893e+02   -6.39572e+05    0.00000e+00
      Potential    Kinetic En.   Total Energy  Conserved En.    Temperature
   -6.23619e+05    1.04016e+05   -5.19603e+05   -3.70006e+06    3.02949e+02
 Pressure (bar)   Constr. rmsd
   -4.01591e+01    4.14807e-04

           Step           Time
         475000     9500.00000

   Energies (kJ/mol)
           Bond       G96Angle  Improper Dih.        LJ (SR)   Coulomb (SR)
    1.28056e+04    3.56560e+03    5.33052e+02   -6.40253e+05    0.00000e+00
      Potential    Kinetic En.   Total Energy  Conserved En.    Temperature
   -6.23349e+05    1.04393e+05   -5.18956e+05   -3.73395e+06    3.04047e+02
 Pressure (bar)   Constr. rmsd
   -9.37064e+00    4.23495e-04

           Step           Time
         480000     9600.00000

   Energies (kJ/mol)
           Bond       G96Angle  Improper Dih.        LJ (SR)   Coulomb (SR)
    1.28681e+04    3.39220e+03    5.29757e+02   -6.40956e+05    0.00000e+00
      Potential    Kinetic En.   Total Energy  Conserved En.    Temperature
   -6.24166e+05    1.03129e+05   -5.21037e+05   -3.76794e+06    3.00365e+02
 Pressure (bar)   Constr. rmsd
    3.62104e+01    4.41712e-04

           Step           Time
         485000     9700.00000

   Energies (kJ/mol)
           Bond       G96Angle  Improper Dih.        LJ (SR)   Coulomb (SR)
    1.26434e+04    3.49412e+03    5.21869e+02   -6.38444e+05    0.00000e+00
      Potential    Kinetic En.   Total Energy  Conserved En.    Temperature
   -6.21785e+05    1.04229e+05   -5.17556e+05   -3.80173e+06    3.03569e+02
 Pressure (bar)   Constr. rmsd
   -1.77069e+00    4.43694e-04

           Step           Time
         490000     9800.00000

   Energies (kJ/mol)
           Bond       G96Angle  Improper Dih.        LJ (SR)   Coulomb (SR)
    1.25451e+04    3.54393e+03    5.44585e+02   -6.40554e+05    0.00000e+00
      Potential    Kinetic En.   Total Energy  Conserved En.    Temperature
   -6.23921e+05    1.03862e+05   -5.20059e+05   -3.83558e+06    3.02499e+02
 Pressure (bar)   Constr. rmsd
   -2.51504e+00    4.37058e-04

           Step           Time
         495000     9900.00000

   Energies (kJ/mol)
           Bond       G96Angle  Improper Dih.        LJ (SR)   Coulomb (SR)
    1.26938e+04    3.55282e+03    5.28522e+02   -6.40602e+05    0.00000e+00
      Potential    Kinetic En.   Total Energy  Conserved En.    Temperature
   -6.23827e+05    1.03526e+05   -5.20300e+05   -3.86947e+06    3.01522e+02
 Pressure (bar)   Constr. rmsd
    2.08989e+01    4.22792e-04

           Step           Time
         500000    10000.00000

   Energies (kJ/mol)
           Bond       G96Angle  Improper Dih.        LJ (SR)   Coulomb (SR)
    1.23899e+04    3.47925e+03    5.31352e+02   -6.39991e+05    0.00000e+00
      Potential    Kinetic En.   Total Energy  Conserved En.    Temperature
   -6.23590e+05    1.02990e+05   -5.20600e+05   -3.90328e+06    2.99961e+02
 Pressure (bar)   Constr. rmsd
    3.88423e+01    4.31102e-04

Writing checkpoint, step 504300 at Fri Sep 11 16:33:41 2026


           Step           Time
         505000    10100.00000

   Energies (kJ/mol)
           Bond       G96Angle  Improper Dih.        LJ (SR)   Coulomb (SR)
    1.23019e+04    3.48223e+03    4.90977e+02   -6.40259e+05    0.00000e+00
      Potential    Kinetic En.   Total Energy  Conserved En.    Temperature
   -6.23984e+05    1.04651e+05   -5.19333e+05   -3.93731e+06    3.04797e+02
 Pressure (bar)   Constr. rmsd
    3.87762e+01    4.57670e-04

           Step           Time
         510000    10200.00000

   Energies (kJ/mol)
           Bond       G96Angle  Improper Dih.        LJ (SR)   Coulomb (SR)
    1.23871e+04    3.49341e+03    5.23733e+02   -6.40590e+05    0.00000e+00
      Potential    Kinetic En.   Total Energy  Conserved En.    Temperature
   -6.24185e+05    1.02999e+05   -5.21186e+05   -3.97098e+06    2.99987e+02
 Pressure (bar)   Constr. rmsd
    4.96462e+00    4.41567e-04

           Step           Time
         515000    10300.00000

   Energies (kJ/mol)
           Bond       G96Angle  Improper Dih.        LJ (SR)   Coulomb (SR)
    1.25561e+04    3.48954e+03    5.17346e+02   -6.39906e+05    0.00000e+00
      Potential    Kinetic En.   Total Energy  Conserved En.    Temperature
   -6.23343e+05    1.04966e+05   -5.18377e+05   -4.00506e+06    3.05714e+02
 Pressure (bar)   Constr. rmsd
    4.81918e+00    4.29014e-04

           Step           Time
         520000    10400.00000

   Energies (kJ/mol)
           Bond       G96Angle  Improper Dih.        LJ (SR)   Coulomb (SR)
    1.26868e+04    3.48470e+03    5.21265e+02   -6.40064e+05    0.00000e+00
      Potential    Kinetic En.   Total Energy  Conserved En.    Temperature
   -6.23371e+05    1.03193e+05   -5.20178e+05   -4.03876e+06    3.00552e+02
 Pressure (bar)   Constr. rmsd
   -3.15953e+00    4.42296e-04

           Step           Time
         525000    10500.00000

   Energies (kJ/mol)
           Bond       G96Angle  Improper Dih.        LJ (SR)   Coulomb (SR)
    1.25430e+04    3.78138e+03    5.16114e+02   -6.40350e+05    0.00000e+00
      Potential    Kinetic En.   Total Energy  Conserved En.    Temperature
   -6.23510e+05    1.02874e+05   -5.20636e+05   -4.07274e+06    2.99622e+02
 Pressure (bar)   Constr. rmsd
   -1.81876e+01    4.26738e-04

           Step           Time
         530000    10600.00000

   Energies (kJ/mol)
           Bond       G96Angle  Improper Dih.        LJ (SR)   Coulomb (SR)
    1.25400e+04    3.52683e+03    4.95815e+02   -6.41582e+05    0.00000e+00
      Potential    Kinetic En.   Total Energy  Conserved En.    Temperature
   -6.25020e+05    1.03790e+05   -5.21230e+05   -4.10657e+06    3.02290e+02
 Pressure (bar)   Constr. rmsd
   -2.77369e+00    4.16225e-04

           Step           Time
         535000    10700.00000

   Energies (kJ/mol)
           Bond       G96Angle  Improper Dih.        LJ (SR)   Coulomb (SR)
    1.26211e+04    3.63350e+03    5.01966e+02   -6.40935e+05    0.00000e+00
      Potential    Kinetic En.   Total Energy  Conserved En.    Temperature
   -6.24178e+05    1.03398e+05   -5.20781e+05   -4.14020e+06    3.01148e+02
 Pressure (bar)   Constr. rmsd
    7.83401e-01    4.16162e-04

           Step           Time
         540000    10800.00000

   Energies (kJ/mol)
           Bond       G96Angle  Improper Dih.        LJ (SR)   Coulomb (SR)
    1.25349e+04    3.59848e+03    5.35019e+02   -6.40615e+05    0.00000e+00
      Potential    Kinetic En.   Total Energy  Conserved En.    Temperature
   -6.23946e+05    1.03331e+05   -5.20616e+05   -4.17404e+06    3.00952e+02
 Pressure (bar)   Constr. rmsd
   -2.88685e+00    4.35357e-04

           Step           Time
         545000    10900.00000

   Energies (kJ/mol)
           Bond       G96Angle  Improper Dih.        LJ (SR)   Coulomb (SR)
    1.25782e+04    3.61270e+03    4.93190e+02   -6.41426e+05    0.00000e+00
      Potential    Kinetic En.   Total Energy  Conserved En.    Temperature
   -6.24742e+05    1.03667e+05   -5.21076e+05   -4.20805e+06    3.01931e+02
 Pressure (bar)   Constr. rmsd
    3.13615e+01    4.27804e-04

           Step           Time
         550000    11000.00000

   Energies (kJ/mol)
           Bond       G96Angle  Improper Dih.        LJ (SR)   Coulomb (SR)
    1.24880e+04    3.64773e+03    4.71684e+02   -6.39949e+05    0.00000e+00
      Potential    Kinetic En.   Total Energy  Conserved En.    Temperature
   -6.23342e+05    1.03432e+05   -5.19910e+05   -4.24207e+06    3.01248e+02
 Pressure (bar)   Constr. rmsd
   -3.80691e+01    4.00331e-04

           Step           Time
         555000    11100.00000

   Energies (kJ/mol)
           Bond       G96Angle  Improper Dih.        LJ (SR)   Coulomb (SR)
    1.22335e+04    3.44304e+03    5.04401e+02   -6.42520e+05    0.00000e+00
      Potential    Kinetic En.   Total Energy  Conserved En.    Temperature
   -6.26339e+05    1.03605e+05   -5.22734e+05   -4.27583e+06    3.01751e+02
 Pressure (bar)   Constr. rmsd
   -3.76142e+01    4.02061e-04

           Step           Time
         560000    11200.00000

   Energies (kJ/mol)
           Bond       G96Angle  Improper Dih.        LJ (SR)   Coulomb (SR)
    1.25917e+04    3.48350e+03    4.52331e+02   -6.42197e+05    0.00000e+00
      Potential    Kinetic En.   Total Energy  Conserved En.    Temperature
   -6.25669e+05    1.03855e+05   -5.21815e+05   -4.30967e+06    3.02478e+02
 Pressure (bar)   Constr. rmsd
    5.80890e+00    4.48267e-04

           Step           Time
         565000    11300.00000

   Energies (kJ/mol)
           Bond       G96Angle  Improper Dih.        LJ (SR)   Coulomb (SR)
    1.24004e+04    3.40080e+03    4.85313e+02   -6.39660e+05    0.00000e+00
      Potential    Kinetic En.   Total Energy  Conserved En.    Temperature
   -6.23373e+05    1.03607e+05   -5.19766e+05   -4.34338e+06    3.01758e+02
 Pressure (bar)   Constr. rmsd
   -2.20875e+01    4.29607e-04

           Step           Time
         570000    11400.00000

   Energies (kJ/mol)
           Bond       G96Angle  Improper Dih.        LJ (SR)   Coulomb (SR)
    1.21893e+04    3.37289e+03    4.95697e+02   -6.39195e+05    0.00000e+00
      Potential    Kinetic En.   Total Energy  Conserved En.    Temperature
   -6.23137e+05    1.03211e+05   -5.19926e+05   -4.37768e+06    3.00604e+02
 Pressure (bar)   Constr. rmsd
   -1.46244e+01    4.34290e-04

           Step           Time
         575000    11500.00000

   Energies (kJ/mol)
           Bond       G96Angle  Improper Dih.        LJ (SR)   Coulomb (SR)
    1.27114e+04    3.43093e+03    4.93919e+02   -6.40624e+05    0.00000e+00
      Potential    Kinetic En.   Total Energy  Conserved En.    Temperature
   -6.23988e+05    1.04302e+05   -5.19685e+05   -4.41168e+06    3.03783e+02
 Pressure (bar)   Constr. rmsd
   -4.80114e+00    4.24574e-04

           Step           Time
         580000    11600.00000

   Energies (kJ/mol)
           Bond       G96Angle  Improper Dih.        LJ (SR)   Coulomb (SR)
    1.28527e+04    3.43687e+03    5.01526e+02   -6.41539e+05    0.00000e+00
      Potential    Kinetic En.   Total Energy  Conserved En.    Temperature
   -6.24748e+05    1.03093e+05   -5.21655e+05   -4.44581e+06    3.00260e+02
 Pressure (bar)   Constr. rmsd
    3.24838e+01    4.40913e-04

           Step           Time
         585000    11700.00000

   Energies (kJ/mol)
           Bond       G96Angle  Improper Dih.        LJ (SR)   Coulomb (SR)
    1.24917e+04    3.52406e+03    5.34337e+02   -6.41636e+05    0.00000e+00
      Potential    Kinetic En.   Total Energy  Conserved En.    Temperature
   -6.25086e+05    1.03954e+05   -5.21132e+05   -4.47969e+06    3.02768e+02
 Pressure (bar)   Constr. rmsd
    5.01887e+01    4.07349e-04

           Step           Time
         590000    11800.00000

   Energies (kJ/mol)
           Bond       G96Angle  Improper Dih.        LJ (SR)   Coulomb (SR)
    1.23611e+04    3.59688e+03    5.44255e+02   -6.39292e+05    0.00000e+00
      Potential    Kinetic En.   Total Energy  Conserved En.    Temperature
   -6.22790e+05    1.03064e+05   -5.19726e+05   -4.51355e+06    3.00176e+02
 Pressure (bar)   Constr. rmsd
    8.66458e-02    4.25730e-04

           Step           Time
         595000    11900.00000

   Energies (kJ/mol)
           Bond       G96Angle  Improper Dih.        LJ (SR)   Coulomb (SR)
    1.25163e+04    3.37804e+03    5.01624e+02   -6.39326e+05    0.00000e+00
      Potential    Kinetic En.   Total Energy  Conserved En.    Temperature
   -6.22930e+05    1.02607e+05   -5.20323e+05   -4.54695e+06    2.98844e+02
 Pressure (bar)   Constr. rmsd
   -7.54568e+00    4.17539e-04

           Step           Time
         600000    12000.00000

   Energies (kJ/mol)
           Bond       G96Angle  Improper Dih.        LJ (SR)   Coulomb (SR)
    1.24874e+04    3.51858e+03    5.17503e+02   -6.40261e+05    0.00000e+00
      Potential    Kinetic En.   Total Energy  Conserved En.    Temperature
   -6.23738e+05    1.03805e+05   -5.19933e+05   -4.58090e+06    3.02333e+02
 Pressure (bar)   Constr. rmsd
    2.49284e+00    4.51041e-04

           Step           Time
         605000    12100.00000

   Energies (kJ/mol)
           Bond       G96Angle  Improper Dih.        LJ (SR)   Coulomb (SR)
    1.23096e+04    3.45078e+03    4.78107e+02   -6.41036e+05    0.00000e+00
      Potential    Kinetic En.   Total Energy  Conserved En.    Temperature
   -6.24798e+05    1.03135e+05   -5.21663e+05   -4.61472e+06    3.00384e+02
 Pressure (bar)   Constr. rmsd
    3.05876e+01    4.23284e-04

           Step           Time
         610000    12200.00000

   Energies (kJ/mol)
           Bond       G96Angle  Improper Dih.        LJ (SR)   Coulomb (SR)
    1.27386e+04    3.59888e+03    4.85408e+02   -6.39151e+05    0.00000e+00
      Potential    Kinetic En.   Total Energy  Conserved En.    Temperature
   -6.22329e+05    1.04865e+05   -5.17463e+05   -4.64853e+06    3.05422e+02
 Pressure (bar)   Constr. rmsd
    8.18213e+00    4.29925e-04

           Step           Time
         615000    12300.00000

   Energies (kJ/mol)
           Bond       G96Angle  Improper Dih.        LJ (SR)   Coulomb (SR)
    1.27840e+04    3.36107e+03    4.41427e+02   -6.40488e+05    0.00000e+00
      Potential    Kinetic En.   Total Energy  Conserved En.    Temperature
   -6.23901e+05    1.04519e+05   -5.19383e+05   -4.68270e+06    3.04412e+02
 Pressure (bar)   Constr. rmsd
    6.59702e+01    4.50366e-04

           Step           Time
         620000    12400.00000

   Energies (kJ/mol)
           Bond       G96Angle  Improper Dih.        LJ (SR)   Coulomb (SR)
    1.24584e+04    3.49603e+03    4.74720e+02   -6.38805e+05    0.00000e+00
      Potential    Kinetic En.   Total Energy  Conserved En.    Temperature
   -6.22376e+05    1.03412e+05   -5.18964e+05   -4.71641e+06    3.01190e+02
 Pressure (bar)   Constr. rmsd
   -5.35800e+01    3.96285e-04

           Step           Time
         625000    12500.00000

   Energies (kJ/mol)
           Bond       G96Angle  Improper Dih.        LJ (SR)   Coulomb (SR)
    1.28369e+04    3.57009e+03    4.44085e+02   -6.39537e+05    0.00000e+00
      Potential    Kinetic En.   Total Energy  Conserved En.    Temperature
   -6.22686e+05    1.03692e+05   -5.18993e+05   -4.75017e+06    3.02005e+02
 Pressure (bar)   Constr. rmsd
    4.92269e+00    4.35203e-04

           Step           Time
         630000    12600.00000

   Energies (kJ/mol)
           Bond       G96Angle  Improper Dih.        LJ (SR)   Coulomb (SR)
    1.23771e+04    3.41282e+03    5.20038e+02   -6.40352e+05    0.00000e+00
      Potential    Kinetic En.   Total Energy  Conserved En.    Temperature
   -6.24042e+05    1.02891e+05   -5.21151e+05   -4.78398e+06    2.99672e+02
 Pressure (bar)   Constr. rmsd
   -3.46624e+01    4.14599e-04

           Step           Time
         635000    12700.00000

   Energies (kJ/mol)
           Bond       G96Angle  Improper Dih.        LJ (SR)   Coulomb (SR)
    1.25975e+04    3.44578e+03    5.15860e+02   -6.39771e+05    0.00000e+00
      Potential    Kinetic En.   Total Energy  Conserved En.    Temperature
   -6.23212e+05    1.03473e+05   -5.19739e+05   -4.81789e+06    3.01367e+02
 Pressure (bar)   Constr. rmsd
   -3.12236e+01    4.33597e-04

           Step           Time
         640000    12800.00000

   Energies (kJ/mol)
           Bond       G96Angle  Improper Dih.        LJ (SR)   Coulomb (SR)
    1.25298e+04    3.48001e+03    4.79633e+02   -6.37629e+05    0.00000e+00
      Potential    Kinetic En.   Total Energy  Conserved En.    Temperature
   -6.21140e+05    1.03053e+05   -5.18087e+05   -4.85171e+06    3.00142e+02
 Pressure (bar)   Constr. rmsd
   -1.80877e+01    4.12617e-04

           Step           Time
         645000    12900.00000

   Energies (kJ/mol)
           Bond       G96Angle  Improper Dih.        LJ (SR)   Coulomb (SR)
    1.24078e+04    3.43563e+03    5.11850e+02   -6.41981e+05    0.00000e+00
      Potential    Kinetic En.   Total Energy  Conserved En.    Temperature
   -6.25626e+05    1.04051e+05   -5.21574e+05   -4.88557e+06    3.03051e+02
 Pressure (bar)   Constr. rmsd
    5.69462e+01    4.40793e-04

           Step           Time
         650000    13000.00000

   Energies (kJ/mol)
           Bond       G96Angle  Improper Dih.        LJ (SR)   Coulomb (SR)
    1.24332e+04    3.55662e+03    5.23136e+02   -6.41364e+05    0.00000e+00
      Potential    Kinetic En.   Total Energy  Conserved En.    Temperature
   -6.24850e+05    1.03507e+05   -5.21343e+05   -4.91951e+06    3.01466e+02
 Pressure (bar)   Constr. rmsd
   -3.36475e+01    4.20929e-04

           Step           Time
         655000    13100.00000

   Energies (kJ/mol)
           Bond       G96Angle  Improper Dih.        LJ (SR)   Coulomb (SR)
    1.22028e+04    3.58399e+03    4.72223e+02   -6.39864e+05    0.00000e+00
      Potential    Kinetic En.   Total Energy  Conserved En.    Temperature
   -6.23605e+05    1.03808e+05   -5.19797e+05   -4.95344e+06    3.02342e+02
 Pressure (bar)   Constr. rmsd
   -2.72087e+01    4.41211e-04

           Step           Time
         660000    13200.00000

   Energies (kJ/mol)
           Bond       G96Angle  Improper Dih.        LJ (SR)   Coulomb (SR)
    1.26706e+04    3.49741e+03    4.52037e+02   -6.40484e+05    0.00000e+00
      Potential    Kinetic En.   Total Energy  Conserved En.    Temperature
   -6.23864e+05    1.05087e+05   -5.18778e+05   -4.98741e+06    3.06067e+02
 Pressure (bar)   Constr. rmsd
    1.84738e+01    4.33626e-04

           Step           Time
         665000    13300.00000

   Energies (kJ/mol)
           Bond       G96Angle  Improper Dih.        LJ (SR)   Coulomb (SR)
    1.22870e+04    3.53635e+03    5.32579e+02   -6.39758e+05    0.00000e+00
      Potential    Kinetic En.   Total Energy  Conserved En.    Temperature
   -6.23402e+05    1.04197e+05   -5.19205e+05   -5.02153e+06    3.03475e+02
 Pressure (bar)   Constr. rmsd
    3.77283e+00    4.19181e-04

           Step           Time
         670000    13400.00000

   Energies (kJ/mol)
           Bond       G96Angle  Improper Dih.        LJ (SR)   Coulomb (SR)
    1.27234e+04    3.47084e+03    4.38118e+02   -6.40509e+05    0.00000e+00
      Potential    Kinetic En.   Total Energy  Conserved En.    Temperature
   -6.23877e+05    1.03174e+05   -5.20702e+05   -5.05502e+06    3.00497e+02
 Pressure (bar)   Constr. rmsd
   -2.54596e+01    4.32461e-04

           Step           Time
         675000    13500.00000

   Energies (kJ/mol)
           Bond       G96Angle  Improper Dih.        LJ (SR)   Coulomb (SR)
    1.22013e+04    3.43948e+03    4.69059e+02   -6.40750e+05    0.00000e+00
      Potential    Kinetic En.   Total Energy  Conserved En.    Temperature
   -6.24640e+05    1.03955e+05   -5.20685e+05   -5.08888e+06    3.02772e+02
 Pressure (bar)   Constr. rmsd
    3.75283e+01    4.19892e-04

           Step           Time
         680000    13600.00000

   Energies (kJ/mol)
           Bond       G96Angle  Improper Dih.        LJ (SR)   Coulomb (SR)
    1.28519e+04    3.54477e+03    4.94335e+02   -6.39754e+05    0.00000e+00
      Potential    Kinetic En.   Total Energy  Conserved En.    Temperature
   -6.22863e+05    1.03278e+05   -5.19585e+05   -5.12267e+06    3.00800e+02
 Pressure (bar)   Constr. rmsd
    5.16528e-01    3.98136e-04

           Step           Time
         685000    13700.00000

   Energies (kJ/mol)
           Bond       G96Angle  Improper Dih.        LJ (SR)   Coulomb (SR)
    1.27181e+04    3.57249e+03    5.42639e+02   -6.40690e+05    0.00000e+00
      Potential    Kinetic En.   Total Energy  Conserved En.    Temperature
   -6.23857e+05    1.03863e+05   -5.19993e+05   -5.15632e+06    3.02504e+02
 Pressure (bar)   Constr. rmsd
   -3.39409e+01    3.98764e-04

           Step           Time
         690000    13800.00000

   Energies (kJ/mol)
           Bond       G96Angle  Improper Dih.        LJ (SR)   Coulomb (SR)
    1.24688e+04    3.44573e+03    5.40935e+02   -6.40323e+05    0.00000e+00
      Potential    Kinetic En.   Total Energy  Conserved En.    Temperature
   -6.23867e+05    1.04056e+05   -5.19811e+05   -5.19032e+06    3.03066e+02
 Pressure (bar)   Constr. rmsd
    9.13063e+00    4.50929e-04

           Step           Time
         695000    13900.00000

   Energies (kJ/mol)
           Bond       G96Angle  Improper Dih.        LJ (SR)   Coulomb (SR)
    1.25633e+04    3.61657e+03    5.22961e+02   -6.41559e+05    0.00000e+00
      Potential    Kinetic En.   Total Energy  Conserved En.    Temperature
   -6.24856e+05    1.02922e+05   -5.21934e+05   -5.22411e+06    2.99761e+02
 Pressure (bar)   Constr. rmsd
   -3.48545e+01    4.24752e-04

           Step           Time
         700000    14000.00000

   Energies (kJ/mol)
           Bond       G96Angle  Improper Dih.        LJ (SR)   Coulomb (SR)
    1.22063e+04    3.46496e+03    5.14127e+02   -6.38048e+05    0.00000e+00
      Potential    Kinetic En.   Total Energy  Conserved En.    Temperature
   -6.21863e+05    1.04291e+05   -5.17572e+05   -5.25798e+06    3.03750e+02
 Pressure (bar)   Constr. rmsd
   -1.90698e+01    4.22323e-04

           Step           Time
         705000    14100.00000

   Energies (kJ/mol)
           Bond       G96Angle  Improper Dih.        LJ (SR)   Coulomb (SR)
    1.24950e+04    3.64448e+03    4.92038e+02   -6.40165e+05    0.00000e+00
      Potential    Kinetic En.   Total Energy  Conserved En.    Temperature
   -6.23534e+05    1.03847e+05   -5.19687e+05   -5.29180e+06    3.02455e+02
 Pressure (bar)   Constr. rmsd
    1.47270e+01    4.12433e-04

           Step           Time
         710000    14200.00000

   Energies (kJ/mol)
           Bond       G96Angle  Improper Dih.        LJ (SR)   Coulomb (SR)
    1.21048e+04    3.61555e+03    5.48265e+02   -6.38399e+05    0.00000e+00
      Potential    Kinetic En.   Total Energy  Conserved En.    Temperature
   -6.22130e+05    1.04564e+05   -5.17567e+05   -5.32566e+06    3.04543e+02
 Pressure (bar)   Constr. rmsd
   -7.36828e+00    4.12203e-04

           Step           Time
         715000    14300.00000

   Energies (kJ/mol)
           Bond       G96Angle  Improper Dih.        LJ (SR)   Coulomb (SR)
    1.25857e+04    3.56278e+03    5.23545e+02   -6.41268e+05    0.00000e+00
      Potential    Kinetic En.   Total Energy  Conserved En.    Temperature
   -6.24596e+05    1.03623e+05   -5.20974e+05   -5.35966e+06    3.01803e+02
 Pressure (bar)   Constr. rmsd
   -7.85895e-01    4.18764e-04

           Step           Time
         720000    14400.00000

   Energies (kJ/mol)
           Bond       G96Angle  Improper Dih.        LJ (SR)   Coulomb (SR)
    1.28667e+04    3.57109e+03    5.32281e+02   -6.40217e+05    0.00000e+00
      Potential    Kinetic En.   Total Energy  Conserved En.    Temperature
   -6.23247e+05    1.04224e+05   -5.19022e+05   -5.39355e+06    3.03555e+02
 Pressure (bar)   Constr. rmsd
    2.83290e+01    4.31497e-04

           Step           Time
         725000    14500.00000

   Energies (kJ/mol)
           Bond       G96Angle  Improper Dih.        LJ (SR)   Coulomb (SR)
    1.24952e+04    3.33803e+03    4.77642e+02   -6.40072e+05    0.00000e+00
      Potential    Kinetic En.   Total Energy  Conserved En.    Temperature
   -6.23761e+05    1.03757e+05   -5.20004e+05   -5.42760e+06    3.02194e+02
 Pressure (bar)   Constr. rmsd
   -1.55645e+01    4.12221e-04

           Step           Time
         730000    14600.00000

   Energies (kJ/mol)
           Bond       G96Angle  Improper Dih.        LJ (SR)   Coulomb (SR)
    1.27092e+04    3.49733e+03    4.88812e+02   -6.40483e+05    0.00000e+00
      Potential    Kinetic En.   Total Energy  Conserved En.    Temperature
   -6.23788e+05    1.04028e+05   -5.19760e+05   -5.46164e+06    3.02982e+02
 Pressure (bar)   Constr. rmsd
    4.76669e+01    4.29221e-04

           Step           Time
         735000    14700.00000

   Energies (kJ/mol)
           Bond       G96Angle  Improper Dih.        LJ (SR)   Coulomb (SR)
    1.26295e+04    3.50128e+03    5.31531e+02   -6.40485e+05    0.00000e+00
      Potential    Kinetic En.   Total Energy  Conserved En.    Temperature
   -6.23823e+05    1.04490e+05   -5.19333e+05   -5.49534e+06    3.04329e+02
 Pressure (bar)   Constr. rmsd
    4.46137e+01    4.31873e-04

           Step           Time
         740000    14800.00000

   Energies (kJ/mol)
           Bond       G96Angle  Improper Dih.        LJ (SR)   Coulomb (SR)
    1.26169e+04    3.51500e+03    5.17383e+02   -6.38625e+05    0.00000e+00
      Potential    Kinetic En.   Total Energy  Conserved En.    Temperature
   -6.21975e+05    1.04404e+05   -5.17572e+05   -5.52920e+06    3.04077e+02
 Pressure (bar)   Constr. rmsd
   -1.16410e+01    4.31842e-04

           Step           Time
         745000    14900.00000

   Energies (kJ/mol)
           Bond       G96Angle  Improper Dih.        LJ (SR)   Coulomb (SR)
    1.20281e+04    3.46853e+03    5.49516e+02   -6.38566e+05    0.00000e+00
      Potential    Kinetic En.   Total Energy  Conserved En.    Temperature
   -6.22520e+05    1.03916e+05   -5.18604e+05   -5.56298e+06    3.02657e+02
 Pressure (bar)   Constr. rmsd
    1.44560e+01    4.25342e-04

           Step           Time
         750000    15000.00000

   Energies (kJ/mol)
           Bond       G96Angle  Improper Dih.        LJ (SR)   Coulomb (SR)
    1.26339e+04    3.52102e+03    4.88705e+02   -6.42308e+05    0.00000e+00
      Potential    Kinetic En.   Total Energy  Conserved En.    Temperature
   -6.25665e+05    1.04470e+05   -5.21195e+05   -5.59680e+06    3.04270e+02
 Pressure (bar)   Constr. rmsd
    3.74202e+01    4.12722e-04

           Step           Time
         755000    15100.00000

   Energies (kJ/mol)
           Bond       G96Angle  Improper Dih.        LJ (SR)   Coulomb (SR)
    1.25625e+04    3.63493e+03    4.91722e+02   -6.39568e+05    0.00000e+00
      Potential    Kinetic En.   Total Energy  Conserved En.    Temperature
   -6.22879e+05    1.03659e+05   -5.19220e+05   -5.63044e+06    3.01907e+02
 Pressure (bar)   Constr. rmsd
   -6.55961e+00    4.22889e-04

           Step           Time
         760000    15200.00000

   Energies (kJ/mol)
           Bond       G96Angle  Improper Dih.        LJ (SR)   Coulomb (SR)
    1.22274e+04    3.56355e+03    5.09634e+02   -6.41866e+05    0.00000e+00
      Potential    Kinetic En.   Total Energy  Conserved En.    Temperature
   -6.25566e+05    1.03062e+05   -5.22504e+05   -5.66435e+06    3.00169e+02
 Pressure (bar)   Constr. rmsd
   -2.41742e+00    3.83751e-04

           Step           Time
         765000    15300.00000

   Energies (kJ/mol)
           Bond       G96Angle  Improper Dih.        LJ (SR)   Coulomb (SR)
    1.22040e+04    3.41139e+03    4.60275e+02   -6.40008e+05    0.00000e+00
      Potential    Kinetic En.   Total Energy  Conserved En.    Temperature
   -6.23932e+05    1.03666e+05   -5.20266e+05   -5.69843e+06    3.01930e+02
 Pressure (bar)   Constr. rmsd
   -1.85369e+01    4.43446e-04

           Step           Time
         770000    15400.00000

   Energies (kJ/mol)
           Bond       G96Angle  Improper Dih.        LJ (SR)   Coulomb (SR)
    1.27071e+04    3.60347e+03    5.17240e+02   -6.40851e+05    0.00000e+00
      Potential    Kinetic En.   Total Energy  Conserved En.    Temperature
   -6.24023e+05    1.03356e+05   -5.20667e+05   -5.73186e+06    3.01027e+02
 Pressure (bar)   Constr. rmsd
    1.68769e+01    4.38788e-04

           Step           Time
         775000    15500.00000

   Energies (kJ/mol)
           Bond       G96Angle  Improper Dih.        LJ (SR)   Coulomb (SR)
    1.23616e+04    3.72891e+03    4.80677e+02   -6.39708e+05    0.00000e+00
      Potential    Kinetic En.   Total Energy  Conserved En.    Temperature
   -6.23137e+05    1.03570e+05   -5.19567e+05   -5.76553e+06    3.01649e+02
 Pressure (bar)   Constr. rmsd
   -1.11535e+01    4.02486e-04

           Step           Time
         780000    15600.00000

   Energies (kJ/mol)
           Bond       G96Angle  Improper Dih.        LJ (SR)   Coulomb (SR)
    1.24934e+04    3.63280e+03    5.35913e+02   -6.40020e+05    0.00000e+00
      Potential    Kinetic En.   Total Energy  Conserved En.    Temperature
   -6.23358e+05    1.04442e+05   -5.18916e+05   -5.79942e+06    3.04188e+02
 Pressure (bar)   Constr. rmsd
    9.01150e+00    4.31739e-04

           Step           Time
         785000    15700.00000

   Energies (kJ/mol)
           Bond       G96Angle  Improper Dih.        LJ (SR)   Coulomb (SR)
    1.21432e+04    3.48667e+03    4.62381e+02   -6.39978e+05    0.00000e+00
      Potential    Kinetic En.   Total Energy  Conserved En.    Temperature
   -6.23886e+05    1.03634e+05   -5.20252e+05   -5.83350e+06    3.01835e+02
 Pressure (bar)   Constr. rmsd
    5.06053e+01    4.33410e-04

           Step           Time
         790000    15800.00000

   Energies (kJ/mol)
           Bond       G96Angle  Improper Dih.        LJ (SR)   Coulomb (SR)
    1.21379e+04    3.50318e+03    5.19329e+02   -6.38574e+05    0.00000e+00
      Potential    Kinetic En.   Total Energy  Conserved En.    Temperature
   -6.22413e+05    1.03710e+05   -5.18703e+05   -5.86747e+06    3.02057e+02
 Pressure (bar)   Constr. rmsd
    2.00119e+01    4.36380e-04

           Step           Time
         795000    15900.00000

   Energies (kJ/mol)
           Bond       G96Angle  Improper Dih.        LJ (SR)   Coulomb (SR)
    1.22494e+04    3.38938e+03    4.81904e+02   -6.41124e+05    0.00000e+00
      Potential    Kinetic En.   Total Energy  Conserved En.    Temperature
   -6.25003e+05    1.02113e+05   -5.22890e+05   -5.90140e+06    2.97406e+02
 Pressure (bar)   Constr. rmsd
   -5.40532e+01    4.32657e-04

           Step           Time
         800000    16000.00000

   Energies (kJ/mol)
           Bond       G96Angle  Improper Dih.        LJ (SR)   Coulomb (SR)
    1.20853e+04    3.52051e+03    5.52856e+02   -6.39309e+05    0.00000e+00
      Potential    Kinetic En.   Total Energy  Conserved En.    Temperature
   -6.23151e+05    1.03522e+05   -5.19629e+05   -5.93524e+06    3.01509e+02
 Pressure (bar)   Constr. rmsd
   -2.79120e+01    4.19775e-04

           Step           Time
         805000    16100.00000

   Energies (kJ/mol)
           Bond       G96Angle  Improper Dih.        LJ (SR)   Coulomb (SR)
    1.26566e+04    3.40490e+03    5.01100e+02   -6.41060e+05    0.00000e+00
      Potential    Kinetic En.   Total Energy  Conserved En.    Temperature
   -6.24497e+05    1.02228e+05   -5.22269e+05   -5.96934e+06    2.97742e+02
 Pressure (bar)   Constr. rmsd
   -2.76132e+01    4.19401e-04

           Step           Time
         810000    16200.00000

   Energies (kJ/mol)
           Bond       G96Angle  Improper Dih.        LJ (SR)   Coulomb (SR)
    1.20754e+04    3.54373e+03    5.27847e+02   -6.38762e+05    0.00000e+00
      Potential    Kinetic En.   Total Energy  Conserved En.    Temperature
   -6.22615e+05    1.03866e+05   -5.18749e+05   -6.00328e+06    3.02511e+02
 Pressure (bar)   Constr. rmsd
    7.65106e+00    4.15451e-04

           Step           Time
         815000    16300.00000

   Energies (kJ/mol)
           Bond       G96Angle  Improper Dih.        LJ (SR)   Coulomb (SR)
    1.22161e+04    3.66439e+03    5.50518e+02   -6.42032e+05    0.00000e+00
      Potential    Kinetic En.   Total Energy  Conserved En.    Temperature
   -6.25601e+05    1.03198e+05   -5.22404e+05   -6.03747e+06    3.00566e+02
 Pressure (bar)   Constr. rmsd
    1.73682e+01    4.18057e-04

           Step           Time
         820000    16400.00000

   Energies (kJ/mol)
           Bond       G96Angle  Improper Dih.        LJ (SR)   Coulomb (SR)
    1.25282e+04    3.57368e+03    5.39814e+02   -6.41482e+05    0.00000e+00
      Potential    Kinetic En.   Total Energy  Conserved En.    Temperature
   -6.24840e+05    1.02583e+05   -5.22257e+05   -6.07145e+06    2.98775e+02
 Pressure (bar)   Constr. rmsd
   -1.59172e+01    4.36349e-04

           Step           Time
         825000    16500.00000

   Energies (kJ/mol)
           Bond       G96Angle  Improper Dih.        LJ (SR)   Coulomb (SR)
    1.20740e+04    3.60876e+03    4.83217e+02   -6.40998e+05    0.00000e+00
      Potential    Kinetic En.   Total Energy  Conserved En.    Temperature
   -6.24832e+05    1.03642e+05   -5.21190e+05   -6.10526e+06    3.01858e+02
 Pressure (bar)   Constr. rmsd
    8.07973e+00    4.30752e-04

           Step           Time
         830000    16600.00000

   Energies (kJ/mol)
           Bond       G96Angle  Improper Dih.        LJ (SR)   Coulomb (SR)
    1.28390e+04    3.43348e+03    4.96011e+02   -6.42226e+05    0.00000e+00
      Potential    Kinetic En.   Total Energy  Conserved En.    Temperature
   -6.25457e+05    1.03013e+05   -5.22444e+05   -6.13915e+06    3.00026e+02
 Pressure (bar)   Constr. rmsd
    7.20427e+00    4.25826e-04

           Step           Time
         835000    16700.00000

   Energies (kJ/mol)
           Bond       G96Angle  Improper Dih.        LJ (SR)   Coulomb (SR)
    1.25256e+04    3.39710e+03    4.94168e+02   -6.39868e+05    0.00000e+00
      Potential    Kinetic En.   Total Energy  Conserved En.    Temperature
   -6.23452e+05    1.04399e+05   -5.19052e+05   -6.17281e+06    3.04065e+02
 Pressure (bar)   Constr. rmsd
   -6.95563e+00    4.16097e-04

           Step           Time
         840000    16800.00000

   Energies (kJ/mol)
           Bond       G96Angle  Improper Dih.        LJ (SR)   Coulomb (SR)
    1.23813e+04    3.33343e+03    4.09151e+02   -6.38681e+05    0.00000e+00
      Potential    Kinetic En.   Total Energy  Conserved En.    Temperature
   -6.22557e+05    1.03258e+05   -5.19299e+05   -6.20667e+06    3.00742e+02
 Pressure (bar)   Constr. rmsd
   -7.36184e+01    4.31748e-04

           Step           Time
         845000    16900.00000

   Energies (kJ/mol)
           Bond       G96Angle  Improper Dih.        LJ (SR)   Coulomb (SR)
    1.26742e+04    3.53318e+03    5.51332e+02   -6.40012e+05    0.00000e+00
      Potential    Kinetic En.   Total Energy  Conserved En.    Temperature
   -6.23253e+05    1.03674e+05   -5.19579e+05   -6.24073e+06    3.01953e+02
 Pressure (bar)   Constr. rmsd
   -6.39374e+00    4.22688e-04

           Step           Time
         850000    17000.00000

   Energies (kJ/mol)
           Bond       G96Angle  Improper Dih.        LJ (SR)   Coulomb (SR)
    1.23983e+04    3.35013e+03    5.04198e+02   -6.40855e+05    0.00000e+00
      Potential    Kinetic En.   Total Energy  Conserved En.    Temperature
   -6.24603e+05    1.03165e+05   -5.21438e+05   -6.27473e+06    3.00469e+02
 Pressure (bar)   Constr. rmsd
    2.67896e+01    4.33958e-04

           Step           Time
         855000    17100.00000

   Energies (kJ/mol)
           Bond       G96Angle  Improper Dih.        LJ (SR)   Coulomb (SR)
    1.24380e+04    3.48150e+03    5.26065e+02   -6.39354e+05    0.00000e+00
      Potential    Kinetic En.   Total Energy  Conserved En.    Temperature
   -6.22908e+05    1.03775e+05   -5.19133e+05   -6.30848e+06    3.02247e+02
 Pressure (bar)   Constr. rmsd
    2.58269e+01    4.46641e-04

           Step           Time
         860000    17200.00000

   Energies (kJ/mol)
           Bond       G96Angle  Improper Dih.        LJ (SR)   Coulomb (SR)
    1.20455e+04    3.55891e+03    4.67417e+02   -6.39699e+05    0.00000e+00
      Potential    Kinetic En.   Total Energy  Conserved En.    Temperature
   -6.23627e+05    1.03579e+05   -5.20048e+05   -6.34231e+06    3.01676e+02
 Pressure (bar)   Constr. rmsd
   -1.84854e+00    4.26497e-04

           Step           Time
         865000    17300.00000

   Energies (kJ/mol)
           Bond       G96Angle  Improper Dih.        LJ (SR)   Coulomb (SR)
    1.22401e+04    3.63825e+03    5.48272e+02   -6.41158e+05    0.00000e+00
      Potential    Kinetic En.   Total Energy  Conserved En.    Temperature
   -6.24732e+05    1.03348e+05   -5.21383e+05   -6.37634e+06    3.01003e+02
 Pressure (bar)   Constr. rmsd
    3.28093e+01    4.14746e-04

           Step           Time
         870000    17400.00000

   Energies (kJ/mol)
           Bond       G96Angle  Improper Dih.        LJ (SR)   Coulomb (SR)
    1.21697e+04    3.46771e+03    4.92971e+02   -6.40883e+05    0.00000e+00
      Potential    Kinetic En.   Total Energy  Conserved En.    Temperature
   -6.24752e+05    1.02675e+05   -5.22078e+05   -6.41034e+06    2.99041e+02
 Pressure (bar)   Constr. rmsd
   -6.31289e+00    4.25612e-04

           Step           Time
         875000    17500.00000

   Energies (kJ/mol)
           Bond       G96Angle  Improper Dih.        LJ (SR)   Coulomb (SR)
    1.22356e+04    3.45255e+03    5.79047e+02   -6.39825e+05    0.00000e+00
      Potential    Kinetic En.   Total Energy  Conserved En.    Temperature
   -6.23558e+05    1.04249e+05   -5.19308e+05   -6.44435e+06    3.03628e+02
 Pressure (bar)   Constr. rmsd
   -2.51891e+01    4.34248e-04

           Step           Time
         880000    17600.00000

   Energies (kJ/mol)
           Bond       G96Angle  Improper Dih.        LJ (SR)   Coulomb (SR)
    1.24003e+04    3.58530e+03    4.91452e+02   -6.40117e+05    0.00000e+00
      Potential    Kinetic En.   Total Energy  Conserved En.    Temperature
   -6.23640e+05    1.03641e+05   -5.19999e+05   -6.47824e+06    3.01857e+02
 Pressure (bar)   Constr. rmsd
   -4.37836e+00    4.24723e-04

           Step           Time
         885000    17700.00000

   Energies (kJ/mol)
           Bond       G96Angle  Improper Dih.        LJ (SR)   Coulomb (SR)
    1.26259e+04    3.50150e+03    5.21753e+02   -6.40499e+05    0.00000e+00
      Potential    Kinetic En.   Total Energy  Conserved En.    Temperature
   -6.23850e+05    1.02413e+05   -5.21436e+05   -6.51184e+06    2.98281e+02
 Pressure (bar)   Constr. rmsd
   -6.89932e+00    4.18804e-04

           Step           Time
         890000    17800.00000

   Energies (kJ/mol)
           Bond       G96Angle  Improper Dih.        LJ (SR)   Coulomb (SR)
    1.21168e+04    3.45483e+03    5.07878e+02   -6.38855e+05    0.00000e+00
      Potential    Kinetic En.   Total Energy  Conserved En.    Temperature
   -6.22776e+05    1.03595e+05   -5.19181e+05   -6.54567e+06    3.01721e+02
 Pressure (bar)   Constr. rmsd
   -3.21679e+01    4.38150e-04

           Step           Time
         895000    17900.00000

   Energies (kJ/mol)
           Bond       G96Angle  Improper Dih.        LJ (SR)   Coulomb (SR)
    1.26375e+04    3.64131e+03    4.91244e+02   -6.38736e+05    0.00000e+00
      Potential    Kinetic En.   Total Energy  Conserved En.    Temperature
   -6.21966e+05    1.04968e+05   -5.16998e+05   -6.57936e+06    3.05720e+02
 Pressure (bar)   Constr. rmsd
   -1.45036e+00    4.01523e-04

           Step           Time
         900000    18000.00000

   Energies (kJ/mol)
           Bond       G96Angle  Improper Dih.        LJ (SR)   Coulomb (SR)
    1.25263e+04    3.49399e+03    5.05833e+02   -6.39538e+05    0.00000e+00
      Potential    Kinetic En.   Total Energy  Conserved En.    Temperature
   -6.23012e+05    1.03865e+05   -5.19147e+05   -6.61316e+06    3.02507e+02
 Pressure (bar)   Constr. rmsd
   -4.00489e+01    4.30354e-04

           Step           Time
         905000    18100.00000

   Energies (kJ/mol)
           Bond       G96Angle  Improper Dih.        LJ (SR)   Coulomb (SR)
    1.26013e+04    3.62239e+03    5.19512e+02   -6.40005e+05    0.00000e+00
      Potential    Kinetic En.   Total Energy  Conserved En.    Temperature
   -6.23262e+05    1.04254e+05   -5.19007e+05   -6.64707e+06    3.03642e+02
 Pressure (bar)   Constr. rmsd
   -1.36859e+01    4.49106e-04

           Step           Time
         910000    18200.00000

   Energies (kJ/mol)
           Bond       G96Angle  Improper Dih.        LJ (SR)   Coulomb (SR)
    1.26809e+04    3.50870e+03    5.21822e+02   -6.40945e+05    0.00000e+00
      Potential    Kinetic En.   Total Energy  Conserved En.    Temperature
   -6.24233e+05    1.04175e+05   -5.20058e+05   -6.68097e+06    3.03412e+02
 Pressure (bar)   Constr. rmsd
    3.98749e+01    4.18922e-04

           Step           Time
         915000    18300.00000

   Energies (kJ/mol)
           Bond       G96Angle  Improper Dih.        LJ (SR)   Coulomb (SR)
    1.24179e+04    3.67652e+03    4.39623e+02   -6.40761e+05    0.00000e+00
      Potential    Kinetic En.   Total Energy  Conserved En.    Temperature
   -6.24227e+05    1.03291e+05   -5.20935e+05   -6.71505e+06    3.00838e+02
 Pressure (bar)   Constr. rmsd
    2.30948e+00    4.41773e-04

           Step           Time
         920000    18400.00000

   Energies (kJ/mol)
           Bond       G96Angle  Improper Dih.        LJ (SR)   Coulomb (SR)
    1.25316e+04    3.45532e+03    5.13070e+02   -6.39414e+05    0.00000e+00
      Potential    Kinetic En.   Total Energy  Conserved En.    Temperature
   -6.22914e+05    1.03801e+05   -5.19113e+05   -6.74905e+06    3.02323e+02
 Pressure (bar)   Constr. rmsd
    1.66590e+01    4.27066e-04

           Step           Time
         925000    18500.00000

   Energies (kJ/mol)
           Bond       G96Angle  Improper Dih.        LJ (SR)   Coulomb (SR)
    1.24814e+04    3.47321e+03    5.47223e+02   -6.40937e+05    0.00000e+00
      Potential    Kinetic En.   Total Energy  Conserved En.    Temperature
   -6.24435e+05    1.03076e+05   -5.21360e+05   -6.78297e+06    3.00210e+02
 Pressure (bar)   Constr. rmsd
   -1.19081e+01    4.31308e-04

           Step           Time
         930000    18600.00000

   Energies (kJ/mol)
           Bond       G96Angle  Improper Dih.        LJ (SR)   Coulomb (SR)
    1.26519e+04    3.59054e+03    5.57727e+02   -6.41523e+05    0.00000e+00
      Potential    Kinetic En.   Total Energy  Conserved En.    Temperature
   -6.24723e+05    1.04073e+05   -5.20650e+05   -6.81673e+06    3.03114e+02
 Pressure (bar)   Constr. rmsd
    1.31240e+01    4.35115e-04

           Step           Time
         935000    18700.00000

   Energies (kJ/mol)
           Bond       G96Angle  Improper Dih.        LJ (SR)   Coulomb (SR)
    1.24629e+04    3.38064e+03    5.29371e+02   -6.40676e+05    0.00000e+00
      Potential    Kinetic En.   Total Energy  Conserved En.    Temperature
   -6.24303e+05    1.03570e+05   -5.20733e+05   -6.85076e+06    3.01648e+02
 Pressure (bar)   Constr. rmsd
   -1.91015e+01    4.04217e-04

           Step           Time
         940000    18800.00000

   Energies (kJ/mol)
           Bond       G96Angle  Improper Dih.        LJ (SR)   Coulomb (SR)
    1.25646e+04    3.42301e+03    5.57891e+02   -6.40821e+05    0.00000e+00
      Potential    Kinetic En.   Total Energy  Conserved En.    Temperature
   -6.24276e+05    1.03685e+05   -5.20590e+05   -6.88464e+06    3.01985e+02
 Pressure (bar)   Constr. rmsd
   -2.02102e+01    4.32049e-04

           Step           Time
         945000    18900.00000

   Energies (kJ/mol)
           Bond       G96Angle  Improper Dih.        LJ (SR)   Coulomb (SR)
    1.23992e+04    3.45671e+03    4.81936e+02   -6.40064e+05    0.00000e+00
      Potential    Kinetic En.   Total Energy  Conserved En.    Temperature
   -6.23727e+05    1.03514e+05   -5.20213e+05   -6.91848e+06    3.01486e+02
 Pressure (bar)   Constr. rmsd
   -1.37831e+01    4.48062e-04

           Step           Time
         950000    19000.00000

   Energies (kJ/mol)
           Bond       G96Angle  Improper Dih.        LJ (SR)   Coulomb (SR)
    1.24770e+04    3.44133e+03    4.82133e+02   -6.39792e+05    0.00000e+00
      Potential    Kinetic En.   Total Energy  Conserved En.    Temperature
   -6.23391e+05    1.02765e+05   -5.20626e+05   -6.95229e+06    2.99306e+02
 Pressure (bar)   Constr. rmsd
   -1.60546e+01    4.20490e-04

           Step           Time
         955000    19100.00000

   Energies (kJ/mol)
           Bond       G96Angle  Improper Dih.        LJ (SR)   Coulomb (SR)
    1.25681e+04    3.47947e+03    4.74577e+02   -6.39763e+05    0.00000e+00
      Potential    Kinetic En.   Total Energy  Conserved En.    Temperature
   -6.23241e+05    1.02697e+05   -5.20544e+05   -6.98627e+06    2.99106e+02
 Pressure (bar)   Constr. rmsd
   -4.72574e+00    4.41550e-04

           Step           Time
         960000    19200.00000

   Energies (kJ/mol)
           Bond       G96Angle  Improper Dih.        LJ (SR)   Coulomb (SR)
    1.23397e+04    3.37868e+03    5.26400e+02   -6.39987e+05    0.00000e+00
      Potential    Kinetic En.   Total Energy  Conserved En.    Temperature
   -6.23743e+05    1.03476e+05   -5.20266e+05   -7.02012e+06    3.01377e+02
 Pressure (bar)   Constr. rmsd
   -2.40532e+01    4.49134e-04

           Step           Time
         965000    19300.00000

   Energies (kJ/mol)
           Bond       G96Angle  Improper Dih.        LJ (SR)   Coulomb (SR)
    1.23897e+04    3.53591e+03    4.39357e+02   -6.39213e+05    0.00000e+00
      Potential    Kinetic En.   Total Energy  Conserved En.    Temperature
   -6.22848e+05    1.03749e+05   -5.19099e+05   -7.05400e+06    3.02170e+02
 Pressure (bar)   Constr. rmsd
   -1.18225e+01    4.36933e-04

           Step           Time
         970000    19400.00000

   Energies (kJ/mol)
           Bond       G96Angle  Improper Dih.        LJ (SR)   Coulomb (SR)
    1.24961e+04    3.55902e+03    5.12735e+02   -6.38858e+05    0.00000e+00
      Potential    Kinetic En.   Total Energy  Conserved En.    Temperature
   -6.22290e+05    1.03812e+05   -5.18478e+05   -7.08798e+06    3.02355e+02
 Pressure (bar)   Constr. rmsd
   -6.56236e+00    4.19362e-04

           Step           Time
         975000    19500.00000

   Energies (kJ/mol)
           Bond       G96Angle  Improper Dih.        LJ (SR)   Coulomb (SR)
    1.24640e+04    3.57664e+03    4.74866e+02   -6.41931e+05    0.00000e+00
      Potential    Kinetic En.   Total Energy  Conserved En.    Temperature
   -6.25416e+05    1.03642e+05   -5.21774e+05   -7.12170e+06    3.01858e+02
 Pressure (bar)   Constr. rmsd
    3.24877e+01    4.50643e-04

           Step           Time
         980000    19600.00000

   Energies (kJ/mol)
           Bond       G96Angle  Improper Dih.        LJ (SR)   Coulomb (SR)
    1.25304e+04    3.67727e+03    5.10103e+02   -6.39222e+05    0.00000e+00
      Potential    Kinetic En.   Total Energy  Conserved En.    Temperature
   -6.22504e+05    1.03241e+05   -5.19263e+05   -7.15567e+06    3.00693e+02
 Pressure (bar)   Constr. rmsd
   -2.12930e+01    4.40915e-04

           Step           Time
         985000    19700.00000

   Energies (kJ/mol)
           Bond       G96Angle  Improper Dih.        LJ (SR)   Coulomb (SR)
    1.22478e+04    3.46202e+03    5.02782e+02   -6.40062e+05    0.00000e+00
      Potential    Kinetic En.   Total Energy  Conserved En.    Temperature
   -6.23850e+05    1.03352e+05   -5.20498e+05   -7.18953e+06    3.01015e+02
 Pressure (bar)   Constr. rmsd
   -4.97182e+01    4.05313e-04

           Step           Time
         990000    19800.00000

   Energies (kJ/mol)
           Bond       G96Angle  Improper Dih.        LJ (SR)   Coulomb (SR)
    1.25905e+04    3.50472e+03    5.05544e+02   -6.42020e+05    0.00000e+00
      Potential    Kinetic En.   Total Energy  Conserved En.    Temperature
   -6.25419e+05    1.03980e+05   -5.21439e+05   -7.22347e+06    3.02844e+02
 Pressure (bar)   Constr. rmsd
   -2.23397e+01    4.31619e-04

           Step           Time
         995000    19900.00000

   Energies (kJ/mol)
           Bond       G96Angle  Improper Dih.        LJ (SR)   Coulomb (SR)
    1.23333e+04    3.50498e+03    5.22161e+02   -6.40819e+05    0.00000e+00
      Potential    Kinetic En.   Total Energy  Conserved En.    Temperature
   -6.24458e+05    1.03001e+05   -5.21458e+05   -7.25721e+06    2.99991e+02
 Pressure (bar)   Constr. rmsd
   -5.44263e+00    4.41736e-04

           Step           Time
        1000000    20000.00000

   Energies (kJ/mol)
           Bond       G96Angle  Improper Dih.        LJ (SR)   Coulomb (SR)
    1.27058e+04    3.53426e+03    5.18455e+02   -6.40957e+05    0.00000e+00
      Potential    Kinetic En.   Total Energy  Conserved En.    Temperature
   -6.24199e+05    1.05081e+05   -5.19118e+05   -7.29099e+06    3.06050e+02
 Pressure (bar)   Constr. rmsd
   -4.81470e+00    4.21783e-04

           Step           Time
        1005000    20100.00000

   Energies (kJ/mol)
           Bond       G96Angle  Improper Dih.        LJ (SR)   Coulomb (SR)
    1.25113e+04    3.40312e+03    4.97455e+02   -6.38570e+05    0.00000e+00
      Potential    Kinetic En.   Total Energy  Conserved En.    Temperature
   -6.22158e+05    1.03167e+05   -5.18991e+05   -7.32474e+06    3.00476e+02
 Pressure (bar)   Constr. rmsd
    1.84415e+00    4.28784e-04

           Step           Time
        1010000    20200.00000

   Energies (kJ/mol)
           Bond       G96Angle  Improper Dih.        LJ (SR)   Coulomb (SR)
    1.24712e+04    3.58330e+03    5.05462e+02   -6.39381e+05    0.00000e+00
      Potential    Kinetic En.   Total Energy  Conserved En.    Temperature
   -6.22821e+05    1.03739e+05   -5.19082e+05   -7.35871e+06    3.02142e+02
 Pressure (bar)   Constr. rmsd
   -7.38217e+00    4.35428e-04

Writing checkpoint, step 1010225 at Fri Sep 11 16:48:41 2026


           Step           Time
        1015000    20300.00000

   Energies (kJ/mol)
           Bond       G96Angle  Improper Dih.        LJ (SR)   Coulomb (SR)
    1.20956e+04    3.54737e+03    5.36601e+02   -6.40872e+05    0.00000e+00
      Potential    Kinetic En.   Total Energy  Conserved En.    Temperature
   -6.24692e+05    1.02359e+05   -5.22333e+05   -7.39246e+06    2.98122e+02
 Pressure (bar)   Constr. rmsd
    1.04258e+01    4.21054e-04

           Step           Time
        1020000    20400.00000

   Energies (kJ/mol)
           Bond       G96Angle  Improper Dih.        LJ (SR)   Coulomb (SR)
    1.27491e+04    3.52819e+03    5.80556e+02   -6.41203e+05    0.00000e+00
      Potential    Kinetic En.   Total Energy  Conserved En.    Temperature
   -6.24345e+05    1.03086e+05   -5.21259e+05   -7.42630e+06    3.00240e+02
 Pressure (bar)   Constr. rmsd
    2.25082e-01    4.36622e-04

           Step           Time
        1025000    20500.00000

   Energies (kJ/mol)
           Bond       G96Angle  Improper Dih.        LJ (SR)   Coulomb (SR)
    1.25071e+04    3.52903e+03    5.72723e+02   -6.38554e+05    0.00000e+00
      Potential    Kinetic En.   Total Energy  Conserved En.    Temperature
   -6.21945e+05    1.03624e+05   -5.18321e+05   -7.46019e+06    3.01805e+02
 Pressure (bar)   Constr. rmsd
   -5.48563e+01    3.98267e-04

           Step           Time
        1030000    20600.00000

   Energies (kJ/mol)
           Bond       G96Angle  Improper Dih.        LJ (SR)   Coulomb (SR)
    1.26217e+04    3.51649e+03    5.11522e+02   -6.40074e+05    0.00000e+00
      Potential    Kinetic En.   Total Energy  Conserved En.    Temperature
   -6.23424e+05    1.04376e+05   -5.19048e+05   -7.49411e+06    3.03996e+02
 Pressure (bar)   Constr. rmsd
   -1.32129e+01    4.28303e-04

           Step           Time
        1035000    20700.00000

   Energies (kJ/mol)
           Bond       G96Angle  Improper Dih.        LJ (SR)   Coulomb (SR)
    1.27582e+04    3.49479e+03    4.73738e+02   -6.40712e+05    0.00000e+00
      Potential    Kinetic En.   Total Energy  Conserved En.    Temperature
   -6.23985e+05    1.03185e+05   -5.20801e+05   -7.52767e+06    3.00527e+02
 Pressure (bar)   Constr. rmsd
   -1.37363e+01    4.23515e-04

           Step           Time
        1040000    20800.00000

   Energies (kJ/mol)
           Bond       G96Angle  Improper Dih.        LJ (SR)   Coulomb (SR)
    1.26383e+04    3.55681e+03    5.08529e+02   -6.39423e+05    0.00000e+00
      Potential    Kinetic En.   Total Energy  Conserved En.    Temperature
   -6.22720e+05    1.03715e+05   -5.19005e+05   -7.56138e+06    3.02072e+02
 Pressure (bar)   Constr. rmsd
   -1.06951e+01    4.28781e-04

           Step           Time
        1045000    20900.00000

   Energies (kJ/mol)
           Bond       G96Angle  Improper Dih.        LJ (SR)   Coulomb (SR)
    1.24797e+04    3.63068e+03    4.66509e+02   -6.40884e+05    0.00000e+00
      Potential    Kinetic En.   Total Energy  Conserved En.    Temperature
   -6.24307e+05    1.02643e+05   -5.21665e+05   -7.59490e+06    2.98949e+02
 Pressure (bar)   Constr. rmsd
   -2.34312e+01    4.26380e-04

           Step           Time
        1050000    21000.00000

   Energies (kJ/mol)
           Bond       G96Angle  Improper Dih.        LJ (SR)   Coulomb (SR)
    1.24051e+04    3.69920e+03    4.68326e+02   -6.41036e+05    0.00000e+00
      Potential    Kinetic En.   Total Energy  Conserved En.    Temperature
   -6.24463e+05    1.02442e+05   -5.22021e+05   -7.62850e+06    2.98364e+02
 Pressure (bar)   Constr. rmsd
   -7.15692e+00    4.24247e-04

           Step           Time
        1055000    21100.00000

   Energies (kJ/mol)
           Bond       G96Angle  Improper Dih.        LJ (SR)   Coulomb (SR)
    1.24994e+04    3.54167e+03    5.15715e+02   -6.39803e+05    0.00000e+00
      Potential    Kinetic En.   Total Energy  Conserved En.    Temperature
   -6.23246e+05    1.02531e+05   -5.20715e+05   -7.66223e+06    2.98622e+02
 Pressure (bar)   Constr. rmsd
   -3.15718e+01    4.39863e-04

           Step           Time
        1060000    21200.00000

   Energies (kJ/mol)
           Bond       G96Angle  Improper Dih.        LJ (SR)   Coulomb (SR)
    1.23347e+04    3.52879e+03    5.22435e+02   -6.40954e+05    0.00000e+00
      Potential    Kinetic En.   Total Energy  Conserved En.    Temperature
   -6.24568e+05    1.03993e+05   -5.20575e+05   -7.69631e+06    3.02881e+02
 Pressure (bar)   Constr. rmsd
    1.46098e+01    4.12786e-04

           Step           Time
        1065000    21300.00000

   Energies (kJ/mol)
           Bond       G96Angle  Improper Dih.        LJ (SR)   Coulomb (SR)
    1.25435e+04    3.51472e+03    5.11160e+02   -6.40558e+05    0.00000e+00
      Potential    Kinetic En.   Total Energy  Conserved En.    Temperature
   -6.23989e+05    1.03899e+05   -5.20090e+05   -7.73036e+06    3.02607e+02
 Pressure (bar)   Constr. rmsd
   -7.48601e+00    4.00639e-04

           Step           Time
        1070000    21400.00000

   Energies (kJ/mol)
           Bond       G96Angle  Improper Dih.        LJ (SR)   Coulomb (SR)
    1.26463e+04    3.60971e+03    5.17035e+02   -6.40034e+05    0.00000e+00
      Potential    Kinetic En.   Total Energy  Conserved En.    Temperature
   -6.23261e+05    1.04239e+05   -5.19022e+05   -7.76423e+06    3.03598e+02
 Pressure (bar)   Constr. rmsd
    8.20671e+00    4.41742e-04

           Step           Time
        1075000    21500.00000

   Energies (kJ/mol)
           Bond       G96Angle  Improper Dih.        LJ (SR)   Coulomb (SR)
    1.25591e+04    3.70404e+03    5.38434e+02   -6.41459e+05    0.00000e+00
      Potential    Kinetic En.   Total Energy  Conserved En.    Temperature
   -6.24657e+05    1.03324e+05   -5.21333e+05   -7.79818e+06    3.00932e+02
 Pressure (bar)   Constr. rmsd
    1.66630e+01    4.32848e-04

           Step           Time
        1080000    21600.00000

   Energies (kJ/mol)
           Bond       G96Angle  Improper Dih.        LJ (SR)   Coulomb (SR)
    1.24593e+04    3.54841e+03    4.65899e+02   -6.41780e+05    0.00000e+00
      Potential    Kinetic En.   Total Energy  Conserved En.    Temperature
   -6.25307e+05    1.04105e+05   -5.21201e+05   -7.83207e+06    3.03208e+02
 Pressure (bar)   Constr. rmsd
    2.19391e+01    4.26989e-04

           Step           Time
        1085000    21700.00000

   Energies (kJ/mol)
           Bond       G96Angle  Improper Dih.        LJ (SR)   Coulomb (SR)
    1.22280e+04    3.51000e+03    5.45659e+02   -6.39470e+05    0.00000e+00
      Potential    Kinetic En.   Total Energy  Conserved En.    Temperature
   -6.23187e+05    1.03333e+05   -5.19853e+05   -7.86588e+06    3.00960e+02
 Pressure (bar)   Constr. rmsd
   -4.24375e+01    4.14648e-04

           Step           Time
        1090000    21800.00000

   Energies (kJ/mol)
           Bond       G96Angle  Improper Dih.        LJ (SR)   Coulomb (SR)
    1.24855e+04    3.37629e+03    5.41022e+02   -6.39800e+05    0.00000e+00
      Potential    Kinetic En.   Total Energy  Conserved En.    Temperature
   -6.23397e+05    1.03768e+05   -5.19630e+05   -7.89960e+06    3.02225e+02
 Pressure (bar)   Constr. rmsd
    1.87666e+01    4.21452e-04

           Step           Time
        1095000    21900.00000

   Energies (kJ/mol)
           Bond       G96Angle  Improper Dih.        LJ (SR)   Coulomb (SR)
    1.21513e+04    3.50607e+03    5.28432e+02   -6.39823e+05    0.00000e+00
      Potential    Kinetic En.   Total Energy  Conserved En.    Temperature
   -6.23638e+05    1.02727e+05   -5.20910e+05   -7.93321e+06    2.99194e+02
 Pressure (bar)   Constr. rmsd
   -4.80940e+01    4.30703e-04

           Step           Time
        1100000    22000.00000

   Energies (kJ/mol)
           Bond       G96Angle  Improper Dih.        LJ (SR)   Coulomb (SR)
    1.23902e+04    3.54799e+03    4.89369e+02   -6.40395e+05    0.00000e+00
      Potential    Kinetic En.   Total Energy  Conserved En.    Temperature
   -6.23967e+05    1.04268e+05   -5.19700e+05   -7.96708e+06    3.03681e+02
 Pressure (bar)   Constr. rmsd
    1.10945e+01    4.20860e-04

           Step           Time
        1105000    22100.00000

   Energies (kJ/mol)
           Bond       G96Angle  Improper Dih.        LJ (SR)   Coulomb (SR)
    1.24370e+04    3.39043e+03    5.56320e+02   -6.38652e+05    0.00000e+00
      Potential    Kinetic En.   Total Energy  Conserved En.    Temperature
   -6.22268e+05    1.03255e+05   -5.19013e+05   -8.00108e+06    3.00731e+02
 Pressure (bar)   Constr. rmsd
    1.75124e+01    4.42445e-04

           Step           Time
        1110000    22200.00000

   Energies (kJ/mol)
           Bond       G96Angle  Improper Dih.        LJ (SR)   Coulomb (SR)
    1.26868e+04    3.43409e+03    5.08078e+02   -6.40284e+05    0.00000e+00
      Potential    Kinetic En.   Total Energy  Conserved En.    Temperature
   -6.23655e+05    1.04246e+05   -5.19408e+05   -8.03512e+06    3.03619e+02
 Pressure (bar)   Constr. rmsd
   -1.16941e+01    4.43784e-04

           Step           Time
        1115000    22300.00000

   Energies (kJ/mol)
           Bond       G96Angle  Improper Dih.        LJ (SR)   Coulomb (SR)
    1.26700e+04    3.55277e+03    4.86132e+02   -6.40377e+05    0.00000e+00
      Potential    Kinetic En.   Total Energy  Conserved En.    Temperature
   -6.23668e+05    1.05061e+05   -5.18607e+05   -8.06911e+06    3.05991e+02
 Pressure (bar)   Constr. rmsd
    1.98571e+01    4.44105e-04

           Step           Time
        1120000    22400.00000

   Energies (kJ/mol)
           Bond       G96Angle  Improper Dih.        LJ (SR)   Coulomb (SR)
    1.22838e+04    3.45082e+03    4.94951e+02   -6.42363e+05    0.00000e+00
      Potential    Kinetic En.   Total Energy  Conserved En.    Temperature
   -6.26133e+05    1.02345e+05   -5.23788e+05   -8.10295e+06    2.98082e+02
 Pressure (bar)   Constr. rmsd
   -5.31439e-01    4.26266e-04

           Step           Time
        1125000    22500.00000

   Energies (kJ/mol)
           Bond       G96Angle  Improper Dih.        LJ (SR)   Coulomb (SR)
    1.27649e+04    3.34336e+03    4.84449e+02   -6.40501e+05    0.00000e+00
      Potential    Kinetic En.   Total Energy  Conserved En.    Temperature
   -6.23908e+05    1.03478e+05   -5.20430e+05   -8.13674e+06    3.01381e+02
 Pressure (bar)   Constr. rmsd
    1.49867e+01    4.03956e-04

           Step           Time
        1130000    22600.00000

   Energies (kJ/mol)
           Bond       G96Angle  Improper Dih.        LJ (SR)   Coulomb (SR)
    1.22410e+04    3.45654e+03    4.57905e+02   -6.39736e+05    0.00000e+00
      Potential    Kinetic En.   Total Energy  Conserved En.    Temperature
   -6.23580e+05    1.04539e+05   -5.19041e+05   -8.17041e+06    3.04471e+02
 Pressure (bar)   Constr. rmsd
    1.01420e+01    4.24806e-04

           Step           Time
        1135000    22700.00000

   Energies (kJ/mol)
           Bond       G96Angle  Improper Dih.        LJ (SR)   Coulomb (SR)
    1.24425e+04    3.40785e+03    4.78431e+02   -6.39883e+05    0.00000e+00
      Potential    Kinetic En.   Total Energy  Conserved En.    Temperature
   -6.23554e+05    1.04585e+05   -5.18970e+05   -8.20398e+06    3.04605e+02
 Pressure (bar)   Constr. rmsd
   -3.69146e+00    4.23968e-04

           Step           Time
        1140000    22800.00000

   Energies (kJ/mol)
           Bond       G96Angle  Improper Dih.        LJ (SR)   Coulomb (SR)
    1.23115e+04    3.53190e+03    4.63894e+02   -6.40345e+05    0.00000e+00
      Potential    Kinetic En.   Total Energy  Conserved En.    Temperature
   -6.24038e+05    1.02934e+05   -5.21104e+05   -8.23760e+06    2.99796e+02
 Pressure (bar)   Constr. rmsd
   -4.18311e+01    4.43489e-04

           Step           Time
        1145000    22900.00000

   Energies (kJ/mol)
           Bond       G96Angle  Improper Dih.        LJ (SR)   Coulomb (SR)
    1.26541e+04    3.47841e+03    5.67665e+02   -6.40600e+05    0.00000e+00
      Potential    Kinetic En.   Total Energy  Conserved En.    Temperature
   -6.23900e+05    1.03481e+05   -5.20419e+05   -8.27134e+06    3.01391e+02
 Pressure (bar)   Constr. rmsd
   -2.96166e+00    4.34687e-04

           Step           Time
        1150000    23000.00000

   Energies (kJ/mol)
           Bond       G96Angle  Improper Dih.        LJ (SR)   Coulomb (SR)
    1.24737e+04    3.54094e+03    5.01584e+02   -6.40892e+05    0.00000e+00
      Potential    Kinetic En.   Total Energy  Conserved En.    Temperature
   -6.24376e+05    1.04410e+05   -5.19966e+05   -8.30548e+06    3.04095e+02
 Pressure (bar)   Constr. rmsd
   -4.78220e-01    4.13891e-04

           Step           Time
        1155000    23100.00000

   Energies (kJ/mol)
           Bond       G96Angle  Improper Dih.        LJ (SR)   Coulomb (SR)
    1.23428e+04    3.34571e+03    5.82341e+02   -6.39903e+05    0.00000e+00
      Potential    Kinetic En.   Total Energy  Conserved En.    Temperature
   -6.23632e+05    1.03719e+05   -5.19913e+05   -8.33930e+06    3.02084e+02
 Pressure (bar)   Constr. rmsd
   -3.18912e+01    4.11007e-04

           Step           Time
        1160000    23200.00000

   Energies (kJ/mol)
           Bond       G96Angle  Improper Dih.        LJ (SR)   Coulomb (SR)
    1.26328e+04    3.43720e+03    4.90650e+02   -6.39212e+05    0.00000e+00
      Potential    Kinetic En.   Total Energy  Conserved En.    Temperature
   -6.22652e+05    1.03876e+05   -5.18775e+05   -8.37338e+06    3.02541e+02
 Pressure (bar)   Constr. rmsd
    2.97969e+01    4.16152e-04

           Step           Time
        1165000    23300.00000

   Energies (kJ/mol)
           Bond       G96Angle  Improper Dih.        LJ (SR)   Coulomb (SR)
    1.26354e+04    3.54191e+03    4.98471e+02   -6.40565e+05    0.00000e+00
      Potential    Kinetic En.   Total Energy  Conserved En.    Temperature
   -6.23889e+05    1.03159e+05   -5.20730e+05   -8.40711e+06    3.00451e+02
 Pressure (bar)   Constr. rmsd
    1.38618e+01    4.19841e-04

           Step           Time
        1170000    23400.00000

   Energies (kJ/mol)
           Bond       G96Angle  Improper Dih.        LJ (SR)   Coulomb (SR)
    1.24324e+04    3.55402e+03    5.99568e+02   -6.38114e+05    0.00000e+00
      Potential    Kinetic En.   Total Energy  Conserved En.    Temperature
   -6.21528e+05    1.03511e+05   -5.18016e+05   -8.44085e+06    3.01479e+02
 Pressure (bar)   Constr. rmsd
   -6.50126e+01    4.06454e-04

           Step           Time
        1175000    23500.00000

   Energies (kJ/mol)
           Bond       G96Angle  Improper Dih.        LJ (SR)   Coulomb (SR)
    1.23974e+04    3.54931e+03    5.45137e+02   -6.38874e+05    0.00000e+00
      Potential    Kinetic En.   Total Energy  Conserved En.    Temperature
   -6.22382e+05    1.04080e+05   -5.18302e+05   -8.47456e+06    3.03135e+02
 Pressure (bar)   Constr. rmsd
    1.35664e+01    4.14409e-04

           Step           Time
        1180000    23600.00000

   Energies (kJ/mol)
           Bond       G96Angle  Improper Dih.        LJ (SR)   Coulomb (SR)
    1.24936e+04    3.43947e+03    5.31596e+02   -6.39902e+05    0.00000e+00
      Potential    Kinetic En.   Total Energy  Conserved En.    Temperature
   -6.23438e+05    1.03974e+05   -5.19464e+05   -8.50848e+06    3.02825e+02
 Pressure (bar)   Constr. rmsd
    1.61525e+01    4.14821e-04

           Step           Time
        1185000    23700.00000

   Energies (kJ/mol)
           Bond       G96Angle  Improper Dih.        LJ (SR)   Coulomb (SR)
    1.27060e+04    3.46739e+03    5.39803e+02   -6.40611e+05    0.00000e+00
      Potential    Kinetic En.   Total Energy  Conserved En.    Temperature
   -6.23897e+05    1.04077e+05   -5.19820e+05   -8.54236e+06    3.03126e+02
 Pressure (bar)   Constr. rmsd
   -8.21817e+00    4.41328e-04

           Step           Time
        1190000    23800.00000

   Energies (kJ/mol)
           Bond       G96Angle  Improper Dih.        LJ (SR)   Coulomb (SR)
    1.26826e+04    3.44172e+03    5.13328e+02   -6.38539e+05    0.00000e+00
      Potential    Kinetic En.   Total Energy  Conserved En.    Temperature
   -6.21902e+05    1.03617e+05   -5.18285e+05   -8.57618e+06    3.01786e+02
 Pressure (bar)   Constr. rmsd
    1.56042e+01    4.09713e-04

           Step           Time
        1195000    23900.00000

   Energies (kJ/mol)
           Bond       G96Angle  Improper Dih.        LJ (SR)   Coulomb (SR)
    1.25538e+04    3.66037e+03    5.76251e+02   -6.39293e+05    0.00000e+00
      Potential    Kinetic En.   Total Energy  Conserved En.    Temperature
   -6.22503e+05    1.04517e+05   -5.17986e+05   -8.61011e+06    3.04406e+02
 Pressure (bar)   Constr. rmsd
    2.13409e+01    4.22762e-04

           Step           Time
        1200000    24000.00000

   Energies (kJ/mol)
           Bond       G96Angle  Improper Dih.        LJ (SR)   Coulomb (SR)
    1.28581e+04    3.45475e+03    5.72263e+02   -6.40286e+05    0.00000e+00
      Potential    Kinetic En.   Total Energy  Conserved En.    Temperature
   -6.23401e+05    1.04300e+05   -5.19101e+05   -8.64415e+06    3.03777e+02
 Pressure (bar)   Constr. rmsd
    3.68772e+00    4.28577e-04

           Step           Time
        1205000    24100.00000

   Energies (kJ/mol)
           Bond       G96Angle  Improper Dih.        LJ (SR)   Coulomb (SR)
    1.24083e+04    3.54512e+03    4.93685e+02   -6.38805e+05    0.00000e+00
      Potential    Kinetic En.   Total Energy  Conserved En.    Temperature
   -6.22358e+05    1.03895e+05   -5.18462e+05   -8.67796e+06    3.02597e+02
 Pressure (bar)   Constr. rmsd
    7.02103e+00    4.39335e-04

           Step           Time
        1210000    24200.00000

   Energies (kJ/mol)
           Bond       G96Angle  Improper Dih.        LJ (SR)   Coulomb (SR)
    1.25523e+04    3.62160e+03    4.61001e+02   -6.37342e+05    0.00000e+00
      Potential    Kinetic En.   Total Energy  Conserved En.    Temperature
   -6.20708e+05    1.02979e+05   -5.17728e+05   -8.71201e+06    2.99929e+02
 Pressure (bar)   Constr. rmsd
   -2.91190e+01    4.23759e-04

           Step           Time
        1215000    24300.00000

   Energies (kJ/mol)
           Bond       G96Angle  Improper Dih.        LJ (SR)   Coulomb (SR)
    1.27180e+04    3.68240e+03    5.55366e+02   -6.41232e+05    0.00000e+00
      Potential    Kinetic En.   Total Energy  Conserved En.    Temperature
   -6.24276e+05    1.02926e+05   -5.21350e+05   -8.74573e+06    2.99773e+02
 Pressure (bar)   Constr. rmsd
   -1.37886e+01    4.11568e-04

           Step           Time
        1220000    24400.00000

   Energies (kJ/mol)
           Bond       G96Angle  Improper Dih.        LJ (SR)   Coulomb (SR)
    1.24417e+04    3.35856e+03    4.94368e+02   -6.39823e+05    0.00000e+00
      Potential    Kinetic En.   Total Energy  Conserved En.    Temperature
   -6.23529e+05    1.03673e+05   -5.19856e+05   -8.77990e+06    3.01948e+02
 Pressure (bar)   Constr. rmsd
    2.48849e+01    4.37369e-04

           Step           Time
        1225000    24500.00000

   Energies (kJ/mol)
           Bond       G96Angle  Improper Dih.        LJ (SR)   Coulomb (SR)
    1.27609e+04    3.42756e+03    4.90407e+02   -6.39095e+05    0.00000e+00
      Potential    Kinetic En.   Total Energy  Conserved En.    Temperature
   -6.22416e+05    1.03763e+05   -5.18653e+05   -8.81387e+06    3.02212e+02
 Pressure (bar)   Constr. rmsd
   -1.21789e+01    4.23002e-04

           Step           Time
        1230000    24600.00000

   Energies (kJ/mol)
           Bond       G96Angle  Improper Dih.        LJ (SR)   Coulomb (SR)
    1.23609e+04    3.52783e+03    4.70954e+02   -6.38550e+05    0.00000e+00
      Potential    Kinetic En.   Total Energy  Conserved En.    Temperature
   -6.22190e+05    1.04172e+05   -5.18019e+05   -8.84763e+06    3.03401e+02
 Pressure (bar)   Constr. rmsd
   -5.09136e+01    4.37591e-04

           Step           Time
        1235000    24700.00000

   Energies (kJ/mol)
           Bond       G96Angle  Improper Dih.        LJ (SR)   Coulomb (SR)
    1.28109e+04    3.42345e+03    5.07625e+02   -6.40792e+05    0.00000e+00
      Potential    Kinetic En.   Total Energy  Conserved En.    Temperature
   -6.24050e+05    1.04265e+05   -5.19785e+05   -8.88149e+06    3.03674e+02
 Pressure (bar)   Constr. rmsd
    2.67568e+01    4.17297e-04

           Step           Time
        1240000    24800.00000

   Energies (kJ/mol)
           Bond       G96Angle  Improper Dih.        LJ (SR)   Coulomb (SR)
    1.24097e+04    3.71992e+03    5.56438e+02   -6.38526e+05    0.00000e+00
      Potential    Kinetic En.   Total Energy  Conserved En.    Temperature
   -6.21840e+05    1.04057e+05   -5.17783e+05   -8.91543e+06    3.03069e+02
 Pressure (bar)   Constr. rmsd
   -6.53111e-02    4.33399e-04

           Step           Time
        1245000    24900.00000

   Energies (kJ/mol)
           Bond       G96Angle  Improper Dih.        LJ (SR)   Coulomb (SR)
    1.27447e+04    3.46971e+03    5.05251e+02   -6.40611e+05    0.00000e+00
      Potential    Kinetic En.   Total Energy  Conserved En.    Temperature
   -6.23891e+05    1.03422e+05   -5.20469e+05   -8.94945e+06    3.01219e+02
 Pressure (bar)   Constr. rmsd
    7.63935e+00    4.19231e-04

           Step           Time
        1250000    25000.00000

   Energies (kJ/mol)
           Bond       G96Angle  Improper Dih.        LJ (SR)   Coulomb (SR)
    1.25372e+04    3.56854e+03    4.82786e+02   -6.40681e+05    0.00000e+00
      Potential    Kinetic En.   Total Energy  Conserved En.    Temperature
   -6.24092e+05    1.03277e+05   -5.20815e+05   -8.98338e+06    3.00795e+02
 Pressure (bar)   Constr. rmsd
    1.17737e+01    4.26281e-04

           Step           Time
        1255000    25100.00000

   Energies (kJ/mol)
           Bond       G96Angle  Improper Dih.        LJ (SR)   Coulomb (SR)
    1.22625e+04    3.41646e+03    4.70139e+02   -6.40154e+05    0.00000e+00
      Potential    Kinetic En.   Total Energy  Conserved En.    Temperature
   -6.24004e+05    1.03799e+05   -5.20206e+05   -9.01710e+06    3.02316e+02
 Pressure (bar)   Constr. rmsd
    3.52424e+01    4.20811e-04

           Step           Time
        1260000    25200.00000

   Energies (kJ/mol)
           Bond       G96Angle  Improper Dih.        LJ (SR)   Coulomb (SR)
    1.27342e+04    3.39797e+03    4.91158e+02   -6.40643e+05    0.00000e+00
      Potential    Kinetic En.   Total Energy  Conserved En.    Temperature
   -6.24020e+05    1.05505e+05   -5.18514e+05   -9.05103e+06    3.07286e+02
 Pressure (bar)   Constr. rmsd
    3.95142e+01    4.31917e-04

           Step           Time
        1265000    25300.00000

   Energies (kJ/mol)
           Bond       G96Angle  Improper Dih.        LJ (SR)   Coulomb (SR)
    1.23793e+04    3.56697e+03    5.12114e+02   -6.39084e+05    0.00000e+00
      Potential    Kinetic En.   Total Energy  Conserved En.    Temperature
   -6.22625e+05    1.02932e+05   -5.19693e+05   -9.08493e+06    2.99791e+02
 Pressure (bar)   Constr. rmsd
   -4.09420e+01    4.14855e-04

           Step           Time
        1270000    25400.00000

   Energies (kJ/mol)
           Bond       G96Angle  Improper Dih.        LJ (SR)   Coulomb (SR)
    1.19781e+04    3.47173e+03    5.02771e+02   -6.38830e+05    0.00000e+00
      Potential    Kinetic En.   Total Energy  Conserved En.    Temperature
   -6.22878e+05    1.03139e+05   -5.19739e+05   -9.11859e+06    3.00394e+02
 Pressure (bar)   Constr. rmsd
   -2.71344e+01    4.24885e-04

           Step           Time
        1275000    25500.00000

   Energies (kJ/mol)
           Bond       G96Angle  Improper Dih.        LJ (SR)   Coulomb (SR)
    1.23426e+04    3.62811e+03    5.02254e+02   -6.40697e+05    0.00000e+00
      Potential    Kinetic En.   Total Energy  Conserved En.    Temperature
   -6.24224e+05    1.03182e+05   -5.21041e+05   -9.15250e+06    3.00520e+02
 Pressure (bar)   Constr. rmsd
   -6.52410e+01    4.16255e-04

           Step           Time
        1280000    25600.00000

   Energies (kJ/mol)
           Bond       G96Angle  Improper Dih.        LJ (SR)   Coulomb (SR)
    1.28508e+04    3.58355e+03    5.38411e+02   -6.39893e+05    0.00000e+00
      Potential    Kinetic En.   Total Energy  Conserved En.    Temperature
   -6.22920e+05    1.04218e+05   -5.18702e+05   -9.18636e+06    3.03536e+02
 Pressure (bar)   Constr. rmsd
    3.00887e+01    4.22272e-04

           Step           Time
        1285000    25700.00000

   Energies (kJ/mol)
           Bond       G96Angle  Improper Dih.        LJ (SR)   Coulomb (SR)
    1.21831e+04    3.70913e+03    5.51526e+02   -6.39196e+05    0.00000e+00
      Potential    Kinetic En.   Total Energy  Conserved En.    Temperature
   -6.22752e+05    1.04603e+05   -5.18149e+05   -9.22045e+06    3.04659e+02
 Pressure (bar)   Constr. rmsd
   -3.47803e+01    3.99444e-04

           Step           Time
        1290000    25800.00000

   Energies (kJ/mol)
           Bond       G96Angle  Improper Dih.        LJ (SR)   Coulomb (SR)
    1.22494e+04    3.57957e+03    4.71997e+02   -6.40882e+05    0.00000e+00
      Potential    Kinetic En.   Total Energy  Conserved En.    Temperature
   -6.24582e+05    1.04425e+05   -5.20156e+05   -9.25432e+06    3.04140e+02
 Pressure (bar)   Constr. rmsd
    1.61501e+00    4.35848e-04

           Step           Time
        1295000    25900.00000

   Energies (kJ/mol)
           Bond       G96Angle  Improper Dih.        LJ (SR)   Coulomb (SR)
    1.22531e+04    3.67926e+03    4.27523e+02   -6.38212e+05    0.00000e+00
      Potential    Kinetic En.   Total Energy  Conserved En.    Temperature
   -6.21852e+05    1.02309e+05   -5.19542e+05   -9.28815e+06    2.97977e+02
 Pressure (bar)   Constr. rmsd
   -4.27274e+01    4.33070e-04

           Step           Time
        1300000    26000.00000

   Energies (kJ/mol)
           Bond       G96Angle  Improper Dih.        LJ (SR)   Coulomb (SR)
    1.20868e+04    3.59020e+03    5.27183e+02   -6.40392e+05    0.00000e+00
      Potential    Kinetic En.   Total Energy  Conserved En.    Temperature
   -6.24187e+05    1.04148e+05   -5.20040e+05   -9.32214e+06    3.03332e+02
 Pressure (bar)   Constr. rmsd
    1.13370e+01    4.49870e-04

           Step           Time
        1305000    26100.00000

   Energies (kJ/mol)
           Bond       G96Angle  Improper Dih.        LJ (SR)   Coulomb (SR)
    1.23575e+04    3.61967e+03    5.04845e+02   -6.40294e+05    0.00000e+00
      Potential    Kinetic En.   Total Energy  Conserved En.    Temperature
   -6.23812e+05    1.04713e+05   -5.19100e+05   -9.35596e+06    3.04978e+02
 Pressure (bar)   Constr. rmsd
    3.73692e+01    4.27347e-04

           Step           Time
        1310000    26200.00000

   Energies (kJ/mol)
           Bond       G96Angle  Improper Dih.        LJ (SR)   Coulomb (SR)
    1.22047e+04    3.44395e+03    4.55481e+02   -6.39100e+05    0.00000e+00
      Potential    Kinetic En.   Total Energy  Conserved En.    Temperature
   -6.22996e+05    1.03856e+05   -5.19141e+05   -9.39014e+06    3.02482e+02
 Pressure (bar)   Constr. rmsd
   -3.67061e+01    4.36948e-04

           Step           Time
        1315000    26300.00000

   Energies (kJ/mol)
           Bond       G96Angle  Improper Dih.        LJ (SR)   Coulomb (SR)
    1.25750e+04    3.61368e+03    5.23439e+02   -6.42076e+05    0.00000e+00
      Potential    Kinetic En.   Total Energy  Conserved En.    Temperature
   -6.25364e+05    1.04544e+05   -5.20820e+05   -9.42411e+06    3.04485e+02
 Pressure (bar)   Constr. rmsd
    6.55781e+01    4.45407e-04

           Step           Time
        1320000    26400.00000

   Energies (kJ/mol)
           Bond       G96Angle  Improper Dih.        LJ (SR)   Coulomb (SR)
    1.23907e+04    3.67097e+03    4.91934e+02   -6.38511e+05    0.00000e+00
      Potential    Kinetic En.   Total Energy  Conserved En.    Temperature
   -6.21957e+05    1.03421e+05   -5.18536e+05   -9.45806e+06    3.01216e+02
 Pressure (bar)   Constr. rmsd
    8.97607e+00    4.24462e-04

           Step           Time
        1325000    26500.00000

   Energies (kJ/mol)
           Bond       G96Angle  Improper Dih.        LJ (SR)   Coulomb (SR)
    1.22539e+04    3.51663e+03    4.26040e+02   -6.39004e+05    0.00000e+00
      Potential    Kinetic En.   Total Energy  Conserved En.    Temperature
   -6.22807e+05    1.03842e+05   -5.18964e+05   -9.49191e+06    3.02443e+02
 Pressure (bar)   Constr. rmsd
    3.06282e+00    4.37472e-04

           Step           Time
        1330000    26600.00000

   Energies (kJ/mol)
           Bond       G96Angle  Improper Dih.        LJ (SR)   Coulomb (SR)
    1.18938e+04    3.52166e+03    5.21966e+02   -6.39057e+05    0.00000e+00
      Potential    Kinetic En.   Total Energy  Conserved En.    Temperature
   -6.23119e+05    1.02017e+05   -5.21102e+05   -9.52576e+06    2.97127e+02
 Pressure (bar)   Constr. rmsd
   -3.43818e+01    4.18187e-04

           Step           Time
        1335000    26700.00000

   Energies (kJ/mol)
           Bond       G96Angle  Improper Dih.        LJ (SR)   Coulomb (SR)
    1.27360e+04    3.57517e+03    5.16073e+02   -6.41264e+05    0.00000e+00
      Potential    Kinetic En.   Total Energy  Conserved En.    Temperature
   -6.24437e+05    1.03467e+05   -5.20970e+05   -9.55977e+06    3.01351e+02
 Pressure (bar)   Constr. rmsd
   -1.31937e+01    4.27017e-04

           Step           Time
        1340000    26800.00000

   Energies (kJ/mol)
           Bond       G96Angle  Improper Dih.        LJ (SR)   Coulomb (SR)
    1.24214e+04    3.62206e+03    5.07631e+02   -6.40396e+05    0.00000e+00
      Potential    Kinetic En.   Total Energy  Conserved En.    Temperature
   -6.23845e+05    1.03101e+05   -5.20745e+05   -9.59374e+06    3.00282e+02
 Pressure (bar)   Constr. rmsd
   -1.48321e+01    4.26751e-04

           Step           Time
        1345000    26900.00000

   Energies (kJ/mol)
           Bond       G96Angle  Improper Dih.        LJ (SR)   Coulomb (SR)
    1.24026e+04    3.60299e+03    4.78502e+02   -6.40607e+05    0.00000e+00
      Potential    Kinetic En.   Total Energy  Conserved En.    Temperature
   -6.24123e+05    1.05103e+05   -5.19020e+05   -9.62764e+06    3.06114e+02
 Pressure (bar)   Constr. rmsd
    4.78872e+01    4.39657e-04

           Step           Time
        1350000    27000.00000

   Energies (kJ/mol)
           Bond       G96Angle  Improper Dih.        LJ (SR)   Coulomb (SR)
    1.27145e+04    3.50969e+03    5.08003e+02   -6.40311e+05    0.00000e+00
      Potential    Kinetic En.   Total Energy  Conserved En.    Temperature
   -6.23579e+05    1.04800e+05   -5.18779e+05   -9.66148e+06    3.05231e+02
 Pressure (bar)   Constr. rmsd
   -1.57007e+01    4.23786e-04

           Step           Time
        1355000    27100.00000

   Energies (kJ/mol)
           Bond       G96Angle  Improper Dih.        LJ (SR)   Coulomb (SR)
    1.28822e+04    3.63292e+03    5.17521e+02   -6.40600e+05    0.00000e+00
      Potential    Kinetic En.   Total Energy  Conserved En.    Temperature
   -6.23567e+05    1.03655e+05   -5.19912e+05   -9.69534e+06    3.01897e+02
 Pressure (bar)   Constr. rmsd
    1.51397e+01    4.49838e-04

           Step           Time
        1360000    27200.00000

   Energies (kJ/mol)
           Bond       G96Angle  Improper Dih.        LJ (SR)   Coulomb (SR)
    1.24847e+04    3.43464e+03    5.17714e+02   -6.40145e+05    0.00000e+00
      Potential    Kinetic En.   Total Energy  Conserved En.    Temperature
   -6.23708e+05    1.04209e+05   -5.19498e+05   -9.72898e+06    3.03511e+02
 Pressure (bar)   Constr. rmsd
    1.37943e+01    4.38952e-04

           Step           Time
        1365000    27300.00000

   Energies (kJ/mol)
           Bond       G96Angle  Improper Dih.        LJ (SR)   Coulomb (SR)
    1.22391e+04    3.53249e+03    4.49934e+02   -6.41204e+05    0.00000e+00
      Potential    Kinetic En.   Total Energy  Conserved En.    Temperature
   -6.24982e+05    1.03588e+05   -5.21394e+05   -9.76280e+06    3.01702e+02
 Pressure (bar)   Constr. rmsd
    2.06180e+01    4.58807e-04

           Step           Time
        1370000    27400.00000

   Energies (kJ/mol)
           Bond       G96Angle  Improper Dih.        LJ (SR)   Coulomb (SR)
    1.24593e+04    3.56264e+03    5.03787e+02   -6.40836e+05    0.00000e+00
      Potential    Kinetic En.   Total Energy  Conserved En.    Temperature
   -6.24311e+05    1.03191e+05   -5.21120e+05   -9.79690e+06    3.00545e+02
 Pressure (bar)   Constr. rmsd
    8.63474e+00    4.38650e-04

           Step           Time
        1375000    27500.00000

   Energies (kJ/mol)
           Bond       G96Angle  Improper Dih.        LJ (SR)   Coulomb (SR)
    1.21974e+04    3.45876e+03    6.33045e+02   -6.38934e+05    0.00000e+00
      Potential    Kinetic En.   Total Energy  Conserved En.    Temperature
   -6.22645e+05    1.03995e+05   -5.18650e+05   -9.83091e+06    3.02886e+02
 Pressure (bar)   Constr. rmsd
   -1.52714e+01    4.22667e-04

           Step           Time
        1380000    27600.00000

   Energies (kJ/mol)
           Bond       G96Angle  Improper Dih.        LJ (SR)   Coulomb (SR)
    1.27766e+04    3.51972e+03    4.51270e+02   -6.41164e+05    0.00000e+00
      Potential    Kinetic En.   Total Energy  Conserved En.    Temperature
   -6.24416e+05    1.03846e+05   -5.20570e+05   -9.86482e+06    3.02453e+02
 Pressure (bar)   Constr. rmsd
   -2.30111e+01    4.52625e-04

           Step           Time
        1385000    27700.00000

   Energies (kJ/mol)
           Bond       G96Angle  Improper Dih.        LJ (SR)   Coulomb (SR)
    1.28500e+04    3.26932e+03    5.79762e+02   -6.41044e+05    0.00000e+00
      Potential    Kinetic En.   Total Energy  Conserved En.    Temperature
   -6.24345e+05    1.03139e+05   -5.21206e+05   -9.89844e+06    3.00393e+02
 Pressure (bar)   Constr. rmsd
    6.92683e+01    4.43578e-04

           Step           Time
        1390000    27800.00000

   Energies (kJ/mol)
           Bond       G96Angle  Improper Dih.        LJ (SR)   Coulomb (SR)
    1.23785e+04    3.56513e+03    4.81918e+02   -6.40159e+05    0.00000e+00
      Potential    Kinetic En.   Total Energy  Conserved En.    Temperature
   -6.23733e+05    1.03368e+05   -5.20365e+05   -9.93243e+06    3.01061e+02
 Pressure (bar)   Constr. rmsd
   -2.66046e+00    4.19055e-04

           Step           Time
        1395000    27900.00000

   Energies (kJ/mol)
           Bond       G96Angle  Improper Dih.        LJ (SR)   Coulomb (SR)
    1.28984e+04    3.60253e+03    5.26731e+02   -6.40744e+05    0.00000e+00
      Potential    Kinetic En.   Total Energy  Conserved En.    Temperature
   -6.23717e+05    1.04303e+05   -5.19414e+05   -9.96626e+06    3.03784e+02
 Pressure (bar)   Constr. rmsd
    3.37753e+01    4.40123e-04

           Step           Time
        1400000    28000.00000

   Energies (kJ/mol)
           Bond       G96Angle  Improper Dih.        LJ (SR)   Coulomb (SR)
    1.26172e+04    3.56032e+03    4.69111e+02   -6.40492e+05    0.00000e+00
      Potential    Kinetic En.   Total Energy  Conserved En.    Temperature
   -6.23846e+05    1.02616e+05   -5.21229e+05   -1.00001e+07    2.98871e+02
 Pressure (bar)   Constr. rmsd
   -2.44773e+01    4.29575e-04

           Step           Time
        1405000    28100.00000

   Energies (kJ/mol)
           Bond       G96Angle  Improper Dih.        LJ (SR)   Coulomb (SR)
    1.25459e+04    3.59005e+03    4.46345e+02   -6.40965e+05    0.00000e+00
      Potential    Kinetic En.   Total Energy  Conserved En.    Temperature
   -6.24383e+05    1.03531e+05   -5.20852e+05   -1.00339e+07    3.01536e+02
 Pressure (bar)   Constr. rmsd
   -1.72613e+00    4.22720e-04

           Step           Time
        1410000    28200.00000

   Energies (kJ/mol)
           Bond       G96Angle  Improper Dih.        LJ (SR)   Coulomb (SR)
    1.24930e+04    3.51402e+03    5.14802e+02   -6.38433e+05    0.00000e+00
      Potential    Kinetic En.   Total Energy  Conserved En.    Temperature
   -6.21911e+05    1.03319e+05   -5.18592e+05   -1.00678e+07    3.00918e+02
 Pressure (bar)   Constr. rmsd
   -1.57779e+01    4.28197e-04

           Step           Time
        1415000    28300.00000

   Energies (kJ/mol)
           Bond       G96Angle  Improper Dih.        LJ (SR)   Coulomb (SR)
    1.25549e+04    3.61400e+03    5.29921e+02   -6.41303e+05    0.00000e+00
      Potential    Kinetic En.   Total Energy  Conserved En.    Temperature
   -6.24604e+05    1.02698e+05   -5.21906e+05   -1.01016e+07    2.99110e+02
 Pressure (bar)   Constr. rmsd
    9.93311e+00    4.12984e-04

           Step           Time
        1420000    28400.00000

   Energies (kJ/mol)
           Bond       G96Angle  Improper Dih.        LJ (SR)   Coulomb (SR)
    1.25262e+04    3.47400e+03    5.39564e+02   -6.40328e+05    0.00000e+00
      Potential    Kinetic En.   Total Energy  Conserved En.    Temperature
   -6.23788e+05    1.03646e+05   -5.20142e+05   -1.01352e+07    3.01871e+02
 Pressure (bar)   Constr. rmsd
    4.87064e+01    4.13510e-04

           Step           Time
        1425000    28500.00000

   Energies (kJ/mol)
           Bond       G96Angle  Improper Dih.        LJ (SR)   Coulomb (SR)
    1.22039e+04    3.49459e+03    5.34502e+02   -6.39916e+05    0.00000e+00
      Potential    Kinetic En.   Total Energy  Conserved En.    Temperature
   -6.23683e+05    1.03770e+05   -5.19913e+05   -1.01689e+07    3.02231e+02
 Pressure (bar)   Constr. rmsd
    7.95316e+00    4.33152e-04

           Step           Time
        1430000    28600.00000

   Energies (kJ/mol)
           Bond       G96Angle  Improper Dih.        LJ (SR)   Coulomb (SR)
    1.22929e+04    3.41408e+03    4.63616e+02   -6.40257e+05    0.00000e+00
      Potential    Kinetic En.   Total Energy  Conserved En.    Temperature
   -6.24086e+05    1.03724e+05   -5.20362e+05   -1.02028e+07    3.02099e+02
 Pressure (bar)   Constr. rmsd
   -1.96477e+01    4.33106e-04

           Step           Time
        1435000    28700.00000

   Energies (kJ/mol)
           Bond       G96Angle  Improper Dih.        LJ (SR)   Coulomb (SR)
    1.21513e+04    3.61929e+03    5.19205e+02   -6.41339e+05    0.00000e+00
      Potential    Kinetic En.   Total Energy  Conserved En.    Temperature
   -6.25049e+05    1.02961e+05   -5.22088e+05   -1.02365e+07    2.99876e+02
 Pressure (bar)   Constr. rmsd
   -3.32680e+01    4.24986e-04

           Step           Time
        1440000    28800.00000

   Energies (kJ/mol)
           Bond       G96Angle  Improper Dih.        LJ (SR)   Coulomb (SR)
    1.25409e+04    3.74068e+03    5.45431e+02   -6.39389e+05    0.00000e+00
      Potential    Kinetic En.   Total Energy  Conserved En.    Temperature
   -6.22562e+05    1.04386e+05   -5.18176e+05   -1.02704e+07    3.04026e+02
 Pressure (bar)   Constr. rmsd
   -5.46884e+01    4.22014e-04

           Step           Time
        1445000    28900.00000

   Energies (kJ/mol)
           Bond       G96Angle  Improper Dih.        LJ (SR)   Coulomb (SR)
    1.26293e+04    3.49414e+03    4.98474e+02   -6.41405e+05    0.00000e+00
      Potential    Kinetic En.   Total Energy  Conserved En.    Temperature
   -6.24783e+05    1.03854e+05   -5.20929e+05   -1.03041e+07    3.02476e+02
 Pressure (bar)   Constr. rmsd
    2.21316e+01    4.07853e-04

           Step           Time
        1450000    29000.00000

   Energies (kJ/mol)
           Bond       G96Angle  Improper Dih.        LJ (SR)   Coulomb (SR)
    1.24183e+04    3.61218e+03    5.35160e+02   -6.40188e+05    0.00000e+00
      Potential    Kinetic En.   Total Energy  Conserved En.    Temperature
   -6.23623e+05    1.04598e+05   -5.19024e+05   -1.03379e+07    3.04644e+02
 Pressure (bar)   Constr. rmsd
    2.31802e+01    4.37106e-04

           Step           Time
        1455000    29100.00000

   Energies (kJ/mol)
           Bond       G96Angle  Improper Dih.        LJ (SR)   Coulomb (SR)
    1.23257e+04    3.49069e+03    4.62761e+02   -6.39667e+05    0.00000e+00
      Potential    Kinetic En.   Total Energy  Conserved En.    Temperature
   -6.23387e+05    1.03293e+05   -5.20095e+05   -1.03719e+07    3.00841e+02
 Pressure (bar)   Constr. rmsd
   -3.24006e+01    4.10507e-04

           Step           Time
        1460000    29200.00000

   Energies (kJ/mol)
           Bond       G96Angle  Improper Dih.        LJ (SR)   Coulomb (SR)
    1.23122e+04    3.38274e+03    4.23256e+02   -6.39573e+05    0.00000e+00
      Potential    Kinetic En.   Total Energy  Conserved En.    Temperature
   -6.23454e+05    1.04034e+05   -5.19420e+05   -1.04060e+07    3.03000e+02
 Pressure (bar)   Constr. rmsd
   -5.22607e+01    4.42245e-04

           Step           Time
        1465000    29300.00000

   Energies (kJ/mol)
           Bond       G96Angle  Improper Dih.        LJ (SR)   Coulomb (SR)
    1.24858e+04    3.62860e+03    4.96581e+02   -6.40678e+05    0.00000e+00
      Potential    Kinetic En.   Total Energy  Conserved En.    Temperature
   -6.24067e+05    1.02995e+05   -5.21072e+05   -1.04400e+07    2.99976e+02
 Pressure (bar)   Constr. rmsd
   -2.12750e+01    4.15339e-04

           Step           Time
        1470000    29400.00000

   Energies (kJ/mol)
           Bond       G96Angle  Improper Dih.        LJ (SR)   Coulomb (SR)
    1.24640e+04    3.66561e+03    5.23882e+02   -6.40954e+05    0.00000e+00
      Potential    Kinetic En.   Total Energy  Conserved En.    Temperature
   -6.24300e+05    1.04558e+05   -5.19742e+05   -1.04738e+07    3.04528e+02
 Pressure (bar)   Constr. rmsd
    2.72879e+01    4.16785e-04

           Step           Time
        1475000    29500.00000

   Energies (kJ/mol)
           Bond       G96Angle  Improper Dih.        LJ (SR)   Coulomb (SR)
    1.25329e+04    3.45961e+03    4.55906e+02   -6.40938e+05    0.00000e+00
      Potential    Kinetic En.   Total Energy  Conserved En.    Temperature
   -6.24490e+05    1.03127e+05   -5.21363e+05   -1.05080e+07    3.00358e+02
 Pressure (bar)   Constr. rmsd
    8.36912e+00    4.26165e-04

           Step           Time
        1480000    29600.00000

   Energies (kJ/mol)
           Bond       G96Angle  Improper Dih.        LJ (SR)   Coulomb (SR)
    1.23190e+04    3.48534e+03    5.35572e+02   -6.40305e+05    0.00000e+00
      Potential    Kinetic En.   Total Energy  Conserved En.    Temperature
   -6.23965e+05    1.03935e+05   -5.20030e+05   -1.05418e+07    3.02711e+02
 Pressure (bar)   Constr. rmsd
    6.79797e+01    4.24233e-04

           Step           Time
        1485000    29700.00000

   Energies (kJ/mol)
           Bond       G96Angle  Improper Dih.        LJ (SR)   Coulomb (SR)
    1.26393e+04    3.55215e+03    5.15552e+02   -6.41185e+05    0.00000e+00
      Potential    Kinetic En.   Total Energy  Conserved En.    Temperature
   -6.24478e+05    1.04100e+05   -5.20378e+05   -1.05758e+07    3.03192e+02
 Pressure (bar)   Constr. rmsd
    5.48871e+01    4.22869e-04

           Step           Time
        1490000    29800.00000

   Energies (kJ/mol)
           Bond       G96Angle  Improper Dih.        LJ (SR)   Coulomb (SR)
    1.27674e+04    3.68051e+03    4.77024e+02   -6.41431e+05    0.00000e+00
      Potential    Kinetic En.   Total Energy  Conserved En.    Temperature
   -6.24506e+05    1.03761e+05   -5.20745e+05   -1.06094e+07    3.02206e+02
 Pressure (bar)   Constr. rmsd
    4.91812e+01    4.28149e-04

           Step           Time
        1495000    29900.00000

   Energies (kJ/mol)
           Bond       G96Angle  Improper Dih.        LJ (SR)   Coulomb (SR)
    1.24858e+04    3.68352e+03    5.04467e+02   -6.40983e+05    0.00000e+00
      Potential    Kinetic En.   Total Energy  Conserved En.    Temperature
   -6.24309e+05    1.03481e+05   -5.20827e+05   -1.06435e+07    3.01391e+02
 Pressure (bar)   Constr. rmsd
   -3.96415e+01    4.40039e-04

           Step           Time
        1500000    30000.00000

Writing checkpoint, step 1500000 at Fri Sep 11 17:02:03 2026


   Energies (kJ/mol)
           Bond       G96Angle  Improper Dih.        LJ (SR)   Coulomb (SR)
    1.21569e+04    3.42913e+03    5.70281e+02   -6.39788e+05    0.00000e+00
      Potential    Kinetic En.   Total Energy  Conserved En.    Temperature
   -6.23631e+05    1.03405e+05   -5.20226e+05   -1.06774e+07    3.01169e+02
 Pressure (bar)   Constr. rmsd
   -5.13422e+01    4.00532e-04


	<======  ###############  ==>
	<====  A V E R A G E S  ====>
	<==  ###############  ======>

	Statistics over 1500001 steps using 15001 frames

   Energies (kJ/mol)
           Bond       G96Angle  Improper Dih.        LJ (SR)   Coulomb (SR)
    1.24788e+04    3.54915e+03    5.10855e+02   -6.40174e+05    0.00000e+00
      Potential    Kinetic En.   Total Energy  Conserved En.    Temperature
   -6.23635e+05    1.03679e+05   -5.19957e+05   -5.59773e+06    3.01966e+02
 Pressure (bar)   Constr. rmsd
    2.45015e-01    0.00000e+00

          Box-X          Box-Y          Box-Z
    1.46354e+01    1.46354e+01    1.52199e+01

   Total Virial (kJ/mol)
    3.52418e+04    2.40778e+02    1.42420e+01
    2.40778e+02    3.45079e+04   -2.23162e+01
    1.42439e+01   -2.23156e+01    3.38656e+04

   Pressure (bar)
   -3.69067e+00   -2.38559e+00   -1.94777e-01
   -2.38559e+00    4.33357e+00    2.37153e-01
   -1.94796e-01    2.37147e-01    9.21413e-02

     T-membrane       T-solute
    3.00401e+02    3.02728e+02


	M E G A - F L O P S   A C C O U N T I N G

 NB=Group-cutoff nonbonded kernels    NxN=N-by-N cluster Verlet kernels
 RF=Reaction-Field  VdW=Van der Waals  QSTab=quadratic-spline table
 W3=SPC/TIP3p  W4=TIP4p (single or pairs)
 V&F=Potential and force  V=Potential only  F=Force only

 Computing:                               M-Number         M-Flops  % Flops
-----------------------------------------------------------------------------
 Pair Search distance check           79170.841104      712537.570     0.2
 NxN RF Elec. + LJ [F]             10977986.627200   417163491.834    97.6
 NxN RF Elec. + LJ [V&F]             110898.885888     5988539.838     1.4
 Shift-X                               1793.069884       10758.419     0.0
 Bonds                                10623.007082      626757.418     0.1
 Angles                                7971.005314     1339128.893     0.3
 Impropers                              756.000504      157248.105     0.0
 Virial                                2244.704929       40404.689     0.0
 Stop-CM                                448.319768        4483.198     0.0
 Calc-Ekin                            17930.459768      484122.414     0.1
 Lincs                                 3784.507569      227070.454     0.1
 Lincs-Mat                           108954.217908      435816.872     0.1
 Constraint-V                          7569.010092       60552.081     0.0
 Constraint-Vir                         189.227523        4541.461     0.0
 Virtual Site 3                         756.000504       27972.019     0.0
 Virtual Site 3out                     1512.001008      131544.088     0.0
-----------------------------------------------------------------------------
 Total                                               427414969.350   100.0
-----------------------------------------------------------------------------


     R E A L   C Y C L E   A N D   T I M E   A C C O U N T I N G

On 1 MPI rank, each using 8 OpenMP threads

 Computing:          Num   Num      Call    Wall time         Giga-Cycles
                     Ranks Threads  Count      (s)         total sum    %
-----------------------------------------------------------------------------
 Vsite constr.          1    8    1500001      27.782        465.640   1.1
 Neighbor search        1    8      60001     115.397       1934.101   4.4
 Launch GPU ops.        1    8    1500001      49.454        828.874   1.9
 Force                  1    8    1500001     172.769       2895.685   6.6
 Wait GPU NB local      1    8    1500001    1825.498      30596.190  70.1
 NB X/F buffer ops.     1    8    2940001     111.036       1861.021   4.3
 Vsite spread           1    8    1500001      31.231        523.447   1.2
 Write traj.            1    8        303      26.383        442.196   1.0
 Update                 1    8    1500001      47.523        796.511   1.8
 Constraints            1    8    1500003     151.721       2542.913   5.8
 Rest                                          45.704        766.027   1.8
-----------------------------------------------------------------------------
 Total                                       2604.500      43652.606 100.0
-----------------------------------------------------------------------------

               Core t (s)   Wall t (s)        (%)
       Time:    20835.994     2604.500      800.0
                         43:24
                 (ns/day)    (hour/ns)
Performance:      995.201        0.024
Finished mdrun on rank 0 Fri Sep 11 17:02:05 2026

