                      :-) GROMACS - gmx mdrun, 2020.6 (-:

                            GROMACS is written by:
     Emile Apol      Rossen Apostolov      Paul Bauer     Herman J.C. Berendsen
    Par Bjelkmar      Christian Blau   Viacheslav Bolnykh     Kevin Boyd    
 Aldert van Buuren   Rudi van Drunen     Anton Feenstra       Alan Gray     
  Gerrit Groenhof     Anca Hamuraru    Vincent Hindriksen  M. Eric Irrgang  
  Aleksei Iupinov   Christoph Junghans     Joe Jordan     Dimitrios Karkoulis
    Peter Kasson        Jiri Kraus      Carsten Kutzner      Per Larsson    
  Justin A. Lemkul    Viveca Lindahl    Magnus Lundborg     Erik Marklund   
    Pascal Merz     Pieter Meulenhoff    Teemu Murtola       Szilard Pall   
    Sander Pronk      Roland Schulz      Michael Shirts    Alexey Shvetsov  
   Alfons Sijbers     Peter Tieleman      Jon Vincent      Teemu Virolainen 
 Christian Wennberg    Maarten Wolf      Artem Zhmurov   
                           and the project leaders:
        Mark Abraham, Berk Hess, Erik Lindahl, and David van der Spoel

Copyright (c) 1991-2000, University of Groningen, The Netherlands.
Copyright (c) 2001-2019, The GROMACS development team at
Uppsala University, Stockholm University and
the Royal Institute of Technology, Sweden.
check out http://www.gromacs.org for more information.

GROMACS is free software; you can redistribute it and/or modify it
under the terms of the GNU Lesser General Public License
as published by the Free Software Foundation; either version 2.1
of the License, or (at your option) any later version.

GROMACS:      gmx mdrun, version 2020.6
Executable:   /home/r32/gmx2020.6/bin/gmx
Data prefix:  /home/r32/gmx2020.6
Working dir:  /media/r32/8E5E7C105E7BEF79/Desktop/WXW/MD/APP-3/membrane/enhancer/2/CNN
Process ID:   335721
Command line:
  gmx mdrun -deffnm step7_production -v -ntmpi 1 -ntomp 8 -pinoffset 1

GROMACS version:    2020.6
Verified release checksum is 2f568d8884e039acbc6b68722432516e0628be00c847969b7c905c8b53ef826f
Precision:          single
Memory model:       64 bit
MPI library:        thread_mpi
OpenMP support:     enabled (GMX_OPENMP_MAX_THREADS = 64)
GPU support:        CUDA
SIMD instructions:  AVX2_256
FFT library:        fftw-3.3.10-sse2-avx
RDTSCP usage:       enabled
TNG support:        enabled
Hwloc support:      disabled
Tracing support:    disabled
C compiler:         /usr/bin/cc GNU 8.4.0
C compiler flags:   -mavx2 -mfma -fexcess-precision=fast -funroll-all-loops -O3 -DNDEBUG
C++ compiler:       /usr/bin/g++ GNU 8.4.0
C++ compiler flags: -mavx2 -mfma -fexcess-precision=fast -funroll-all-loops -fopenmp -O3 -DNDEBUG
CUDA compiler:      /usr/bin/nvcc nvcc: NVIDIA (R) Cuda compiler driver;Copyright (c) 2005-2019 NVIDIA Corporation;Built on Sun_Jul_28_19:07:16_PDT_2019;Cuda compilation tools, release 10.1, V10.1.243
CUDA compiler flags:-gencode;arch=compute_30,code=sm_30;-gencode;arch=compute_35,code=sm_35;-gencode;arch=compute_37,code=sm_37;-gencode;arch=compute_50,code=sm_50;-gencode;arch=compute_52,code=sm_52;-gencode;arch=compute_60,code=sm_60;-gencode;arch=compute_61,code=sm_61;-gencode;arch=compute_70,code=sm_70;-gencode;arch=compute_35,code=compute_35;-gencode;arch=compute_50,code=compute_50;-gencode;arch=compute_52,code=compute_52;-gencode;arch=compute_60,code=compute_60;-gencode;arch=compute_61,code=compute_61;-gencode;arch=compute_70,code=compute_70;-gencode;arch=compute_75,code=compute_75;-use_fast_math;-D_FORCE_INLINES;-mavx2 -mfma -fexcess-precision=fast -funroll-all-loops -fopenmp -O3 -DNDEBUG
CUDA driver:        11.80
CUDA runtime:       10.10


Running on 1 node with total 96 cores, 192 logical cores, 1 compatible GPU
Hardware detected:
  CPU info:
    Vendor: AMD
    Brand:  AMD EPYC 7R32 48-Core Processor                
    Family: 23   Model: 49   Stepping: 0
    Features: aes amd apic avx avx2 clfsh cmov cx8 cx16 f16c fma htt lahf misalignsse mmx msr nonstop_tsc pclmuldq pdpe1gb popcnt pse rdrnd rdtscp sha sse2 sse3 sse4a sse4.1 sse4.2 ssse3
  Hardware topology: Basic
    Sockets, cores, and logical processors:
      Socket  0: [   0  96] [   1  97] [   2  98] [   3  99] [   4 100] [   5 101] [   6 102] [   7 103] [   8 104] [   9 105] [  10 106] [  11 107] [  12 108] [  13 109] [  14 110] [  15 111] [  16 112] [  17 113] [  18 114] [  19 115] [  20 116] [  21 117] [  22 118] [  23 119] [  24 120] [  25 121] [  26 122] [  27 123] [  28 124] [  29 125] [  30 126] [  31 127] [  32 128] [  33 129] [  34 130] [  35 131] [  36 132] [  37 133] [  38 134] [  39 135] [  40 136] [  41 137] [  42 138] [  43 139] [  44 140] [  45 141] [  46 142] [  47 143] [  48 144] [  49 145] [  50 146] [  51 147] [  52 148] [  53 149] [  54 150] [  55 151] [  56 152] [  57 153] [  58 154] [  59 155] [  60 156] [  61 157] [  62 158] [  63 159] [  64 160] [  65 161] [  66 162] [  67 163] [  68 164] [  69 165] [  70 166] [  71 167] [  72 168] [  73 169] [  74 170] [  75 171] [  76 172] [  77 173] [  78 174] [  79 175] [  80 176] [  81 177] [  82 178] [  83 179] [  84 180] [  85 181] [  86 182] [  87 183] [  88 184] [  89 185] [  90 186] [  91 187] [  92 188] [  93 189] [  94 190] [  95 191]
  GPU info:
    Number of GPUs detected: 1
    #0: NVIDIA NVIDIA GeForce RTX 3080 Ti, compute cap.: 8.6, ECC:  no, stat: compatible


++++ PLEASE READ AND CITE THE FOLLOWING REFERENCE ++++
M. J. Abraham, T. Murtola, R. Schulz, S. Páll, J. C. Smith, B. Hess, E.
Lindahl
GROMACS: High performance molecular simulations through multi-level
parallelism from laptops to supercomputers
SoftwareX 1 (2015) pp. 19-25
-------- -------- --- Thank You --- -------- --------


++++ PLEASE READ AND CITE THE FOLLOWING REFERENCE ++++
S. Páll, M. J. Abraham, C. Kutzner, B. Hess, E. Lindahl
Tackling Exascale Software Challenges in Molecular Dynamics Simulations with
GROMACS
In S. Markidis & E. Laure (Eds.), Solving Software Challenges for Exascale 8759 (2015) pp. 3-27
-------- -------- --- Thank You --- -------- --------


++++ PLEASE READ AND CITE THE FOLLOWING REFERENCE ++++
S. Pronk, S. Páll, R. Schulz, P. Larsson, P. Bjelkmar, R. Apostolov, M. R.
Shirts, J. C. Smith, P. M. Kasson, D. van der Spoel, B. Hess, and E. Lindahl
GROMACS 4.5: a high-throughput and highly parallel open source molecular
simulation toolkit
Bioinformatics 29 (2013) pp. 845-54
-------- -------- --- Thank You --- -------- --------


++++ PLEASE READ AND CITE THE FOLLOWING REFERENCE ++++
B. Hess and C. Kutzner and D. van der Spoel and E. Lindahl
GROMACS 4: Algorithms for highly efficient, load-balanced, and scalable
molecular simulation
J. Chem. Theory Comput. 4 (2008) pp. 435-447
-------- -------- --- Thank You --- -------- --------


++++ PLEASE READ AND CITE THE FOLLOWING REFERENCE ++++
D. van der Spoel, E. Lindahl, B. Hess, G. Groenhof, A. E. Mark and H. J. C.
Berendsen
GROMACS: Fast, Flexible and Free
J. Comp. Chem. 26 (2005) pp. 1701-1719
-------- -------- --- Thank You --- -------- --------


++++ PLEASE READ AND CITE THE FOLLOWING REFERENCE ++++
E. Lindahl and B. Hess and D. van der Spoel
GROMACS 3.0: A package for molecular simulation and trajectory analysis
J. Mol. Mod. 7 (2001) pp. 306-317
-------- -------- --- Thank You --- -------- --------


++++ PLEASE READ AND CITE THE FOLLOWING REFERENCE ++++
H. J. C. Berendsen, D. van der Spoel and R. van Drunen
GROMACS: A message-passing parallel molecular dynamics implementation
Comp. Phys. Comm. 91 (1995) pp. 43-56
-------- -------- --- Thank You --- -------- --------


++++ PLEASE CITE THE DOI FOR THIS VERSION OF GROMACS ++++
https://doi.org/10.5281/zenodo.4576055
-------- -------- --- Thank You --- -------- --------

Input Parameters:
   integrator                     = md
   tinit                          = 0
   dt                             = 0.02
   nsteps                         = 5000000
   init-step                      = 0
   simulation-part                = 1
   comm-mode                      = Linear
   nstcomm                        = 100
   bd-fric                        = 0
   ld-seed                        = 1056898047
   emtol                          = 10
   emstep                         = 0.01
   niter                          = 20
   fcstep                         = 0
   nstcgsteep                     = 1000
   nbfgscorr                      = 10
   rtpi                           = 0.05
   nstxout                        = 5000
   nstvout                        = 5000
   nstfout                        = 5000
   nstlog                         = 5000
   nstcalcenergy                  = 100
   nstenergy                      = 5000
   nstxout-compressed             = 5000
   compressed-x-precision         = 100
   cutoff-scheme                  = Verlet
   nstlist                        = 20
   pbc                            = xyz
   periodic-molecules             = false
   verlet-buffer-tolerance        = 0.005
   rlist                          = 1.202
   coulombtype                    = Reaction-Field
   coulomb-modifier               = Potential-shift
   rcoulomb-switch                = 0
   rcoulomb                       = 1.1
   epsilon-r                      = 15
   epsilon-rf                     = inf
   vdw-type                       = Cut-off
   vdw-modifier                   = Potential-shift
   rvdw-switch                    = 0
   rvdw                           = 1.1
   DispCorr                       = No
   table-extension                = 1
   fourierspacing                 = 0.12
   fourier-nx                     = 0
   fourier-ny                     = 0
   fourier-nz                     = 0
   pme-order                      = 4
   ewald-rtol                     = 1e-05
   ewald-rtol-lj                  = 0.001
   lj-pme-comb-rule               = Geometric
   ewald-geometry                 = 0
   epsilon-surface                = 0
   tcoupl                         = V-rescale
   nsttcouple                     = 20
   nh-chain-length                = 0
   print-nose-hoover-chain-variables = false
   pcoupl                         = Parrinello-Rahman
   pcoupltype                     = Semiisotropic
   nstpcouple                     = 20
   tau-p                          = 12
   compressibility (3x3):
      compressibility[    0]={ 3.00000e-04,  0.00000e+00,  0.00000e+00}
      compressibility[    1]={ 0.00000e+00,  3.00000e-04,  0.00000e+00}
      compressibility[    2]={ 0.00000e+00,  0.00000e+00,  3.00000e-04}
   ref-p (3x3):
      ref-p[    0]={ 1.00000e+00,  0.00000e+00,  0.00000e+00}
      ref-p[    1]={ 0.00000e+00,  1.00000e+00,  0.00000e+00}
      ref-p[    2]={ 0.00000e+00,  0.00000e+00,  1.00000e+00}
   refcoord-scaling               = All
   posres-com (3):
      posres-com[0]= 0.00000e+00
      posres-com[1]= 0.00000e+00
      posres-com[2]= 0.00000e+00
   posres-comB (3):
      posres-comB[0]= 0.00000e+00
      posres-comB[1]= 0.00000e+00
      posres-comB[2]= 0.00000e+00
   QMMM                           = false
   QMconstraints                  = 0
   QMMMscheme                     = 0
   MMChargeScaleFactor            = 1
qm-opts:
   ngQM                           = 0
   constraint-algorithm           = Lincs
   continuation                   = false
   Shake-SOR                      = false
   shake-tol                      = 0.0001
   lincs-order                    = 4
   lincs-iter                     = 1
   lincs-warnangle                = 30
   nwall                          = 0
   wall-type                      = 9-3
   wall-r-linpot                  = -1
   wall-atomtype[0]               = -1
   wall-atomtype[1]               = -1
   wall-density[0]                = 0
   wall-density[1]                = 0
   wall-ewald-zfac                = 3
   pull                           = false
   awh                            = false
   rotation                       = false
   interactiveMD                  = false
   disre                          = No
   disre-weighting                = Conservative
   disre-mixed                    = false
   dr-fc                          = 1000
   dr-tau                         = 0
   nstdisreout                    = 100
   orire-fc                       = 0
   orire-tau                      = 0
   nstorireout                    = 100
   free-energy                    = no
   cos-acceleration               = 0
   deform (3x3):
      deform[    0]={ 0.00000e+00,  0.00000e+00,  0.00000e+00}
      deform[    1]={ 0.00000e+00,  0.00000e+00,  0.00000e+00}
      deform[    2]={ 0.00000e+00,  0.00000e+00,  0.00000e+00}
   simulated-tempering            = false
   swapcoords                     = no
   userint1                       = 0
   userint2                       = 0
   userint3                       = 0
   userint4                       = 0
   userreal1                      = 0
   userreal2                      = 0
   userreal3                      = 0
   userreal4                      = 0
   applied-forces:
     electric-field:
       x:
         E0                       = 0
         omega                    = 0
         t0                       = 0
         sigma                    = 0
       y:
         E0                       = 0
         omega                    = 0
         t0                       = 0
         sigma                    = 0
       z:
         E0                       = 0
         omega                    = 0
         t0                       = 0
         sigma                    = 0
     density-guided-simulation:
       active                     = false
       group                      = protein
       similarity-measure         = inner-product
       atom-spreading-weight      = unity
       force-constant             = 1e+09
       gaussian-transform-spreading-width = 0.2
       gaussian-transform-spreading-range-in-multiples-of-width = 4
       reference-density-filename = reference.mrc
       nst                        = 1
       normalize-densities        = true
       adaptive-force-scaling     = false
       adaptive-force-scaling-time-constant = 4
grpopts:
   nrdf:       27047       55531     959.966
   ref-t:      305.15      305.15      305.15
   tau-t:           1           1           1
annealing:          No          No          No
annealing-npoints:           0           0           0
   acc:	           0           0           0
   nfreeze:           N           N           N
   energygrp-flags[  0]: 0

Changing nstlist from 20 to 25, rlist from 1.202 to 1.248

1 GPU selected for this run.
Mapping of GPU IDs to the 1 GPU task in the 1 rank on this node:
  PP:0
PP tasks will do (non-perturbed) short-ranged interactions on the GPU
PP task will update and constrain coordinates on the CPU
Using 1 MPI thread

Non-default thread affinity set, disabling internal thread affinity

Using 8 OpenMP threads 

System total charge: 0.000
Reaction-Field:
epsRF = 0, rc = 1.1, krf = 0.375657, crf = 1.36364, epsfac = 9.26236
The electrostatics potential has its minimum at r = 1.1
Potential shift: LJ r^-12: -3.186e-01 r^-6: -5.645e-01

Using GPU 8x8 nonbonded short-range kernels

Using a dual 8x8 pair-list setup updated with dynamic, rolling pruning:
  outer list: updated every 25 steps, buffer 0.148 nm, rlist 1.248 nm
  inner list: updated every  4 steps, buffer 0.002 nm, rlist 1.102 nm
At tolerance 0.005 kJ/mol/ps per atom, equivalent classical 1x1 list would be:
  outer list: updated every 25 steps, buffer 0.261 nm, rlist 1.361 nm
  inner list: updated every  4 steps, buffer 0.025 nm, rlist 1.125 nm

Using full Lennard-Jones parameter combination matrix

Removing pbc first time

Initializing LINear Constraint Solver

++++ PLEASE READ AND CITE THE FOLLOWING REFERENCE ++++
B. Hess
P-LINCS: A Parallel Linear Constraint Solver for molecular simulation
J. Chem. Theory Comput. 4 (2008) pp. 116-122
-------- -------- --- Thank You --- -------- --------

The number of constraints is 2520
2520 constraints are involved in constraint triangles,
will apply an additional matrix expansion of order 4 for couplings
between constraints inside triangles

++++ PLEASE READ AND CITE THE FOLLOWING REFERENCE ++++
G. Bussi, D. Donadio and M. Parrinello
Canonical sampling through velocity rescaling
J. Chem. Phys. 126 (2007) pp. 014101
-------- -------- --- Thank You --- -------- --------

There are: 28687 Atoms
There are: 1512 VSites

Constraining the starting coordinates (step 0)

Constraining the coordinates at t0-dt (step 0)
Center of mass motion removal mode is Linear
We have the following groups for center of mass motion removal:
  0:  rest
RMS relative constraint deviation after constraining: 8.89e-05
Initial temperature: 302.498 K

Started mdrun on rank 0 Fri Feb 24 17:51:17 2023

           Step           Time
              0        0.00000

   Energies (kJ/mol)
           Bond       G96Angle  Improper Dih.        LJ (SR)   Coulomb (SR)
    1.27142e+04    4.07166e+03    5.45750e+02   -5.89304e+05    0.00000e+00
      Potential    Kinetic En.   Total Energy  Conserved En.    Temperature
   -5.71972e+05    1.04998e+05   -4.66974e+05   -4.66773e+05    3.02338e+02
 Pressure (bar)   Constr. rmsd
    1.73658e+00    3.70354e-04

           Step           Time
           5000      100.00000

   Energies (kJ/mol)
           Bond       G96Angle  Improper Dih.        LJ (SR)   Coulomb (SR)
    1.30954e+04    4.31647e+03    5.45573e+02   -5.90773e+05    0.00000e+00
      Potential    Kinetic En.   Total Energy  Conserved En.    Temperature
   -5.72815e+05    1.05645e+05   -4.67171e+05   -5.00304e+05    3.04200e+02
 Pressure (bar)   Constr. rmsd
    1.52140e+01    4.22465e-04

           Step           Time
          10000      200.00000

   Energies (kJ/mol)
           Bond       G96Angle  Improper Dih.        LJ (SR)   Coulomb (SR)
    1.30704e+04    4.21008e+03    5.56311e+02   -5.91929e+05    0.00000e+00
      Potential    Kinetic En.   Total Energy  Conserved En.    Temperature
   -5.74092e+05    1.06700e+05   -4.67392e+05   -5.33872e+05    3.07240e+02
 Pressure (bar)   Constr. rmsd
   -2.81382e+01    3.75714e-04

           Step           Time
          15000      300.00000

   Energies (kJ/mol)
           Bond       G96Angle  Improper Dih.        LJ (SR)   Coulomb (SR)
    1.28830e+04    4.34691e+03    5.60378e+02   -5.91117e+05    0.00000e+00
      Potential    Kinetic En.   Total Energy  Conserved En.    Temperature
   -5.73327e+05    1.06099e+05   -4.67228e+05   -5.67215e+05    3.05507e+02
 Pressure (bar)   Constr. rmsd
    1.03226e+00    3.70389e-04

           Step           Time
          20000      400.00000

   Energies (kJ/mol)
           Bond       G96Angle  Improper Dih.        LJ (SR)   Coulomb (SR)
    1.26988e+04    4.22427e+03    5.29273e+02   -5.91247e+05    0.00000e+00
      Potential    Kinetic En.   Total Energy  Conserved En.    Temperature
   -5.73795e+05    1.05205e+05   -4.68590e+05   -6.00420e+05    3.02935e+02
 Pressure (bar)   Constr. rmsd
    1.59771e+01    4.04225e-04

           Step           Time
          25000      500.00000

   Energies (kJ/mol)
           Bond       G96Angle  Improper Dih.        LJ (SR)   Coulomb (SR)
    1.33471e+04    4.22958e+03    5.43503e+02   -5.88564e+05    0.00000e+00
      Potential    Kinetic En.   Total Energy  Conserved En.    Temperature
   -5.70444e+05    1.06979e+05   -4.63465e+05   -6.33746e+05    3.08043e+02
 Pressure (bar)   Constr. rmsd
    5.70135e+00    4.13261e-04

           Step           Time
          30000      600.00000

   Energies (kJ/mol)
           Bond       G96Angle  Improper Dih.        LJ (SR)   Coulomb (SR)
    1.28980e+04    4.21435e+03    4.76829e+02   -5.89425e+05    0.00000e+00
      Potential    Kinetic En.   Total Energy  Conserved En.    Temperature
   -5.71836e+05    1.06588e+05   -4.65248e+05   -6.67433e+05    3.06917e+02
 Pressure (bar)   Constr. rmsd
    3.81628e+00    4.09121e-04

           Step           Time
          35000      700.00000

   Energies (kJ/mol)
           Bond       G96Angle  Improper Dih.        LJ (SR)   Coulomb (SR)
    1.28153e+04    4.15184e+03    5.86753e+02   -5.91972e+05    0.00000e+00
      Potential    Kinetic En.   Total Energy  Conserved En.    Temperature
   -5.74419e+05    1.05154e+05   -4.69265e+05   -7.00871e+05    3.02787e+02
 Pressure (bar)   Constr. rmsd
    1.31962e+01    4.08773e-04

           Step           Time
          40000      800.00000

   Energies (kJ/mol)
           Bond       G96Angle  Improper Dih.        LJ (SR)   Coulomb (SR)
    1.29692e+04    4.35005e+03    5.11999e+02   -5.89799e+05    0.00000e+00
      Potential    Kinetic En.   Total Energy  Conserved En.    Temperature
   -5.71968e+05    1.05000e+05   -4.66968e+05   -7.34132e+05    3.02344e+02
 Pressure (bar)   Constr. rmsd
   -1.84963e+01    4.29946e-04

           Step           Time
          45000      900.00000

   Energies (kJ/mol)
           Bond       G96Angle  Improper Dih.        LJ (SR)   Coulomb (SR)
    1.28821e+04    4.38948e+03    5.99470e+02   -5.90448e+05    0.00000e+00
      Potential    Kinetic En.   Total Energy  Conserved En.    Temperature
   -5.72577e+05    1.06234e+05   -4.66343e+05   -7.67354e+05    3.05897e+02
 Pressure (bar)   Constr. rmsd
   -3.13175e+00    4.13271e-04

           Step           Time
          50000     1000.00000

   Energies (kJ/mol)
           Bond       G96Angle  Improper Dih.        LJ (SR)   Coulomb (SR)
    1.28636e+04    4.30722e+03    4.89875e+02   -5.89032e+05    0.00000e+00
      Potential    Kinetic En.   Total Energy  Conserved En.    Temperature
   -5.71371e+05    1.06202e+05   -4.65169e+05   -8.00888e+05    3.05805e+02
 Pressure (bar)   Constr. rmsd
    3.56670e+01    4.29430e-04

           Step           Time
          55000     1100.00000

   Energies (kJ/mol)
           Bond       G96Angle  Improper Dih.        LJ (SR)   Coulomb (SR)
    1.27181e+04    4.31429e+03    5.18533e+02   -5.90362e+05    0.00000e+00
      Potential    Kinetic En.   Total Energy  Conserved En.    Temperature
   -5.72811e+05    1.05561e+05   -4.67250e+05   -8.34064e+05    3.03958e+02
 Pressure (bar)   Constr. rmsd
   -1.48196e+01    4.11895e-04

           Step           Time
          60000     1200.00000

   Energies (kJ/mol)
           Bond       G96Angle  Improper Dih.        LJ (SR)   Coulomb (SR)
    1.26076e+04    4.23589e+03    5.21415e+02   -5.88689e+05    0.00000e+00
      Potential    Kinetic En.   Total Energy  Conserved En.    Temperature
   -5.71324e+05    1.04835e+05   -4.66489e+05   -8.67324e+05    3.01870e+02
 Pressure (bar)   Constr. rmsd
   -1.39544e+01    4.21132e-04

           Step           Time
          65000     1300.00000

   Energies (kJ/mol)
           Bond       G96Angle  Improper Dih.        LJ (SR)   Coulomb (SR)
    1.26603e+04    4.30976e+03    5.66290e+02   -5.89750e+05    0.00000e+00
      Potential    Kinetic En.   Total Energy  Conserved En.    Temperature
   -5.72214e+05    1.05668e+05   -4.66545e+05   -9.00587e+05    3.04268e+02
 Pressure (bar)   Constr. rmsd
   -4.02211e+01    4.17088e-04

           Step           Time
          70000     1400.00000

   Energies (kJ/mol)
           Bond       G96Angle  Improper Dih.        LJ (SR)   Coulomb (SR)
    1.28010e+04    4.42424e+03    4.96470e+02   -5.87177e+05    0.00000e+00
      Potential    Kinetic En.   Total Energy  Conserved En.    Temperature
   -5.69455e+05    1.05770e+05   -4.63685e+05   -9.33867e+05    3.04561e+02
 Pressure (bar)   Constr. rmsd
   -3.16194e+00    4.07081e-04

           Step           Time
          75000     1500.00000

   Energies (kJ/mol)
           Bond       G96Angle  Improper Dih.        LJ (SR)   Coulomb (SR)
    1.31808e+04    4.35964e+03    5.20882e+02   -5.87420e+05    0.00000e+00
      Potential    Kinetic En.   Total Energy  Conserved En.    Temperature
   -5.69358e+05    1.06198e+05   -4.63161e+05   -9.67196e+05    3.05792e+02
 Pressure (bar)   Constr. rmsd
    1.62743e+01    4.06622e-04

           Step           Time
          80000     1600.00000

   Energies (kJ/mol)
           Bond       G96Angle  Improper Dih.        LJ (SR)   Coulomb (SR)
    1.28046e+04    4.44288e+03    6.09669e+02   -5.89186e+05    0.00000e+00
      Potential    Kinetic En.   Total Energy  Conserved En.    Temperature
   -5.71329e+05    1.05075e+05   -4.66253e+05   -1.00056e+06    3.02561e+02
 Pressure (bar)   Constr. rmsd
    1.98707e+00    3.96729e-04

           Step           Time
          85000     1700.00000

   Energies (kJ/mol)
           Bond       G96Angle  Improper Dih.        LJ (SR)   Coulomb (SR)
    1.26424e+04    4.26623e+03    5.99970e+02   -5.90079e+05    0.00000e+00
      Potential    Kinetic En.   Total Energy  Conserved En.    Temperature
   -5.72570e+05    1.05916e+05   -4.66654e+05   -1.03368e+06    3.04981e+02
 Pressure (bar)   Constr. rmsd
   -6.91041e+00    4.12855e-04

           Step           Time
          90000     1800.00000

   Energies (kJ/mol)
           Bond       G96Angle  Improper Dih.        LJ (SR)   Coulomb (SR)
    1.25765e+04    4.26292e+03    5.67648e+02   -5.88938e+05    0.00000e+00
      Potential    Kinetic En.   Total Energy  Conserved En.    Temperature
   -5.71531e+05    1.05786e+05   -4.65745e+05   -1.06696e+06    3.04608e+02
 Pressure (bar)   Constr. rmsd
    1.12457e+01    4.19814e-04

           Step           Time
          95000     1900.00000

   Energies (kJ/mol)
           Bond       G96Angle  Improper Dih.        LJ (SR)   Coulomb (SR)
    1.29745e+04    4.37460e+03    5.79687e+02   -5.88482e+05    0.00000e+00
      Potential    Kinetic En.   Total Energy  Conserved En.    Temperature
   -5.70553e+05    1.06540e+05   -4.64013e+05   -1.10025e+06    3.06777e+02
 Pressure (bar)   Constr. rmsd
    1.54532e+00    4.19557e-04

           Step           Time
         100000     2000.00000

   Energies (kJ/mol)
           Bond       G96Angle  Improper Dih.        LJ (SR)   Coulomb (SR)
    1.29483e+04    4.49041e+03    5.15254e+02   -5.88474e+05    0.00000e+00
      Potential    Kinetic En.   Total Energy  Conserved En.    Temperature
   -5.70520e+05    1.05494e+05   -4.65026e+05   -1.13347e+06    3.03767e+02
 Pressure (bar)   Constr. rmsd
   -1.55499e+01    3.97340e-04

           Step           Time
         105000     2100.00000

   Energies (kJ/mol)
           Bond       G96Angle  Improper Dih.        LJ (SR)   Coulomb (SR)
    1.26654e+04    4.27951e+03    5.57611e+02   -5.89501e+05    0.00000e+00
      Potential    Kinetic En.   Total Energy  Conserved En.    Temperature
   -5.71998e+05    1.04641e+05   -4.67357e+05   -1.16678e+06    3.01311e+02
 Pressure (bar)   Constr. rmsd
   -7.18534e+00    4.12328e-04

           Step           Time
         110000     2200.00000

   Energies (kJ/mol)
           Bond       G96Angle  Improper Dih.        LJ (SR)   Coulomb (SR)
    1.24237e+04    4.63098e+03    5.41007e+02   -5.88201e+05    0.00000e+00
      Potential    Kinetic En.   Total Energy  Conserved En.    Temperature
   -5.70605e+05    1.05032e+05   -4.65574e+05   -1.20033e+06    3.02435e+02
 Pressure (bar)   Constr. rmsd
   -1.48107e+01    4.16150e-04

           Step           Time
         115000     2300.00000

   Energies (kJ/mol)
           Bond       G96Angle  Improper Dih.        LJ (SR)   Coulomb (SR)
    1.20609e+04    4.45028e+03    5.29851e+02   -5.87042e+05    0.00000e+00
      Potential    Kinetic En.   Total Energy  Conserved En.    Temperature
   -5.70001e+05    1.04386e+05   -4.65616e+05   -1.23338e+06    3.00575e+02
 Pressure (bar)   Constr. rmsd
   -1.30027e+01    4.02688e-04

           Step           Time
         120000     2400.00000

   Energies (kJ/mol)
           Bond       G96Angle  Improper Dih.        LJ (SR)   Coulomb (SR)
    1.28385e+04    4.43562e+03    5.82099e+02   -5.88566e+05    0.00000e+00
      Potential    Kinetic En.   Total Energy  Conserved En.    Temperature
   -5.70710e+05    1.05445e+05   -4.65264e+05   -1.26664e+06    3.03626e+02
 Pressure (bar)   Constr. rmsd
   -4.37883e+00    3.90815e-04

           Step           Time
         125000     2500.00000

   Energies (kJ/mol)
           Bond       G96Angle  Improper Dih.        LJ (SR)   Coulomb (SR)
    1.31449e+04    4.54325e+03    6.34469e+02   -5.88906e+05    0.00000e+00
      Potential    Kinetic En.   Total Energy  Conserved En.    Temperature
   -5.70584e+05    1.06762e+05   -4.63821e+05   -1.30007e+06    3.07418e+02
 Pressure (bar)   Constr. rmsd
    2.65203e+01    4.02170e-04

           Step           Time
         130000     2600.00000

   Energies (kJ/mol)
           Bond       G96Angle  Improper Dih.        LJ (SR)   Coulomb (SR)
    1.29145e+04    4.33158e+03    5.65532e+02   -5.88176e+05    0.00000e+00
      Potential    Kinetic En.   Total Energy  Conserved En.    Temperature
   -5.70364e+05    1.05758e+05   -4.64606e+05   -1.33329e+06    3.04525e+02
 Pressure (bar)   Constr. rmsd
    4.30352e+00    4.01650e-04

           Step           Time
         135000     2700.00000

   Energies (kJ/mol)
           Bond       G96Angle  Improper Dih.        LJ (SR)   Coulomb (SR)
    1.28310e+04    4.42868e+03    5.64063e+02   -5.89792e+05    0.00000e+00
      Potential    Kinetic En.   Total Energy  Conserved En.    Temperature
   -5.71969e+05    1.06205e+05   -4.65763e+05   -1.36658e+06    3.05814e+02
 Pressure (bar)   Constr. rmsd
    1.85527e+01    4.13648e-04

           Step           Time
         140000     2800.00000

   Energies (kJ/mol)
           Bond       G96Angle  Improper Dih.        LJ (SR)   Coulomb (SR)
    1.23593e+04    4.49763e+03    5.04961e+02   -5.90509e+05    0.00000e+00
      Potential    Kinetic En.   Total Energy  Conserved En.    Temperature
   -5.73147e+05    1.04854e+05   -4.68293e+05   -1.39972e+06    3.01924e+02
 Pressure (bar)   Constr. rmsd
   -4.07805e+01    4.01918e-04

           Step           Time
         145000     2900.00000

   Energies (kJ/mol)
           Bond       G96Angle  Improper Dih.        LJ (SR)   Coulomb (SR)
    1.29012e+04    4.37570e+03    5.77268e+02   -5.90648e+05    0.00000e+00
      Potential    Kinetic En.   Total Energy  Conserved En.    Temperature
   -5.72794e+05    1.05280e+05   -4.67513e+05   -1.43280e+06    3.03151e+02
 Pressure (bar)   Constr. rmsd
   -2.42156e+01    3.98744e-04

           Step           Time
         150000     3000.00000

   Energies (kJ/mol)
           Bond       G96Angle  Improper Dih.        LJ (SR)   Coulomb (SR)
    1.26595e+04    4.36785e+03    5.73349e+02   -5.87162e+05    0.00000e+00
      Potential    Kinetic En.   Total Energy  Conserved En.    Temperature
   -5.69562e+05    1.06583e+05   -4.62979e+05   -1.46617e+06    3.06901e+02
 Pressure (bar)   Constr. rmsd
   -4.78584e+01    4.23104e-04

           Step           Time
         155000     3100.00000

   Energies (kJ/mol)
           Bond       G96Angle  Improper Dih.        LJ (SR)   Coulomb (SR)
    1.28824e+04    4.36746e+03    6.37375e+02   -5.90001e+05    0.00000e+00
      Potential    Kinetic En.   Total Energy  Conserved En.    Temperature
   -5.72113e+05    1.05032e+05   -4.67082e+05   -1.49943e+06    3.02435e+02
 Pressure (bar)   Constr. rmsd
   -8.62995e+00    4.07315e-04

           Step           Time
         160000     3200.00000

   Energies (kJ/mol)
           Bond       G96Angle  Improper Dih.        LJ (SR)   Coulomb (SR)
    1.26065e+04    4.54381e+03    5.68459e+02   -5.87554e+05    0.00000e+00
      Potential    Kinetic En.   Total Energy  Conserved En.    Temperature
   -5.69835e+05    1.05418e+05   -4.64417e+05   -1.53246e+06    3.03548e+02
 Pressure (bar)   Constr. rmsd
    2.42808e+01    4.27772e-04

           Step           Time
         165000     3300.00000

   Energies (kJ/mol)
           Bond       G96Angle  Improper Dih.        LJ (SR)   Coulomb (SR)
    1.26921e+04    4.50678e+03    4.98095e+02   -5.90262e+05    0.00000e+00
      Potential    Kinetic En.   Total Energy  Conserved En.    Temperature
   -5.72565e+05    1.05704e+05   -4.66861e+05   -1.56527e+06    3.04372e+02
 Pressure (bar)   Constr. rmsd
    9.02899e+00    4.02443e-04

           Step           Time
         170000     3400.00000

   Energies (kJ/mol)
           Bond       G96Angle  Improper Dih.        LJ (SR)   Coulomb (SR)
    1.24263e+04    4.68662e+03    5.27485e+02   -5.86432e+05    0.00000e+00
      Potential    Kinetic En.   Total Energy  Conserved En.    Temperature
   -5.68791e+05    1.05848e+05   -4.62943e+05   -1.59826e+06    3.04785e+02
 Pressure (bar)   Constr. rmsd
   -6.89452e+01    3.99443e-04

           Step           Time
         175000     3500.00000

   Energies (kJ/mol)
           Bond       G96Angle  Improper Dih.        LJ (SR)   Coulomb (SR)
    1.25729e+04    4.60831e+03    5.55391e+02   -5.89975e+05    0.00000e+00
      Potential    Kinetic En.   Total Energy  Conserved En.    Temperature
   -5.72238e+05    1.04973e+05   -4.67265e+05   -1.63165e+06    3.02266e+02
 Pressure (bar)   Constr. rmsd
    2.25073e+01    4.25762e-04

           Step           Time
         180000     3600.00000

   Energies (kJ/mol)
           Bond       G96Angle  Improper Dih.        LJ (SR)   Coulomb (SR)
    1.25102e+04    4.66905e+03    5.89725e+02   -5.88568e+05    0.00000e+00
      Potential    Kinetic En.   Total Energy  Conserved En.    Temperature
   -5.70799e+05    1.04628e+05   -4.66171e+05   -1.66469e+06    3.01274e+02
 Pressure (bar)   Constr. rmsd
   -9.72419e+00    3.92797e-04

           Step           Time
         185000     3700.00000

   Energies (kJ/mol)
           Bond       G96Angle  Improper Dih.        LJ (SR)   Coulomb (SR)
    1.27361e+04    4.50137e+03    6.09553e+02   -5.87827e+05    0.00000e+00
      Potential    Kinetic En.   Total Energy  Conserved En.    Temperature
   -5.69980e+05    1.05558e+05   -4.64422e+05   -1.69764e+06    3.03951e+02
 Pressure (bar)   Constr. rmsd
   -2.07028e+01    4.20851e-04

           Step           Time
         190000     3800.00000

   Energies (kJ/mol)
           Bond       G96Angle  Improper Dih.        LJ (SR)   Coulomb (SR)
    1.27003e+04    4.71986e+03    5.41410e+02   -5.87208e+05    0.00000e+00
      Potential    Kinetic En.   Total Energy  Conserved En.    Temperature
   -5.69247e+05    1.05399e+05   -4.63848e+05   -1.73065e+06    3.03492e+02
 Pressure (bar)   Constr. rmsd
    8.18153e+00    4.03058e-04

           Step           Time
         195000     3900.00000

   Energies (kJ/mol)
           Bond       G96Angle  Improper Dih.        LJ (SR)   Coulomb (SR)
    1.26413e+04    4.57758e+03    5.62114e+02   -5.87049e+05    0.00000e+00
      Potential    Kinetic En.   Total Energy  Conserved En.    Temperature
   -5.69268e+05    1.05962e+05   -4.63306e+05   -1.76357e+06    3.05113e+02
 Pressure (bar)   Constr. rmsd
    1.43427e+00    4.31213e-04

           Step           Time
         200000     4000.00000

   Energies (kJ/mol)
           Bond       G96Angle  Improper Dih.        LJ (SR)   Coulomb (SR)
    1.27989e+04    4.57405e+03    5.84400e+02   -5.88011e+05    0.00000e+00
      Potential    Kinetic En.   Total Energy  Conserved En.    Temperature
   -5.70053e+05    1.04892e+05   -4.65161e+05   -1.79645e+06    3.02033e+02
 Pressure (bar)   Constr. rmsd
   -3.06838e+01    4.32137e-04

           Step           Time
         205000     4100.00000

   Energies (kJ/mol)
           Bond       G96Angle  Improper Dih.        LJ (SR)   Coulomb (SR)
    1.27579e+04    4.58741e+03    5.94637e+02   -5.86992e+05    0.00000e+00
      Potential    Kinetic En.   Total Energy  Conserved En.    Temperature
   -5.69052e+05    1.06359e+05   -4.62693e+05   -1.82950e+06    3.06257e+02
 Pressure (bar)   Constr. rmsd
    1.33033e+01    4.04644e-04

           Step           Time
         210000     4200.00000

   Energies (kJ/mol)
           Bond       G96Angle  Improper Dih.        LJ (SR)   Coulomb (SR)
    1.28149e+04    4.67302e+03    5.22838e+02   -5.87307e+05    0.00000e+00
      Potential    Kinetic En.   Total Energy  Conserved En.    Temperature
   -5.69296e+05    1.06051e+05   -4.63245e+05   -1.86238e+06    3.05371e+02
 Pressure (bar)   Constr. rmsd
   -2.17828e+01    4.11343e-04

           Step           Time
         215000     4300.00000

   Energies (kJ/mol)
           Bond       G96Angle  Improper Dih.        LJ (SR)   Coulomb (SR)
    1.25821e+04    4.68451e+03    5.72748e+02   -5.88000e+05    0.00000e+00
      Potential    Kinetic En.   Total Energy  Conserved En.    Temperature
   -5.70160e+05    1.05307e+05   -4.64853e+05   -1.89515e+06    3.03228e+02
 Pressure (bar)   Constr. rmsd
   -5.77210e+00    4.21661e-04

           Step           Time
         220000     4400.00000

   Energies (kJ/mol)
           Bond       G96Angle  Improper Dih.        LJ (SR)   Coulomb (SR)
    1.30102e+04    4.71420e+03    5.59527e+02   -5.88909e+05    0.00000e+00
      Potential    Kinetic En.   Total Energy  Conserved En.    Temperature
   -5.70626e+05    1.05338e+05   -4.65288e+05   -1.92817e+06    3.03316e+02
 Pressure (bar)   Constr. rmsd
   -1.16748e+01    3.84548e-04

           Step           Time
         225000     4500.00000

   Energies (kJ/mol)
           Bond       G96Angle  Improper Dih.        LJ (SR)   Coulomb (SR)
    1.27895e+04    4.81338e+03    5.97917e+02   -5.86370e+05    0.00000e+00
      Potential    Kinetic En.   Total Energy  Conserved En.    Temperature
   -5.68170e+05    1.06574e+05   -4.61596e+05   -1.96108e+06    3.06875e+02
 Pressure (bar)   Constr. rmsd
    5.20953e+00    4.04078e-04

           Step           Time
         230000     4600.00000

   Energies (kJ/mol)
           Bond       G96Angle  Improper Dih.        LJ (SR)   Coulomb (SR)
    1.32454e+04    4.70404e+03    5.60721e+02   -5.86543e+05    0.00000e+00
      Potential    Kinetic En.   Total Energy  Conserved En.    Temperature
   -5.68033e+05    1.06584e+05   -4.61448e+05   -1.99390e+06    3.06906e+02
 Pressure (bar)   Constr. rmsd
   -1.05092e+01    4.09088e-04

           Step           Time
         235000     4700.00000

   Energies (kJ/mol)
           Bond       G96Angle  Improper Dih.        LJ (SR)   Coulomb (SR)
    1.26086e+04    4.74486e+03    5.91999e+02   -5.85997e+05    0.00000e+00
      Potential    Kinetic En.   Total Energy  Conserved En.    Temperature
   -5.68052e+05    1.04896e+05   -4.63155e+05   -2.02682e+06    3.02045e+02
 Pressure (bar)   Constr. rmsd
   -1.28439e+01    3.96155e-04

           Step           Time
         240000     4800.00000

   Energies (kJ/mol)
           Bond       G96Angle  Improper Dih.        LJ (SR)   Coulomb (SR)
    1.32086e+04    4.77619e+03    5.74495e+02   -5.87709e+05    0.00000e+00
      Potential    Kinetic En.   Total Energy  Conserved En.    Temperature
   -5.69150e+05    1.05649e+05   -4.63501e+05   -2.05974e+06    3.04213e+02
 Pressure (bar)   Constr. rmsd
    1.15916e+01    4.02077e-04

           Step           Time
         245000     4900.00000

   Energies (kJ/mol)
           Bond       G96Angle  Improper Dih.        LJ (SR)   Coulomb (SR)
    1.27406e+04    4.77360e+03    5.48750e+02   -5.87432e+05    0.00000e+00
      Potential    Kinetic En.   Total Energy  Conserved En.    Temperature
   -5.69369e+05    1.05234e+05   -4.64136e+05   -2.09271e+06    3.03017e+02
 Pressure (bar)   Constr. rmsd
   -2.62031e+00    4.01811e-04

           Step           Time
         250000     5000.00000

   Energies (kJ/mol)
           Bond       G96Angle  Improper Dih.        LJ (SR)   Coulomb (SR)
    1.25130e+04    4.80969e+03    6.00513e+02   -5.84961e+05    0.00000e+00
      Potential    Kinetic En.   Total Energy  Conserved En.    Temperature
   -5.67038e+05    1.06562e+05   -4.60476e+05   -2.12570e+06    3.06842e+02
 Pressure (bar)   Constr. rmsd
   -9.50655e+00    4.00256e-04

           Step           Time
         255000     5100.00000

   Energies (kJ/mol)
           Bond       G96Angle  Improper Dih.        LJ (SR)   Coulomb (SR)
    1.28125e+04    4.86019e+03    6.05798e+02   -5.86128e+05    0.00000e+00
      Potential    Kinetic En.   Total Energy  Conserved En.    Temperature
   -5.67850e+05    1.04855e+05   -4.62995e+05   -2.15877e+06    3.01926e+02
 Pressure (bar)   Constr. rmsd
    2.39329e+00    3.93114e-04

           Step           Time
         260000     5200.00000

   Energies (kJ/mol)
           Bond       G96Angle  Improper Dih.        LJ (SR)   Coulomb (SR)
    1.26110e+04    4.82645e+03    5.44291e+02   -5.87382e+05    0.00000e+00
      Potential    Kinetic En.   Total Energy  Conserved En.    Temperature
   -5.69400e+05    1.05268e+05   -4.64133e+05   -2.19181e+06    3.03114e+02
 Pressure (bar)   Constr. rmsd
   -6.02135e+00    3.81483e-04

           Step           Time
         265000     5300.00000

   Energies (kJ/mol)
           Bond       G96Angle  Improper Dih.        LJ (SR)   Coulomb (SR)
    1.23990e+04    4.78127e+03    5.90970e+02   -5.87502e+05    0.00000e+00
      Potential    Kinetic En.   Total Energy  Conserved En.    Temperature
   -5.69730e+05    1.06266e+05   -4.63464e+05   -2.22494e+06    3.05990e+02
 Pressure (bar)   Constr. rmsd
   -1.99164e+01    3.83108e-04

           Step           Time
         270000     5400.00000

   Energies (kJ/mol)
           Bond       G96Angle  Improper Dih.        LJ (SR)   Coulomb (SR)
    1.25394e+04    4.99170e+03    5.51312e+02   -5.85023e+05    0.00000e+00
      Potential    Kinetic En.   Total Energy  Conserved En.    Temperature
   -5.66941e+05    1.06520e+05   -4.60421e+05   -2.25780e+06    3.06720e+02
 Pressure (bar)   Constr. rmsd
    2.08681e+01    3.99763e-04

           Step           Time
         275000     5500.00000

   Energies (kJ/mol)
           Bond       G96Angle  Improper Dih.        LJ (SR)   Coulomb (SR)
    1.28618e+04    4.79932e+03    5.17243e+02   -5.85742e+05    0.00000e+00
      Potential    Kinetic En.   Total Energy  Conserved En.    Temperature
   -5.67563e+05    1.05746e+05   -4.61817e+05   -2.29064e+06    3.04492e+02
 Pressure (bar)   Constr. rmsd
   -5.37167e-01    4.24153e-04

           Step           Time
         280000     5600.00000

   Energies (kJ/mol)
           Bond       G96Angle  Improper Dih.        LJ (SR)   Coulomb (SR)
    1.30990e+04    4.90234e+03    5.13218e+02   -5.85381e+05    0.00000e+00
      Potential    Kinetic En.   Total Energy  Conserved En.    Temperature
   -5.66866e+05    1.05682e+05   -4.61184e+05   -2.32339e+06    3.04307e+02
 Pressure (bar)   Constr. rmsd
   -1.19569e+01    3.93361e-04

           Step           Time
         285000     5700.00000

   Energies (kJ/mol)
           Bond       G96Angle  Improper Dih.        LJ (SR)   Coulomb (SR)
    1.26655e+04    5.17510e+03    5.35191e+02   -5.85852e+05    0.00000e+00
      Potential    Kinetic En.   Total Energy  Conserved En.    Temperature
   -5.67476e+05    1.05788e+05   -4.61689e+05   -2.35632e+06    3.04612e+02
 Pressure (bar)   Constr. rmsd
    1.06679e+01    4.04404e-04

           Step           Time
         290000     5800.00000

   Energies (kJ/mol)
           Bond       G96Angle  Improper Dih.        LJ (SR)   Coulomb (SR)
    1.21354e+04    5.11787e+03    5.27180e+02   -5.87378e+05    0.00000e+00
      Potential    Kinetic En.   Total Energy  Conserved En.    Temperature
   -5.69597e+05    1.05075e+05   -4.64523e+05   -2.38911e+06    3.02558e+02
 Pressure (bar)   Constr. rmsd
   -2.33950e+01    3.87977e-04

           Step           Time
         295000     5900.00000

   Energies (kJ/mol)
           Bond       G96Angle  Improper Dih.        LJ (SR)   Coulomb (SR)
    1.27170e+04    5.28762e+03    5.81428e+02   -5.88113e+05    0.00000e+00
      Potential    Kinetic En.   Total Energy  Conserved En.    Temperature
   -5.69527e+05    1.05430e+05   -4.64098e+05   -2.42182e+06    3.03581e+02
 Pressure (bar)   Constr. rmsd
    5.31570e+00    4.11416e-04

           Step           Time
         300000     6000.00000

   Energies (kJ/mol)
           Bond       G96Angle  Improper Dih.        LJ (SR)   Coulomb (SR)
    1.29655e+04    4.99999e+03    5.63952e+02   -5.86966e+05    0.00000e+00
      Potential    Kinetic En.   Total Energy  Conserved En.    Temperature
   -5.68436e+05    1.05331e+05   -4.63105e+05   -2.45474e+06    3.03296e+02
 Pressure (bar)   Constr. rmsd
    1.03202e+01    3.88661e-04

           Step           Time
         305000     6100.00000

   Energies (kJ/mol)
           Bond       G96Angle  Improper Dih.        LJ (SR)   Coulomb (SR)
    1.26256e+04    4.81091e+03    5.81710e+02   -5.87741e+05    0.00000e+00
      Potential    Kinetic En.   Total Energy  Conserved En.    Temperature
   -5.69723e+05    1.05129e+05   -4.64594e+05   -2.48750e+06    3.02716e+02
 Pressure (bar)   Constr. rmsd
   -1.16631e+01    4.05121e-04

           Step           Time
         310000     6200.00000

   Energies (kJ/mol)
           Bond       G96Angle  Improper Dih.        LJ (SR)   Coulomb (SR)
    1.22386e+04    4.95382e+03    5.59866e+02   -5.85884e+05    0.00000e+00
      Potential    Kinetic En.   Total Energy  Conserved En.    Temperature
   -5.68131e+05    1.05131e+05   -4.63000e+05   -2.52028e+06    3.02721e+02
 Pressure (bar)   Constr. rmsd
   -4.73025e+01    3.86516e-04

           Step           Time
         315000     6300.00000

   Energies (kJ/mol)
           Bond       G96Angle  Improper Dih.        LJ (SR)   Coulomb (SR)
    1.24714e+04    4.95553e+03    5.91209e+02   -5.85586e+05    0.00000e+00
      Potential    Kinetic En.   Total Energy  Conserved En.    Temperature
   -5.67568e+05    1.06028e+05   -4.61539e+05   -2.55297e+06    3.05305e+02
 Pressure (bar)   Constr. rmsd
   -3.27726e+01    3.96783e-04

           Step           Time
         320000     6400.00000

   Energies (kJ/mol)
           Bond       G96Angle  Improper Dih.        LJ (SR)   Coulomb (SR)
    1.27310e+04    5.01512e+03    5.88347e+02   -5.85795e+05    0.00000e+00
      Potential    Kinetic En.   Total Energy  Conserved En.    Temperature
   -5.67461e+05    1.06404e+05   -4.61057e+05   -2.58562e+06    3.06388e+02
 Pressure (bar)   Constr. rmsd
    1.72912e+01    3.99206e-04

           Step           Time
         325000     6500.00000

   Energies (kJ/mol)
           Bond       G96Angle  Improper Dih.        LJ (SR)   Coulomb (SR)
    1.24936e+04    4.95940e+03    5.77151e+02   -5.86068e+05    0.00000e+00
      Potential    Kinetic En.   Total Energy  Conserved En.    Temperature
   -5.68037e+05    1.04592e+05   -4.63446e+05   -2.61813e+06    3.01169e+02
 Pressure (bar)   Constr. rmsd
    3.48695e+01    4.02857e-04

           Step           Time
         330000     6600.00000

   Energies (kJ/mol)
           Bond       G96Angle  Improper Dih.        LJ (SR)   Coulomb (SR)
    1.23967e+04    4.96988e+03    6.15827e+02   -5.85058e+05    0.00000e+00
      Potential    Kinetic En.   Total Energy  Conserved En.    Temperature
   -5.67076e+05    1.04972e+05   -4.62104e+05   -2.65102e+06    3.02263e+02
 Pressure (bar)   Constr. rmsd
   -9.02227e+00    4.05838e-04

           Step           Time
         335000     6700.00000

   Energies (kJ/mol)
           Bond       G96Angle  Improper Dih.        LJ (SR)   Coulomb (SR)
    1.27968e+04    5.09721e+03    5.51579e+02   -5.86349e+05    0.00000e+00
      Potential    Kinetic En.   Total Energy  Conserved En.    Temperature
   -5.67904e+05    1.06372e+05   -4.61532e+05   -2.68342e+06    3.06294e+02
 Pressure (bar)   Constr. rmsd
    3.81393e+01    4.25108e-04

           Step           Time
         340000     6800.00000

   Energies (kJ/mol)
           Bond       G96Angle  Improper Dih.        LJ (SR)   Coulomb (SR)
    1.21702e+04    5.03732e+03    5.98043e+02   -5.85049e+05    0.00000e+00
      Potential    Kinetic En.   Total Energy  Conserved En.    Temperature
   -5.67243e+05    1.05027e+05   -4.62217e+05   -2.71629e+06    3.02420e+02
 Pressure (bar)   Constr. rmsd
   -5.06610e+01    3.91825e-04

           Step           Time
         345000     6900.00000

   Energies (kJ/mol)
           Bond       G96Angle  Improper Dih.        LJ (SR)   Coulomb (SR)
    1.26295e+04    5.08836e+03    6.35661e+02   -5.85465e+05    0.00000e+00
      Potential    Kinetic En.   Total Energy  Conserved En.    Temperature
   -5.67112e+05    1.04861e+05   -4.62250e+05   -2.74882e+06    3.01945e+02
 Pressure (bar)   Constr. rmsd
   -2.61792e+01    3.99264e-04

           Step           Time
         350000     7000.00000

   Energies (kJ/mol)
           Bond       G96Angle  Improper Dih.        LJ (SR)   Coulomb (SR)
    1.27115e+04    5.08122e+03    6.49260e+02   -5.86117e+05    0.00000e+00
      Potential    Kinetic En.   Total Energy  Conserved En.    Temperature
   -5.67675e+05    1.05919e+05   -4.61755e+05   -2.78150e+06    3.04991e+02
 Pressure (bar)   Constr. rmsd
    2.39078e+01    3.96063e-04

           Step           Time
         355000     7100.00000

   Energies (kJ/mol)
           Bond       G96Angle  Improper Dih.        LJ (SR)   Coulomb (SR)
    1.29733e+04    5.23002e+03    6.00788e+02   -5.84382e+05    0.00000e+00
      Potential    Kinetic En.   Total Energy  Conserved En.    Temperature
   -5.65578e+05    1.05040e+05   -4.60538e+05   -2.81408e+06    3.02460e+02
 Pressure (bar)   Constr. rmsd
   -3.44835e+00    4.01175e-04

           Step           Time
         360000     7200.00000

   Energies (kJ/mol)
           Bond       G96Angle  Improper Dih.        LJ (SR)   Coulomb (SR)
    1.24418e+04    5.11321e+03    5.81943e+02   -5.86101e+05    0.00000e+00
      Potential    Kinetic En.   Total Energy  Conserved En.    Temperature
   -5.67964e+05    1.05232e+05   -4.62732e+05   -2.84685e+06    3.03011e+02
 Pressure (bar)   Constr. rmsd
    1.97750e+01    4.03498e-04

           Step           Time
         365000     7300.00000

   Energies (kJ/mol)
           Bond       G96Angle  Improper Dih.        LJ (SR)   Coulomb (SR)
    1.27674e+04    5.07663e+03    5.69902e+02   -5.85084e+05    0.00000e+00
      Potential    Kinetic En.   Total Energy  Conserved En.    Temperature
   -5.66670e+05    1.05529e+05   -4.61141e+05   -2.87942e+06    3.03866e+02
 Pressure (bar)   Constr. rmsd
    1.74482e+01    3.90882e-04

           Step           Time
         370000     7400.00000

   Energies (kJ/mol)
           Bond       G96Angle  Improper Dih.        LJ (SR)   Coulomb (SR)
    1.21605e+04    4.91595e+03    5.54526e+02   -5.85978e+05    0.00000e+00
      Potential    Kinetic En.   Total Energy  Conserved En.    Temperature
   -5.68347e+05    1.05792e+05   -4.62555e+05   -2.91202e+06    3.04623e+02
 Pressure (bar)   Constr. rmsd
   -5.96154e+00    4.01754e-04

           Step           Time
         375000     7500.00000

   Energies (kJ/mol)
           Bond       G96Angle  Improper Dih.        LJ (SR)   Coulomb (SR)
    1.24497e+04    5.26864e+03    6.56405e+02   -5.85939e+05    0.00000e+00
      Potential    Kinetic En.   Total Energy  Conserved En.    Temperature
   -5.67564e+05    1.06423e+05   -4.61141e+05   -2.94468e+06    3.06442e+02
 Pressure (bar)   Constr. rmsd
    1.79875e-01    3.94971e-04

           Step           Time
         380000     7600.00000

   Energies (kJ/mol)
           Bond       G96Angle  Improper Dih.        LJ (SR)   Coulomb (SR)
    1.24624e+04    5.28668e+03    6.40339e+02   -5.85855e+05    0.00000e+00
      Potential    Kinetic En.   Total Energy  Conserved En.    Temperature
   -5.67466e+05    1.05470e+05   -4.61996e+05   -2.97760e+06    3.03697e+02
 Pressure (bar)   Constr. rmsd
   -1.37987e+01    4.08676e-04

           Step           Time
         385000     7700.00000

   Energies (kJ/mol)
           Bond       G96Angle  Improper Dih.        LJ (SR)   Coulomb (SR)
    1.29194e+04    5.36130e+03    5.89407e+02   -5.84734e+05    0.00000e+00
      Potential    Kinetic En.   Total Energy  Conserved En.    Temperature
   -5.65864e+05    1.06672e+05   -4.59191e+05   -3.01029e+06    3.07159e+02
 Pressure (bar)   Constr. rmsd
   -2.08880e+01    3.90425e-04

           Step           Time
         390000     7800.00000

   Energies (kJ/mol)
           Bond       G96Angle  Improper Dih.        LJ (SR)   Coulomb (SR)
    1.29603e+04    5.22386e+03    5.62013e+02   -5.83942e+05    0.00000e+00
      Potential    Kinetic En.   Total Energy  Conserved En.    Temperature
   -5.65196e+05    1.06218e+05   -4.58978e+05   -3.04306e+06    3.05850e+02
 Pressure (bar)   Constr. rmsd
    1.50520e+01    3.96202e-04

           Step           Time
         395000     7900.00000

   Energies (kJ/mol)
           Bond       G96Angle  Improper Dih.        LJ (SR)   Coulomb (SR)
    1.27122e+04    5.39305e+03    5.72436e+02   -5.83579e+05    0.00000e+00
      Potential    Kinetic En.   Total Energy  Conserved En.    Temperature
   -5.64901e+05    1.06208e+05   -4.58693e+05   -3.07581e+06    3.05822e+02
 Pressure (bar)   Constr. rmsd
    8.82159e-01    4.23667e-04

           Step           Time
         400000     8000.00000

   Energies (kJ/mol)
           Bond       G96Angle  Improper Dih.        LJ (SR)   Coulomb (SR)
    1.25578e+04    5.28186e+03    6.17519e+02   -5.85837e+05    0.00000e+00
      Potential    Kinetic En.   Total Energy  Conserved En.    Temperature
   -5.67379e+05    1.05753e+05   -4.61627e+05   -3.10844e+06    3.04511e+02
 Pressure (bar)   Constr. rmsd
    2.42227e+01    3.98127e-04

           Step           Time
         405000     8100.00000

   Energies (kJ/mol)
           Bond       G96Angle  Improper Dih.        LJ (SR)   Coulomb (SR)
    1.23896e+04    5.26140e+03    6.19521e+02   -5.84058e+05    0.00000e+00
      Potential    Kinetic En.   Total Energy  Conserved En.    Temperature
   -5.65787e+05    1.05524e+05   -4.60263e+05   -3.14064e+06    3.03853e+02
 Pressure (bar)   Constr. rmsd
   -9.98216e+00    4.11931e-04

           Step           Time
         410000     8200.00000

   Energies (kJ/mol)
           Bond       G96Angle  Improper Dih.        LJ (SR)   Coulomb (SR)
    1.30527e+04    5.23226e+03    5.71862e+02   -5.86177e+05    0.00000e+00
      Potential    Kinetic En.   Total Energy  Conserved En.    Temperature
   -5.67320e+05    1.05692e+05   -4.61628e+05   -3.17316e+06    3.04337e+02
 Pressure (bar)   Constr. rmsd
    6.64193e+00    3.94701e-04

           Step           Time
         415000     8300.00000

   Energies (kJ/mol)
           Bond       G96Angle  Improper Dih.        LJ (SR)   Coulomb (SR)
    1.23628e+04    5.16956e+03    5.79910e+02   -5.84508e+05    0.00000e+00
      Potential    Kinetic En.   Total Energy  Conserved En.    Temperature
   -5.66396e+05    1.04131e+05   -4.62266e+05   -3.20567e+06    2.99840e+02
 Pressure (bar)   Constr. rmsd
   -3.68999e+01    3.93716e-04

           Step           Time
         420000     8400.00000

   Energies (kJ/mol)
           Bond       G96Angle  Improper Dih.        LJ (SR)   Coulomb (SR)
    1.27046e+04    5.14668e+03    6.18332e+02   -5.83706e+05    0.00000e+00
      Potential    Kinetic En.   Total Energy  Conserved En.    Temperature
   -5.65236e+05    1.05052e+05   -4.60184e+05   -3.23825e+06    3.02493e+02
 Pressure (bar)   Constr. rmsd
    3.36078e+01    4.04290e-04

           Step           Time
         425000     8500.00000

   Energies (kJ/mol)
           Bond       G96Angle  Improper Dih.        LJ (SR)   Coulomb (SR)
    1.25586e+04    5.32103e+03    6.07143e+02   -5.84935e+05    0.00000e+00
      Potential    Kinetic En.   Total Energy  Conserved En.    Temperature
   -5.66448e+05    1.05771e+05   -4.60677e+05   -3.27101e+06    3.04564e+02
 Pressure (bar)   Constr. rmsd
    3.22657e+01    4.07992e-04

           Step           Time
         430000     8600.00000

   Energies (kJ/mol)
           Bond       G96Angle  Improper Dih.        LJ (SR)   Coulomb (SR)
    1.27180e+04    5.25577e+03    5.97903e+02   -5.83904e+05    0.00000e+00
      Potential    Kinetic En.   Total Energy  Conserved En.    Temperature
   -5.65333e+05    1.05707e+05   -4.59626e+05   -3.30343e+06    3.04379e+02
 Pressure (bar)   Constr. rmsd
    2.97462e+01    3.84859e-04

           Step           Time
         435000     8700.00000

   Energies (kJ/mol)
           Bond       G96Angle  Improper Dih.        LJ (SR)   Coulomb (SR)
    1.27263e+04    5.44613e+03    5.91231e+02   -5.84886e+05    0.00000e+00
      Potential    Kinetic En.   Total Energy  Conserved En.    Temperature
   -5.66122e+05    1.05781e+05   -4.60341e+05   -3.33602e+06    3.04593e+02
 Pressure (bar)   Constr. rmsd
    1.89851e+01    4.27872e-04

           Step           Time
         440000     8800.00000

   Energies (kJ/mol)
           Bond       G96Angle  Improper Dih.        LJ (SR)   Coulomb (SR)
    1.29125e+04    5.24436e+03    6.09280e+02   -5.85563e+05    0.00000e+00
      Potential    Kinetic En.   Total Energy  Conserved En.    Temperature
   -5.66797e+05    1.03680e+05   -4.63117e+05   -3.36842e+06    2.98542e+02
 Pressure (bar)   Constr. rmsd
    6.84673e+00    4.04351e-04

           Step           Time
         445000     8900.00000

   Energies (kJ/mol)
           Bond       G96Angle  Improper Dih.        LJ (SR)   Coulomb (SR)
    1.26525e+04    5.44249e+03    6.41909e+02   -5.84795e+05    0.00000e+00
      Potential    Kinetic En.   Total Energy  Conserved En.    Temperature
   -5.66058e+05    1.05274e+05   -4.60784e+05   -3.40108e+06    3.03134e+02
 Pressure (bar)   Constr. rmsd
    2.84836e+01    3.89958e-04

           Step           Time
         450000     9000.00000

   Energies (kJ/mol)
           Bond       G96Angle  Improper Dih.        LJ (SR)   Coulomb (SR)
    1.25548e+04    5.27573e+03    5.27494e+02   -5.84637e+05    0.00000e+00
      Potential    Kinetic En.   Total Energy  Conserved En.    Temperature
   -5.66279e+05    1.04271e+05   -4.62008e+05   -3.43349e+06    3.00244e+02
 Pressure (bar)   Constr. rmsd
    9.00042e-01    3.74320e-04

           Step           Time
         455000     9100.00000

   Energies (kJ/mol)
           Bond       G96Angle  Improper Dih.        LJ (SR)   Coulomb (SR)
    1.22862e+04    5.31309e+03    5.86395e+02   -5.84242e+05    0.00000e+00
      Potential    Kinetic En.   Total Energy  Conserved En.    Temperature
   -5.66056e+05    1.05666e+05   -4.60390e+05   -3.46578e+06    3.04262e+02
 Pressure (bar)   Constr. rmsd
    1.92138e+01    4.01732e-04

           Step           Time
         460000     9200.00000

   Energies (kJ/mol)
           Bond       G96Angle  Improper Dih.        LJ (SR)   Coulomb (SR)
    1.23043e+04    5.42942e+03    6.48548e+02   -5.84330e+05    0.00000e+00
      Potential    Kinetic En.   Total Energy  Conserved En.    Temperature
   -5.65948e+05    1.06262e+05   -4.59686e+05   -3.49814e+06    3.05978e+02
 Pressure (bar)   Constr. rmsd
    4.71421e+00    4.06000e-04

           Step           Time
         465000     9300.00000

   Energies (kJ/mol)
           Bond       G96Angle  Improper Dih.        LJ (SR)   Coulomb (SR)
    1.23448e+04    5.53350e+03    6.26718e+02   -5.83720e+05    0.00000e+00
      Potential    Kinetic En.   Total Energy  Conserved En.    Temperature
   -5.65215e+05    1.06019e+05   -4.59196e+05   -3.53050e+06    3.05279e+02
 Pressure (bar)   Constr. rmsd
   -2.43002e+01    4.09027e-04

           Step           Time
         470000     9400.00000

   Energies (kJ/mol)
           Bond       G96Angle  Improper Dih.        LJ (SR)   Coulomb (SR)
    1.22765e+04    5.51026e+03    6.24693e+02   -5.84165e+05    0.00000e+00
      Potential    Kinetic En.   Total Energy  Conserved En.    Temperature
   -5.65754e+05    1.04738e+05   -4.61016e+05   -3.56294e+06    3.01590e+02
 Pressure (bar)   Constr. rmsd
   -1.98012e+01    3.97251e-04

           Step           Time
         475000     9500.00000

   Energies (kJ/mol)
           Bond       G96Angle  Improper Dih.        LJ (SR)   Coulomb (SR)
    1.26681e+04    5.70550e+03    5.47746e+02   -5.84932e+05    0.00000e+00
      Potential    Kinetic En.   Total Energy  Conserved En.    Temperature
   -5.66011e+05    1.06097e+05   -4.59914e+05   -3.59562e+06    3.05504e+02
 Pressure (bar)   Constr. rmsd
    5.08433e+00    3.92684e-04

           Step           Time
         480000     9600.00000

   Energies (kJ/mol)
           Bond       G96Angle  Improper Dih.        LJ (SR)   Coulomb (SR)
    1.25348e+04    5.41632e+03    6.86926e+02   -5.85730e+05    0.00000e+00
      Potential    Kinetic En.   Total Energy  Conserved En.    Temperature
   -5.67092e+05    1.04998e+05   -4.62094e+05   -3.62803e+06    3.02338e+02
 Pressure (bar)   Constr. rmsd
    1.09073e+01    3.74966e-04

           Step           Time
         485000     9700.00000

   Energies (kJ/mol)
           Bond       G96Angle  Improper Dih.        LJ (SR)   Coulomb (SR)
    1.22898e+04    5.24259e+03    6.76662e+02   -5.84126e+05    0.00000e+00
      Potential    Kinetic En.   Total Energy  Conserved En.    Temperature
   -5.65917e+05    1.06652e+05   -4.59265e+05   -3.66042e+06    3.07100e+02
 Pressure (bar)   Constr. rmsd
    1.13464e+01    3.80275e-04

           Step           Time
         490000     9800.00000

   Energies (kJ/mol)
           Bond       G96Angle  Improper Dih.        LJ (SR)   Coulomb (SR)
    1.27394e+04    5.43550e+03    6.24472e+02   -5.84480e+05    0.00000e+00
      Potential    Kinetic En.   Total Energy  Conserved En.    Temperature
   -5.65680e+05    1.06802e+05   -4.58878e+05   -3.69276e+06    3.07533e+02
 Pressure (bar)   Constr. rmsd
    2.87028e+01    3.96039e-04

           Step           Time
         495000     9900.00000

   Energies (kJ/mol)
           Bond       G96Angle  Improper Dih.        LJ (SR)   Coulomb (SR)
    1.24720e+04    5.35029e+03    6.11714e+02   -5.83728e+05    0.00000e+00
      Potential    Kinetic En.   Total Energy  Conserved En.    Temperature
   -5.65294e+05    1.05620e+05   -4.59674e+05   -3.72516e+06    3.04129e+02
 Pressure (bar)   Constr. rmsd
   -4.17255e+00    3.97140e-04

           Step           Time
         500000    10000.00000

   Energies (kJ/mol)
           Bond       G96Angle  Improper Dih.        LJ (SR)   Coulomb (SR)
    1.23489e+04    5.58851e+03    6.02240e+02   -5.83758e+05    0.00000e+00
      Potential    Kinetic En.   Total Energy  Conserved En.    Temperature
   -5.65219e+05    1.05347e+05   -4.59872e+05   -3.75766e+06    3.03342e+02
 Pressure (bar)   Constr. rmsd
   -2.80902e+01    3.68547e-04

           Step           Time
         505000    10100.00000

   Energies (kJ/mol)
           Bond       G96Angle  Improper Dih.        LJ (SR)   Coulomb (SR)
    1.30471e+04    5.51132e+03    5.94612e+02   -5.83450e+05    0.00000e+00
      Potential    Kinetic En.   Total Energy  Conserved En.    Temperature
   -5.64297e+05    1.05421e+05   -4.58876e+05   -3.79021e+06    3.03557e+02
 Pressure (bar)   Constr. rmsd
    1.57541e+01    4.05589e-04

           Step           Time
         510000    10200.00000

   Energies (kJ/mol)
           Bond       G96Angle  Improper Dih.        LJ (SR)   Coulomb (SR)
    1.23109e+04    5.51575e+03    6.47426e+02   -5.84673e+05    0.00000e+00
      Potential    Kinetic En.   Total Energy  Conserved En.    Temperature
   -5.66199e+05    1.06080e+05   -4.60119e+05   -3.82274e+06    3.05454e+02
 Pressure (bar)   Constr. rmsd
    3.52864e+00    3.96240e-04

           Step           Time
         515000    10300.00000

   Energies (kJ/mol)
           Bond       G96Angle  Improper Dih.        LJ (SR)   Coulomb (SR)
    1.21863e+04    5.31030e+03    6.19029e+02   -5.85016e+05    0.00000e+00
      Potential    Kinetic En.   Total Energy  Conserved En.    Temperature
   -5.66900e+05    1.05124e+05   -4.61776e+05   -3.85530e+06    3.02700e+02
 Pressure (bar)   Constr. rmsd
    1.00800e+01    3.81164e-04

           Step           Time
         520000    10400.00000

   Energies (kJ/mol)
           Bond       G96Angle  Improper Dih.        LJ (SR)   Coulomb (SR)
    1.25585e+04    5.43330e+03    6.40608e+02   -5.83242e+05    0.00000e+00
      Potential    Kinetic En.   Total Energy  Conserved En.    Temperature
   -5.64609e+05    1.04790e+05   -4.59820e+05   -3.88763e+06    3.01738e+02
 Pressure (bar)   Constr. rmsd
   -2.67968e+01    3.60526e-04

           Step           Time
         525000    10500.00000

   Energies (kJ/mol)
           Bond       G96Angle  Improper Dih.        LJ (SR)   Coulomb (SR)
    1.25297e+04    5.53402e+03    6.31488e+02   -5.84239e+05    0.00000e+00
      Potential    Kinetic En.   Total Energy  Conserved En.    Temperature
   -5.65544e+05    1.06536e+05   -4.59007e+05   -3.91999e+06    3.06768e+02
 Pressure (bar)   Constr. rmsd
    4.19703e+01    4.02905e-04

           Step           Time
         530000    10600.00000

   Energies (kJ/mol)
           Bond       G96Angle  Improper Dih.        LJ (SR)   Coulomb (SR)
    1.24741e+04    5.40771e+03    6.01497e+02   -5.84606e+05    0.00000e+00
      Potential    Kinetic En.   Total Energy  Conserved En.    Temperature
   -5.66122e+05    1.05697e+05   -4.60426e+05   -3.95247e+06    3.04350e+02
 Pressure (bar)   Constr. rmsd
    3.35345e+01    4.22210e-04

           Step           Time
         535000    10700.00000

   Energies (kJ/mol)
           Bond       G96Angle  Improper Dih.        LJ (SR)   Coulomb (SR)
    1.24991e+04    5.68791e+03    6.45599e+02   -5.84602e+05    0.00000e+00
      Potential    Kinetic En.   Total Energy  Conserved En.    Temperature
   -5.65770e+05    1.05300e+05   -4.60470e+05   -3.98479e+06    3.03208e+02
 Pressure (bar)   Constr. rmsd
    2.88338e+01    3.78413e-04

           Step           Time
         540000    10800.00000

   Energies (kJ/mol)
           Bond       G96Angle  Improper Dih.        LJ (SR)   Coulomb (SR)
    1.24383e+04    5.58959e+03    5.86352e+02   -5.84765e+05    0.00000e+00
      Potential    Kinetic En.   Total Energy  Conserved En.    Temperature
   -5.66151e+05    1.05135e+05   -4.61016e+05   -4.01705e+06    3.02732e+02
 Pressure (bar)   Constr. rmsd
    1.76804e+01    3.81828e-04

           Step           Time
         545000    10900.00000

   Energies (kJ/mol)
           Bond       G96Angle  Improper Dih.        LJ (SR)   Coulomb (SR)
    1.27359e+04    5.57963e+03    6.76715e+02   -5.83612e+05    0.00000e+00
      Potential    Kinetic En.   Total Energy  Conserved En.    Temperature
   -5.64620e+05    1.06074e+05   -4.58547e+05   -4.04931e+06    3.05435e+02
 Pressure (bar)   Constr. rmsd
   -5.79904e+00    3.86873e-04

           Step           Time
         550000    11000.00000

   Energies (kJ/mol)
           Bond       G96Angle  Improper Dih.        LJ (SR)   Coulomb (SR)
    1.22561e+04    5.52882e+03    6.57332e+02   -5.84115e+05    0.00000e+00
      Potential    Kinetic En.   Total Energy  Conserved En.    Temperature
   -5.65673e+05    1.06049e+05   -4.59624e+05   -4.08183e+06    3.05365e+02
 Pressure (bar)   Constr. rmsd
   -1.18276e+01    3.99222e-04

           Step           Time
         555000    11100.00000

   Energies (kJ/mol)
           Bond       G96Angle  Improper Dih.        LJ (SR)   Coulomb (SR)
    1.23177e+04    5.48322e+03    5.97410e+02   -5.84591e+05    0.00000e+00
      Potential    Kinetic En.   Total Energy  Conserved En.    Temperature
   -5.66193e+05    1.04978e+05   -4.61215e+05   -4.11441e+06    3.02281e+02
 Pressure (bar)   Constr. rmsd
   -5.23800e+01    3.87484e-04

           Step           Time
         560000    11200.00000

   Energies (kJ/mol)
           Bond       G96Angle  Improper Dih.        LJ (SR)   Coulomb (SR)
    1.24183e+04    5.41210e+03    6.40099e+02   -5.83610e+05    0.00000e+00
      Potential    Kinetic En.   Total Energy  Conserved En.    Temperature
   -5.65140e+05    1.05825e+05   -4.59315e+05   -4.14669e+06    3.04720e+02
 Pressure (bar)   Constr. rmsd
    3.37811e+01    3.73444e-04

           Step           Time
         565000    11300.00000

   Energies (kJ/mol)
           Bond       G96Angle  Improper Dih.        LJ (SR)   Coulomb (SR)
    1.24833e+04    5.63558e+03    6.51378e+02   -5.81994e+05    0.00000e+00
      Potential    Kinetic En.   Total Energy  Conserved En.    Temperature
   -5.63224e+05    1.06765e+05   -4.56459e+05   -4.17909e+06    3.07427e+02
 Pressure (bar)   Constr. rmsd
   -2.05059e+01    3.83347e-04

           Step           Time
         570000    11400.00000

   Energies (kJ/mol)
           Bond       G96Angle  Improper Dih.        LJ (SR)   Coulomb (SR)
    1.20806e+04    5.53964e+03    6.32916e+02   -5.82942e+05    0.00000e+00
      Potential    Kinetic En.   Total Energy  Conserved En.    Temperature
   -5.64689e+05    1.05782e+05   -4.58907e+05   -4.21133e+06    3.04594e+02
 Pressure (bar)   Constr. rmsd
    1.26491e+01    4.11127e-04

           Step           Time
         575000    11500.00000

   Energies (kJ/mol)
           Bond       G96Angle  Improper Dih.        LJ (SR)   Coulomb (SR)
    1.25811e+04    5.39749e+03    6.36512e+02   -5.82190e+05    0.00000e+00
      Potential    Kinetic En.   Total Energy  Conserved En.    Temperature
   -5.63575e+05    1.05406e+05   -4.58169e+05   -4.24366e+06    3.03512e+02
 Pressure (bar)   Constr. rmsd
   -6.79175e+00    4.15681e-04

           Step           Time
         580000    11600.00000

   Energies (kJ/mol)
           Bond       G96Angle  Improper Dih.        LJ (SR)   Coulomb (SR)
    1.25629e+04    5.58013e+03    6.10694e+02   -5.82659e+05    0.00000e+00
      Potential    Kinetic En.   Total Energy  Conserved En.    Temperature
   -5.63905e+05    1.07066e+05   -4.56839e+05   -4.27596e+06    3.08293e+02
 Pressure (bar)   Constr. rmsd
    2.85586e+00    3.73482e-04

           Step           Time
         585000    11700.00000

   Energies (kJ/mol)
           Bond       G96Angle  Improper Dih.        LJ (SR)   Coulomb (SR)
    1.25609e+04    5.52054e+03    6.94791e+02   -5.81642e+05    0.00000e+00
      Potential    Kinetic En.   Total Energy  Conserved En.    Temperature
   -5.62866e+05    1.04386e+05   -4.58480e+05   -4.30808e+06    3.00575e+02
 Pressure (bar)   Constr. rmsd
   -2.54650e+01    3.77145e-04

           Step           Time
         590000    11800.00000

   Energies (kJ/mol)
           Bond       G96Angle  Improper Dih.        LJ (SR)   Coulomb (SR)
    1.22886e+04    5.45577e+03    5.78155e+02   -5.84010e+05    0.00000e+00
      Potential    Kinetic En.   Total Energy  Conserved En.    Temperature
   -5.65687e+05    1.05573e+05   -4.60114e+05   -4.34024e+06    3.03994e+02
 Pressure (bar)   Constr. rmsd
    1.24091e+01    3.90118e-04

           Step           Time
         595000    11900.00000

   Energies (kJ/mol)
           Bond       G96Angle  Improper Dih.        LJ (SR)   Coulomb (SR)
    1.20840e+04    5.53043e+03    6.33903e+02   -5.83193e+05    0.00000e+00
      Potential    Kinetic En.   Total Energy  Conserved En.    Temperature
   -5.64945e+05    1.05637e+05   -4.59308e+05   -4.37247e+06    3.04178e+02
 Pressure (bar)   Constr. rmsd
   -3.92189e+01    4.01345e-04

           Step           Time
         600000    12000.00000

   Energies (kJ/mol)
           Bond       G96Angle  Improper Dih.        LJ (SR)   Coulomb (SR)
    1.25639e+04    5.71008e+03    6.03025e+02   -5.83279e+05    0.00000e+00
      Potential    Kinetic En.   Total Energy  Conserved En.    Temperature
   -5.64402e+05    1.05850e+05   -4.58552e+05   -4.40468e+06    3.04792e+02
 Pressure (bar)   Constr. rmsd
    3.13526e+01    3.93614e-04

           Step           Time
         605000    12100.00000

   Energies (kJ/mol)
           Bond       G96Angle  Improper Dih.        LJ (SR)   Coulomb (SR)
    1.25932e+04    5.55903e+03    6.52925e+02   -5.80800e+05    0.00000e+00
      Potential    Kinetic En.   Total Energy  Conserved En.    Temperature
   -5.61994e+05    1.05744e+05   -4.56250e+05   -4.43690e+06    3.04486e+02
 Pressure (bar)   Constr. rmsd
   -3.45204e+01    3.76682e-04

           Step           Time
         610000    12200.00000

   Energies (kJ/mol)
           Bond       G96Angle  Improper Dih.        LJ (SR)   Coulomb (SR)
    1.23724e+04    5.58479e+03    6.35876e+02   -5.82302e+05    0.00000e+00
      Potential    Kinetic En.   Total Energy  Conserved En.    Temperature
   -5.63708e+05    1.06304e+05   -4.57405e+05   -4.46916e+06    3.06098e+02
 Pressure (bar)   Constr. rmsd
   -4.81766e+01    3.72617e-04

           Step           Time
         615000    12300.00000

   Energies (kJ/mol)
           Bond       G96Angle  Improper Dih.        LJ (SR)   Coulomb (SR)
    1.24249e+04    5.64791e+03    6.80890e+02   -5.83246e+05    0.00000e+00
      Potential    Kinetic En.   Total Energy  Conserved En.    Temperature
   -5.64492e+05    1.05972e+05   -4.58520e+05   -4.50180e+06    3.05144e+02
 Pressure (bar)   Constr. rmsd
   -2.92307e+01    4.02504e-04

           Step           Time
         620000    12400.00000

   Energies (kJ/mol)
           Bond       G96Angle  Improper Dih.        LJ (SR)   Coulomb (SR)
    1.24955e+04    5.55639e+03    6.71425e+02   -5.83929e+05    0.00000e+00
      Potential    Kinetic En.   Total Energy  Conserved En.    Temperature
   -5.65206e+05    1.04596e+05   -4.60610e+05   -4.53403e+06    3.01180e+02
 Pressure (bar)   Constr. rmsd
    2.39415e+01    3.93485e-04

           Step           Time
         625000    12500.00000

   Energies (kJ/mol)
           Bond       G96Angle  Improper Dih.        LJ (SR)   Coulomb (SR)
    1.23390e+04    5.76587e+03    6.33423e+02   -5.83982e+05    0.00000e+00
      Potential    Kinetic En.   Total Energy  Conserved En.    Temperature
   -5.65243e+05    1.05378e+05   -4.59865e+05   -4.56626e+06    3.03433e+02
 Pressure (bar)   Constr. rmsd
    3.06281e+01    3.83112e-04

           Step           Time
         630000    12600.00000

   Energies (kJ/mol)
           Bond       G96Angle  Improper Dih.        LJ (SR)   Coulomb (SR)
    1.25422e+04    5.42924e+03    5.89582e+02   -5.83299e+05    0.00000e+00
      Potential    Kinetic En.   Total Energy  Conserved En.    Temperature
   -5.64738e+05    1.05406e+05   -4.59332e+05   -4.59851e+06    3.03514e+02
 Pressure (bar)   Constr. rmsd
   -2.31190e+01    3.71745e-04

           Step           Time
         635000    12700.00000

   Energies (kJ/mol)
           Bond       G96Angle  Improper Dih.        LJ (SR)   Coulomb (SR)
    1.21291e+04    5.48609e+03    5.75646e+02   -5.84056e+05    0.00000e+00
      Potential    Kinetic En.   Total Energy  Conserved En.    Temperature
   -5.65865e+05    1.05335e+05   -4.60530e+05   -4.63070e+06    3.03308e+02
 Pressure (bar)   Constr. rmsd
    2.27960e+01    3.81171e-04

           Step           Time
         640000    12800.00000

   Energies (kJ/mol)
           Bond       G96Angle  Improper Dih.        LJ (SR)   Coulomb (SR)
    1.24952e+04    5.66470e+03    7.04646e+02   -5.83280e+05    0.00000e+00
      Potential    Kinetic En.   Total Energy  Conserved En.    Temperature
   -5.64415e+05    1.05768e+05   -4.58647e+05   -4.66280e+06    3.04556e+02
 Pressure (bar)   Constr. rmsd
    2.08903e+01    3.85244e-04

           Step           Time
         645000    12900.00000

   Energies (kJ/mol)
           Bond       G96Angle  Improper Dih.        LJ (SR)   Coulomb (SR)
    1.22147e+04    5.53829e+03    6.22232e+02   -5.81341e+05    0.00000e+00
      Potential    Kinetic En.   Total Energy  Conserved En.    Temperature
   -5.62966e+05    1.06420e+05   -4.56546e+05   -4.69516e+06    3.06434e+02
 Pressure (bar)   Constr. rmsd
   -1.56746e+01    4.02517e-04

           Step           Time
         650000    13000.00000

   Energies (kJ/mol)
           Bond       G96Angle  Improper Dih.        LJ (SR)   Coulomb (SR)
    1.23953e+04    5.75439e+03    6.15981e+02   -5.81969e+05    0.00000e+00
      Potential    Kinetic En.   Total Energy  Conserved En.    Temperature
   -5.63203e+05    1.06074e+05   -4.57129e+05   -4.72750e+06    3.05438e+02
 Pressure (bar)   Constr. rmsd
    6.48049e+00    3.92956e-04

           Step           Time
         655000    13100.00000

   Energies (kJ/mol)
           Bond       G96Angle  Improper Dih.        LJ (SR)   Coulomb (SR)
    1.24234e+04    5.59567e+03    5.97622e+02   -5.83848e+05    0.00000e+00
      Potential    Kinetic En.   Total Energy  Conserved En.    Temperature
   -5.65231e+05    1.04891e+05   -4.60340e+05   -4.75975e+06    3.02031e+02
 Pressure (bar)   Constr. rmsd
    3.36218e+01    4.03890e-04

           Step           Time
         660000    13200.00000

   Energies (kJ/mol)
           Bond       G96Angle  Improper Dih.        LJ (SR)   Coulomb (SR)
    1.21927e+04    5.59154e+03    6.33542e+02   -5.84289e+05    0.00000e+00
      Potential    Kinetic En.   Total Energy  Conserved En.    Temperature
   -5.65872e+05    1.06375e+05   -4.59496e+05   -4.79184e+06    3.06303e+02
 Pressure (bar)   Constr. rmsd
    4.10829e+01    3.85496e-04

           Step           Time
         665000    13300.00000

   Energies (kJ/mol)
           Bond       G96Angle  Improper Dih.        LJ (SR)   Coulomb (SR)
    1.23185e+04    5.86746e+03    6.11468e+02   -5.83024e+05    0.00000e+00
      Potential    Kinetic En.   Total Energy  Conserved En.    Temperature
   -5.64227e+05    1.05735e+05   -4.58491e+05   -4.82426e+06    3.04461e+02
 Pressure (bar)   Constr. rmsd
    5.18140e+00    3.87155e-04

           Step           Time
         670000    13400.00000

   Energies (kJ/mol)
           Bond       G96Angle  Improper Dih.        LJ (SR)   Coulomb (SR)
    1.24543e+04    5.58732e+03    6.24527e+02   -5.81712e+05    0.00000e+00
      Potential    Kinetic En.   Total Energy  Conserved En.    Temperature
   -5.63046e+05    1.04796e+05   -4.58250e+05   -4.85668e+06    3.01756e+02
 Pressure (bar)   Constr. rmsd
    1.25121e+01    3.79365e-04

           Step           Time
         675000    13500.00000

   Energies (kJ/mol)
           Bond       G96Angle  Improper Dih.        LJ (SR)   Coulomb (SR)
    1.26432e+04    5.56892e+03    6.07675e+02   -5.82505e+05    0.00000e+00
      Potential    Kinetic En.   Total Energy  Conserved En.    Temperature
   -5.63685e+05    1.05486e+05   -4.58199e+05   -4.88892e+06    3.03744e+02
 Pressure (bar)   Constr. rmsd
   -2.60932e+01    3.95263e-04

           Step           Time
         680000    13600.00000

   Energies (kJ/mol)
           Bond       G96Angle  Improper Dih.        LJ (SR)   Coulomb (SR)
    1.25515e+04    5.57667e+03    6.45698e+02   -5.83492e+05    0.00000e+00
      Potential    Kinetic En.   Total Energy  Conserved En.    Temperature
   -5.64718e+05    1.04301e+05   -4.60417e+05   -4.92126e+06    3.00332e+02
 Pressure (bar)   Constr. rmsd
   -3.41061e+01    3.90932e-04

           Step           Time
         685000    13700.00000

   Energies (kJ/mol)
           Bond       G96Angle  Improper Dih.        LJ (SR)   Coulomb (SR)
    1.24686e+04    5.63803e+03    5.36878e+02   -5.82991e+05    0.00000e+00
      Potential    Kinetic En.   Total Energy  Conserved En.    Temperature
   -5.64347e+05    1.05651e+05   -4.58696e+05   -4.95350e+06    3.04218e+02
 Pressure (bar)   Constr. rmsd
    1.30203e+01    3.97919e-04

           Step           Time
         690000    13800.00000

   Energies (kJ/mol)
           Bond       G96Angle  Improper Dih.        LJ (SR)   Coulomb (SR)
    1.23426e+04    5.75240e+03    5.91650e+02   -5.85235e+05    0.00000e+00
      Potential    Kinetic En.   Total Energy  Conserved En.    Temperature
   -5.66548e+05    1.05852e+05   -4.60696e+05   -4.98598e+06    3.04798e+02
 Pressure (bar)   Constr. rmsd
    1.37689e+01    3.89423e-04

           Step           Time
         695000    13900.00000

   Energies (kJ/mol)
           Bond       G96Angle  Improper Dih.        LJ (SR)   Coulomb (SR)
    1.22168e+04    5.71440e+03    6.09892e+02   -5.83072e+05    0.00000e+00
      Potential    Kinetic En.   Total Energy  Conserved En.    Temperature
   -5.64531e+05    1.05028e+05   -4.59502e+05   -5.01816e+06    3.02426e+02
 Pressure (bar)   Constr. rmsd
   -3.98310e+00    3.75126e-04

           Step           Time
         700000    14000.00000

   Energies (kJ/mol)
           Bond       G96Angle  Improper Dih.        LJ (SR)   Coulomb (SR)
    1.23167e+04    5.69134e+03    6.08449e+02   -5.83629e+05    0.00000e+00
      Potential    Kinetic En.   Total Energy  Conserved En.    Temperature
   -5.65012e+05    1.05641e+05   -4.59371e+05   -5.05014e+06    3.04190e+02
 Pressure (bar)   Constr. rmsd
    2.60325e+01    3.96471e-04

           Step           Time
         705000    14100.00000

   Energies (kJ/mol)
           Bond       G96Angle  Improper Dih.        LJ (SR)   Coulomb (SR)
    1.23483e+04    5.67097e+03    5.80820e+02   -5.83467e+05    0.00000e+00
      Potential    Kinetic En.   Total Energy  Conserved En.    Temperature
   -5.64867e+05    1.04934e+05   -4.59932e+05   -5.08210e+06    3.02155e+02
 Pressure (bar)   Constr. rmsd
    2.37233e+01    3.69555e-04

           Step           Time
         710000    14200.00000

   Energies (kJ/mol)
           Bond       G96Angle  Improper Dih.        LJ (SR)   Coulomb (SR)
    1.26303e+04    5.55516e+03    6.30028e+02   -5.81991e+05    0.00000e+00
      Potential    Kinetic En.   Total Energy  Conserved En.    Temperature
   -5.63175e+05    1.04191e+05   -4.58984e+05   -5.11411e+06    3.00015e+02
 Pressure (bar)   Constr. rmsd
   -1.81599e+01    3.74908e-04

           Step           Time
         715000    14300.00000

   Energies (kJ/mol)
           Bond       G96Angle  Improper Dih.        LJ (SR)   Coulomb (SR)
    1.22748e+04    5.68645e+03    6.05084e+02   -5.84922e+05    0.00000e+00
      Potential    Kinetic En.   Total Energy  Conserved En.    Temperature
   -5.66356e+05    1.05833e+05   -4.60523e+05   -5.14629e+06    3.04741e+02
 Pressure (bar)   Constr. rmsd
    4.55164e+01    3.77663e-04

           Step           Time
         720000    14400.00000

   Energies (kJ/mol)
           Bond       G96Angle  Improper Dih.        LJ (SR)   Coulomb (SR)
    1.24740e+04    5.61768e+03    6.08123e+02   -5.83919e+05    0.00000e+00
      Potential    Kinetic En.   Total Energy  Conserved En.    Temperature
   -5.65219e+05    1.06056e+05   -4.59164e+05   -5.17889e+06    3.05384e+02
 Pressure (bar)   Constr. rmsd
   -2.50486e+01    3.78247e-04

           Step           Time
         725000    14500.00000

   Energies (kJ/mol)
           Bond       G96Angle  Improper Dih.        LJ (SR)   Coulomb (SR)
    1.25262e+04    5.50720e+03    6.06385e+02   -5.82872e+05    0.00000e+00
      Potential    Kinetic En.   Total Energy  Conserved En.    Temperature
   -5.64233e+05    1.06348e+05   -4.57885e+05   -5.21098e+06    3.06224e+02
 Pressure (bar)   Constr. rmsd
   -2.47577e+01    3.69282e-04

           Step           Time
         730000    14600.00000

   Energies (kJ/mol)
           Bond       G96Angle  Improper Dih.        LJ (SR)   Coulomb (SR)
    1.22746e+04    5.50897e+03    6.41616e+02   -5.83447e+05    0.00000e+00
      Potential    Kinetic En.   Total Energy  Conserved En.    Temperature
   -5.65022e+05    1.05326e+05   -4.59696e+05   -5.24312e+06    3.03281e+02
 Pressure (bar)   Constr. rmsd
   -2.74431e+01    3.75737e-04

           Step           Time
         735000    14700.00000

   Energies (kJ/mol)
           Bond       G96Angle  Improper Dih.        LJ (SR)   Coulomb (SR)
    1.25639e+04    5.53022e+03    5.62226e+02   -5.84663e+05    0.00000e+00
      Potential    Kinetic En.   Total Energy  Conserved En.    Temperature
   -5.66007e+05    1.06063e+05   -4.59944e+05   -5.27539e+06    3.05406e+02
 Pressure (bar)   Constr. rmsd
    2.17157e+01    3.88001e-04

           Step           Time
         740000    14800.00000

   Energies (kJ/mol)
           Bond       G96Angle  Improper Dih.        LJ (SR)   Coulomb (SR)
    1.21797e+04    5.67410e+03    6.52693e+02   -5.83604e+05    0.00000e+00
      Potential    Kinetic En.   Total Energy  Conserved En.    Temperature
   -5.65097e+05    1.06340e+05   -4.58757e+05   -5.30746e+06    3.06202e+02
 Pressure (bar)   Constr. rmsd
    6.06874e+00    4.02663e-04

           Step           Time
         745000    14900.00000

   Energies (kJ/mol)
           Bond       G96Angle  Improper Dih.        LJ (SR)   Coulomb (SR)
    1.26833e+04    5.60811e+03    6.27831e+02   -5.84687e+05    0.00000e+00
      Potential    Kinetic En.   Total Energy  Conserved En.    Temperature
   -5.65768e+05    1.05063e+05   -4.60705e+05   -5.33915e+06    3.02524e+02
 Pressure (bar)   Constr. rmsd
   -1.24503e+01    3.70573e-04

           Step           Time
         750000    15000.00000

   Energies (kJ/mol)
           Bond       G96Angle  Improper Dih.        LJ (SR)   Coulomb (SR)
    1.30203e+04    5.66511e+03    6.54297e+02   -5.83465e+05    0.00000e+00
      Potential    Kinetic En.   Total Energy  Conserved En.    Temperature
   -5.64126e+05    1.05877e+05   -4.58248e+05   -5.37117e+06    3.04870e+02
 Pressure (bar)   Constr. rmsd
    5.55567e+01    3.85892e-04

           Step           Time
         755000    15100.00000

   Energies (kJ/mol)
           Bond       G96Angle  Improper Dih.        LJ (SR)   Coulomb (SR)
    1.28516e+04    5.58940e+03    5.97732e+02   -5.83492e+05    0.00000e+00
      Potential    Kinetic En.   Total Energy  Conserved En.    Temperature
   -5.64453e+05    1.04689e+05   -4.59764e+05   -5.40336e+06    3.01448e+02
 Pressure (bar)   Constr. rmsd
    1.85156e+00    3.87506e-04

           Step           Time
         760000    15200.00000

   Energies (kJ/mol)
           Bond       G96Angle  Improper Dih.        LJ (SR)   Coulomb (SR)
    1.24317e+04    5.81939e+03    5.80692e+02   -5.81889e+05    0.00000e+00
      Potential    Kinetic En.   Total Energy  Conserved En.    Temperature
   -5.63058e+05    1.05804e+05   -4.57254e+05   -5.43567e+06    3.04658e+02
 Pressure (bar)   Constr. rmsd
    3.88193e+01    3.70454e-04

           Step           Time
         765000    15300.00000

   Energies (kJ/mol)
           Bond       G96Angle  Improper Dih.        LJ (SR)   Coulomb (SR)
    1.22094e+04    5.61057e+03    6.59805e+02   -5.80730e+05    0.00000e+00
      Potential    Kinetic En.   Total Energy  Conserved En.    Temperature
   -5.62251e+05    1.04577e+05   -4.57674e+05   -5.46790e+06    3.01125e+02
 Pressure (bar)   Constr. rmsd
    1.97032e+01    3.91795e-04

           Step           Time
         770000    15400.00000

   Energies (kJ/mol)
           Bond       G96Angle  Improper Dih.        LJ (SR)   Coulomb (SR)
    1.24509e+04    5.65935e+03    7.03084e+02   -5.81750e+05    0.00000e+00
      Potential    Kinetic En.   Total Energy  Conserved En.    Temperature
   -5.62937e+05    1.06729e+05   -4.56207e+05   -5.50009e+06    3.07324e+02
 Pressure (bar)   Constr. rmsd
   -1.46005e+01    3.76485e-04

           Step           Time
         775000    15500.00000

   Energies (kJ/mol)
           Bond       G96Angle  Improper Dih.        LJ (SR)   Coulomb (SR)
    1.23198e+04    5.54784e+03    5.93576e+02   -5.83324e+05    0.00000e+00
      Potential    Kinetic En.   Total Energy  Conserved En.    Temperature
   -5.64863e+05    1.05057e+05   -4.59806e+05   -5.53222e+06    3.02509e+02
 Pressure (bar)   Constr. rmsd
   -4.12531e+00    3.78923e-04

           Step           Time
         780000    15600.00000

   Energies (kJ/mol)
           Bond       G96Angle  Improper Dih.        LJ (SR)   Coulomb (SR)
    1.27857e+04    5.59649e+03    5.97016e+02   -5.82798e+05    0.00000e+00
      Potential    Kinetic En.   Total Energy  Conserved En.    Temperature
   -5.63819e+05    1.05565e+05   -4.58254e+05   -5.56451e+06    3.03972e+02
 Pressure (bar)   Constr. rmsd
   -7.56729e-01    3.69387e-04

           Step           Time
         785000    15700.00000

   Energies (kJ/mol)
           Bond       G96Angle  Improper Dih.        LJ (SR)   Coulomb (SR)
    1.22790e+04    5.47551e+03    6.07572e+02   -5.84258e+05    0.00000e+00
      Potential    Kinetic En.   Total Energy  Conserved En.    Temperature
   -5.65895e+05    1.04942e+05   -4.60954e+05   -5.59679e+06    3.02177e+02
 Pressure (bar)   Constr. rmsd
    1.44218e+01    4.03500e-04

           Step           Time
         790000    15800.00000

   Energies (kJ/mol)
           Bond       G96Angle  Improper Dih.        LJ (SR)   Coulomb (SR)
    1.26298e+04    5.67570e+03    6.26896e+02   -5.82965e+05    0.00000e+00
      Potential    Kinetic En.   Total Energy  Conserved En.    Temperature
   -5.64033e+05    1.05866e+05   -4.58167e+05   -5.62909e+06    3.04838e+02
 Pressure (bar)   Constr. rmsd
   -3.29669e+01    3.89133e-04

           Step           Time
         795000    15900.00000

   Energies (kJ/mol)
           Bond       G96Angle  Improper Dih.        LJ (SR)   Coulomb (SR)
    1.25065e+04    5.92594e+03    6.53468e+02   -5.79656e+05    0.00000e+00
      Potential    Kinetic En.   Total Energy  Conserved En.    Temperature
   -5.60570e+05    1.06560e+05   -4.54009e+05   -5.66090e+06    3.06836e+02
 Pressure (bar)   Constr. rmsd
   -5.65407e+00    3.84091e-04

           Step           Time
         800000    16000.00000

   Energies (kJ/mol)
           Bond       G96Angle  Improper Dih.        LJ (SR)   Coulomb (SR)
    1.27122e+04    5.83008e+03    6.47281e+02   -5.80854e+05    0.00000e+00
      Potential    Kinetic En.   Total Energy  Conserved En.    Temperature
   -5.61665e+05    1.06144e+05   -4.55521e+05   -5.69321e+06    3.05637e+02
 Pressure (bar)   Constr. rmsd
   -1.58521e+01    3.80931e-04

           Step           Time
         805000    16100.00000

   Energies (kJ/mol)
           Bond       G96Angle  Improper Dih.        LJ (SR)   Coulomb (SR)
    1.21370e+04    5.60310e+03    6.11465e+02   -5.82028e+05    0.00000e+00
      Potential    Kinetic En.   Total Energy  Conserved En.    Temperature
   -5.63677e+05    1.05034e+05   -4.58642e+05   -5.72541e+06    3.02442e+02
 Pressure (bar)   Constr. rmsd
    9.98425e+00    3.83123e-04

           Step           Time
         810000    16200.00000

   Energies (kJ/mol)
           Bond       G96Angle  Improper Dih.        LJ (SR)   Coulomb (SR)
    1.21857e+04    5.67463e+03    6.29878e+02   -5.81955e+05    0.00000e+00
      Potential    Kinetic En.   Total Energy  Conserved En.    Temperature
   -5.63465e+05    1.04933e+05   -4.58532e+05   -5.75770e+06    3.02150e+02
 Pressure (bar)   Constr. rmsd
   -2.80120e+01    3.83110e-04

           Step           Time
         815000    16300.00000

   Energies (kJ/mol)
           Bond       G96Angle  Improper Dih.        LJ (SR)   Coulomb (SR)
    1.26326e+04    5.66744e+03    6.22926e+02   -5.81880e+05    0.00000e+00
      Potential    Kinetic En.   Total Energy  Conserved En.    Temperature
   -5.62957e+05    1.05522e+05   -4.57435e+05   -5.79016e+06    3.03847e+02
 Pressure (bar)   Constr. rmsd
   -1.09549e+01    3.89045e-04

           Step           Time
         820000    16400.00000

   Energies (kJ/mol)
           Bond       G96Angle  Improper Dih.        LJ (SR)   Coulomb (SR)
    1.21537e+04    5.76682e+03    6.58621e+02   -5.82712e+05    0.00000e+00
      Potential    Kinetic En.   Total Energy  Conserved En.    Temperature
   -5.64133e+05    1.05177e+05   -4.58956e+05   -5.82222e+06    3.02853e+02
 Pressure (bar)   Constr. rmsd
   -4.51344e+00    3.88535e-04

           Step           Time
         825000    16500.00000

   Energies (kJ/mol)
           Bond       G96Angle  Improper Dih.        LJ (SR)   Coulomb (SR)
    1.24039e+04    5.92206e+03    6.11062e+02   -5.80674e+05    0.00000e+00
      Potential    Kinetic En.   Total Energy  Conserved En.    Temperature
   -5.61737e+05    1.04957e+05   -4.56780e+05   -5.85450e+06    3.02220e+02
 Pressure (bar)   Constr. rmsd
   -4.19376e+01    3.91282e-04

           Step           Time
         830000    16600.00000

   Energies (kJ/mol)
           Bond       G96Angle  Improper Dih.        LJ (SR)   Coulomb (SR)
    1.26272e+04    5.63980e+03    6.30381e+02   -5.81438e+05    0.00000e+00
      Potential    Kinetic En.   Total Energy  Conserved En.    Temperature
   -5.62541e+05    1.04955e+05   -4.57586e+05   -5.88674e+06    3.02214e+02
 Pressure (bar)   Constr. rmsd
    3.77693e+01    4.00788e-04

           Step           Time
         835000    16700.00000

   Energies (kJ/mol)
           Bond       G96Angle  Improper Dih.        LJ (SR)   Coulomb (SR)
    1.21629e+04    5.50985e+03    6.63101e+02   -5.82332e+05    0.00000e+00
      Potential    Kinetic En.   Total Energy  Conserved En.    Temperature
   -5.63996e+05    1.05133e+05   -4.58863e+05   -5.91890e+06    3.02726e+02
 Pressure (bar)   Constr. rmsd
    3.39818e+01    3.72143e-04

           Step           Time
         840000    16800.00000

   Energies (kJ/mol)
           Bond       G96Angle  Improper Dih.        LJ (SR)   Coulomb (SR)
    1.22030e+04    5.82748e+03    6.17965e+02   -5.82226e+05    0.00000e+00
      Potential    Kinetic En.   Total Energy  Conserved En.    Temperature
   -5.63577e+05    1.05379e+05   -4.58198e+05   -5.95119e+06    3.03434e+02
 Pressure (bar)   Constr. rmsd
   -2.26782e+00    3.68908e-04

           Step           Time
         845000    16900.00000

   Energies (kJ/mol)
           Bond       G96Angle  Improper Dih.        LJ (SR)   Coulomb (SR)
    1.24842e+04    5.53124e+03    5.80112e+02   -5.80620e+05    0.00000e+00
      Potential    Kinetic En.   Total Energy  Conserved En.    Temperature
   -5.62025e+05    1.06522e+05   -4.55503e+05   -5.98330e+06    3.06726e+02
 Pressure (bar)   Constr. rmsd
   -1.45389e+01    3.90730e-04

           Step           Time
         850000    17000.00000

   Energies (kJ/mol)
           Bond       G96Angle  Improper Dih.        LJ (SR)   Coulomb (SR)
    1.25782e+04    5.83906e+03    6.48108e+02   -5.80706e+05    0.00000e+00
      Potential    Kinetic En.   Total Energy  Conserved En.    Temperature
   -5.61641e+05    1.04099e+05   -4.57542e+05   -6.01546e+06    2.99750e+02
 Pressure (bar)   Constr. rmsd
   -2.32816e+01    3.87431e-04

           Step           Time
         855000    17100.00000

   Energies (kJ/mol)
           Bond       G96Angle  Improper Dih.        LJ (SR)   Coulomb (SR)
    1.21958e+04    5.73368e+03    6.74552e+02   -5.79955e+05    0.00000e+00
      Potential    Kinetic En.   Total Energy  Conserved En.    Temperature
   -5.61351e+05    1.06122e+05   -4.55229e+05   -6.04745e+06    3.05575e+02
 Pressure (bar)   Constr. rmsd
   -2.55084e+01    3.92191e-04

           Step           Time
         860000    17200.00000

   Energies (kJ/mol)
           Bond       G96Angle  Improper Dih.        LJ (SR)   Coulomb (SR)
    1.25527e+04    5.70233e+03    6.32701e+02   -5.82984e+05    0.00000e+00
      Potential    Kinetic En.   Total Energy  Conserved En.    Temperature
   -5.64096e+05    1.04907e+05   -4.59189e+05   -6.07963e+06    3.02077e+02
 Pressure (bar)   Constr. rmsd
   -1.72572e+01    3.91160e-04

           Step           Time
         865000    17300.00000

   Energies (kJ/mol)
           Bond       G96Angle  Improper Dih.        LJ (SR)   Coulomb (SR)
    1.27308e+04    5.69442e+03    6.33178e+02   -5.81277e+05    0.00000e+00
      Potential    Kinetic En.   Total Energy  Conserved En.    Temperature
   -5.62219e+05    1.06041e+05   -4.56177e+05   -6.11178e+06    3.05342e+02
 Pressure (bar)   Constr. rmsd
    7.85700e+00    4.00845e-04

           Step           Time
         870000    17400.00000

   Energies (kJ/mol)
           Bond       G96Angle  Improper Dih.        LJ (SR)   Coulomb (SR)
    1.26385e+04    5.42032e+03    6.47201e+02   -5.82894e+05    0.00000e+00
      Potential    Kinetic En.   Total Energy  Conserved En.    Temperature
   -5.64188e+05    1.06271e+05   -4.57917e+05   -6.14390e+06    3.06005e+02
 Pressure (bar)   Constr. rmsd
    2.26741e+01    3.88211e-04

           Step           Time
         875000    17500.00000

   Energies (kJ/mol)
           Bond       G96Angle  Improper Dih.        LJ (SR)   Coulomb (SR)
    1.26405e+04    5.65640e+03    6.12090e+02   -5.82881e+05    0.00000e+00
      Potential    Kinetic En.   Total Energy  Conserved En.    Temperature
   -5.63972e+05    1.05179e+05   -4.58793e+05   -6.17584e+06    3.02858e+02
 Pressure (bar)   Constr. rmsd
   -3.85454e+00    3.89577e-04

           Step           Time
         880000    17600.00000

   Energies (kJ/mol)
           Bond       G96Angle  Improper Dih.        LJ (SR)   Coulomb (SR)
    1.22474e+04    5.78120e+03    5.78340e+02   -5.80764e+05    0.00000e+00
      Potential    Kinetic En.   Total Energy  Conserved En.    Temperature
   -5.62157e+05    1.05506e+05   -4.56651e+05   -6.20779e+06    3.03801e+02
 Pressure (bar)   Constr. rmsd
   -6.33635e+01    3.68911e-04

           Step           Time
         885000    17700.00000

   Energies (kJ/mol)
           Bond       G96Angle  Improper Dih.        LJ (SR)   Coulomb (SR)
    1.23372e+04    5.47176e+03    5.45668e+02   -5.81200e+05    0.00000e+00
      Potential    Kinetic En.   Total Energy  Conserved En.    Temperature
   -5.62846e+05    1.04778e+05   -4.58067e+05   -6.23953e+06    3.01706e+02
 Pressure (bar)   Constr. rmsd
   -3.65470e+01    3.68752e-04

           Step           Time
         890000    17800.00000

   Energies (kJ/mol)
           Bond       G96Angle  Improper Dih.        LJ (SR)   Coulomb (SR)
    1.21441e+04    5.69599e+03    5.65467e+02   -5.82926e+05    0.00000e+00
      Potential    Kinetic En.   Total Energy  Conserved En.    Temperature
   -5.64520e+05    1.06419e+05   -4.58101e+05   -6.27155e+06    3.06429e+02
 Pressure (bar)   Constr. rmsd
    6.24896e-01    3.82037e-04

           Step           Time
         895000    17900.00000

   Energies (kJ/mol)
           Bond       G96Angle  Improper Dih.        LJ (SR)   Coulomb (SR)
    1.27861e+04    5.74776e+03    6.87711e+02   -5.81720e+05    0.00000e+00
      Potential    Kinetic En.   Total Energy  Conserved En.    Temperature
   -5.62499e+05    1.06348e+05   -4.56151e+05   -6.30367e+06    3.06224e+02
 Pressure (bar)   Constr. rmsd
    3.69806e+00    3.61556e-04

           Step           Time
         900000    18000.00000

   Energies (kJ/mol)
           Bond       G96Angle  Improper Dih.        LJ (SR)   Coulomb (SR)
    1.22899e+04    5.70425e+03    6.40722e+02   -5.81740e+05    0.00000e+00
      Potential    Kinetic En.   Total Energy  Conserved En.    Temperature
   -5.63105e+05    1.05382e+05   -4.57723e+05   -6.33574e+06    3.03444e+02
 Pressure (bar)   Constr. rmsd
    6.34093e+00    3.96736e-04

Writing checkpoint, step 900050 at Fri Feb 24 18:06:17 2023


           Step           Time
         905000    18100.00000

   Energies (kJ/mol)
           Bond       G96Angle  Improper Dih.        LJ (SR)   Coulomb (SR)
    1.21849e+04    5.64794e+03    6.78890e+02   -5.80286e+05    0.00000e+00
      Potential    Kinetic En.   Total Energy  Conserved En.    Temperature
   -5.61774e+05    1.05059e+05   -4.56715e+05   -6.36786e+06    3.02515e+02
 Pressure (bar)   Constr. rmsd
   -1.48726e+01    3.73084e-04

           Step           Time
         910000    18200.00000

   Energies (kJ/mol)
           Bond       G96Angle  Improper Dih.        LJ (SR)   Coulomb (SR)
    1.22152e+04    5.69070e+03    6.06823e+02   -5.80238e+05    0.00000e+00
      Potential    Kinetic En.   Total Energy  Conserved En.    Temperature
   -5.61725e+05    1.05864e+05   -4.55861e+05   -6.39998e+06    3.04831e+02
 Pressure (bar)   Constr. rmsd
   -3.12770e+01    3.82546e-04

           Step           Time
         915000    18300.00000

   Energies (kJ/mol)
           Bond       G96Angle  Improper Dih.        LJ (SR)   Coulomb (SR)
    1.19368e+04    5.70900e+03    6.34903e+02   -5.82839e+05    0.00000e+00
      Potential    Kinetic En.   Total Energy  Conserved En.    Temperature
   -5.64558e+05    1.04945e+05   -4.59613e+05   -6.43229e+06    3.02186e+02
 Pressure (bar)   Constr. rmsd
    7.54296e+00    3.92065e-04

           Step           Time
         920000    18400.00000

   Energies (kJ/mol)
           Bond       G96Angle  Improper Dih.        LJ (SR)   Coulomb (SR)
    1.25853e+04    5.62341e+03    6.92390e+02   -5.81675e+05    0.00000e+00
      Potential    Kinetic En.   Total Energy  Conserved En.    Temperature
   -5.62774e+05    1.06264e+05   -4.56510e+05   -6.46438e+06    3.05984e+02
 Pressure (bar)   Constr. rmsd
    2.44218e+01    3.84518e-04

           Step           Time
         925000    18500.00000

   Energies (kJ/mol)
           Bond       G96Angle  Improper Dih.        LJ (SR)   Coulomb (SR)
    1.23051e+04    5.51510e+03    7.28756e+02   -5.82820e+05    0.00000e+00
      Potential    Kinetic En.   Total Energy  Conserved En.    Temperature
   -5.64272e+05    1.05022e+05   -4.59250e+05   -6.49672e+06    3.02407e+02
 Pressure (bar)   Constr. rmsd
   -8.49379e+00    3.68445e-04

           Step           Time
         930000    18600.00000

   Energies (kJ/mol)
           Bond       G96Angle  Improper Dih.        LJ (SR)   Coulomb (SR)
    1.20450e+04    5.52622e+03    5.96369e+02   -5.81485e+05    0.00000e+00
      Potential    Kinetic En.   Total Energy  Conserved En.    Temperature
   -5.63317e+05    1.05162e+05   -4.58155e+05   -6.52900e+06    3.02811e+02
 Pressure (bar)   Constr. rmsd
    3.76690e+00    3.85599e-04

           Step           Time
         935000    18700.00000

   Energies (kJ/mol)
           Bond       G96Angle  Improper Dih.        LJ (SR)   Coulomb (SR)
    1.23484e+04    5.66072e+03    6.98061e+02   -5.82030e+05    0.00000e+00
      Potential    Kinetic En.   Total Energy  Conserved En.    Temperature
   -5.63323e+05    1.06379e+05   -4.56944e+05   -6.56120e+06    3.06316e+02
 Pressure (bar)   Constr. rmsd
   -2.72740e+01    3.93908e-04

           Step           Time
         940000    18800.00000

   Energies (kJ/mol)
           Bond       G96Angle  Improper Dih.        LJ (SR)   Coulomb (SR)
    1.19764e+04    5.53898e+03    6.38124e+02   -5.83478e+05    0.00000e+00
      Potential    Kinetic En.   Total Energy  Conserved En.    Temperature
   -5.65324e+05    1.05398e+05   -4.59926e+05   -6.59349e+06    3.03490e+02
 Pressure (bar)   Constr. rmsd
   -5.09946e+00    3.93067e-04

           Step           Time
         945000    18900.00000

   Energies (kJ/mol)
           Bond       G96Angle  Improper Dih.        LJ (SR)   Coulomb (SR)
    1.23037e+04    5.84958e+03    6.35560e+02   -5.84144e+05    0.00000e+00
      Potential    Kinetic En.   Total Energy  Conserved En.    Temperature
   -5.65355e+05    1.06451e+05   -4.58904e+05   -6.62574e+06    3.06522e+02
 Pressure (bar)   Constr. rmsd
    3.67549e+01    3.84856e-04

           Step           Time
         950000    19000.00000

   Energies (kJ/mol)
           Bond       G96Angle  Improper Dih.        LJ (SR)   Coulomb (SR)
    1.23257e+04    5.54927e+03    6.63370e+02   -5.82867e+05    0.00000e+00
      Potential    Kinetic En.   Total Energy  Conserved En.    Temperature
   -5.64328e+05    1.05037e+05   -4.59292e+05   -6.65783e+06    3.02449e+02
 Pressure (bar)   Constr. rmsd
   -5.48721e+01    3.88280e-04

           Step           Time
         955000    19100.00000

   Energies (kJ/mol)
           Bond       G96Angle  Improper Dih.        LJ (SR)   Coulomb (SR)
    1.27534e+04    5.61674e+03    5.81659e+02   -5.81252e+05    0.00000e+00
      Potential    Kinetic En.   Total Energy  Conserved En.    Temperature
   -5.62300e+05    1.05532e+05   -4.56769e+05   -6.69014e+06    3.03875e+02
 Pressure (bar)   Constr. rmsd
   -1.35101e+01    3.76352e-04

           Step           Time
         960000    19200.00000

   Energies (kJ/mol)
           Bond       G96Angle  Improper Dih.        LJ (SR)   Coulomb (SR)
    1.23332e+04    5.41059e+03    6.62034e+02   -5.82472e+05    0.00000e+00
      Potential    Kinetic En.   Total Energy  Conserved En.    Temperature
   -5.64066e+05    1.04816e+05   -4.59250e+05   -6.72247e+06    3.01814e+02
 Pressure (bar)   Constr. rmsd
    8.22052e+00    4.10738e-04

           Step           Time
         965000    19300.00000

   Energies (kJ/mol)
           Bond       G96Angle  Improper Dih.        LJ (SR)   Coulomb (SR)
    1.24359e+04    5.67941e+03    6.33474e+02   -5.81486e+05    0.00000e+00
      Potential    Kinetic En.   Total Energy  Conserved En.    Temperature
   -5.62738e+05    1.04927e+05   -4.57810e+05   -6.75480e+06    3.02135e+02
 Pressure (bar)   Constr. rmsd
   -1.04903e+01    4.02393e-04

           Step           Time
         970000    19400.00000

   Energies (kJ/mol)
           Bond       G96Angle  Improper Dih.        LJ (SR)   Coulomb (SR)
    1.24302e+04    5.69663e+03    7.02295e+02   -5.83922e+05    0.00000e+00
      Potential    Kinetic En.   Total Energy  Conserved En.    Temperature
   -5.65093e+05    1.05413e+05   -4.59680e+05   -6.78724e+06    3.03534e+02
 Pressure (bar)   Constr. rmsd
    2.50366e+00    3.64201e-04

           Step           Time
         975000    19500.00000

   Energies (kJ/mol)
           Bond       G96Angle  Improper Dih.        LJ (SR)   Coulomb (SR)
    1.22458e+04    5.74690e+03    6.70011e+02   -5.83010e+05    0.00000e+00
      Potential    Kinetic En.   Total Energy  Conserved En.    Temperature
   -5.64348e+05    1.06442e+05   -4.57905e+05   -6.81952e+06    3.06497e+02
 Pressure (bar)   Constr. rmsd
    2.57690e+01    3.97690e-04

           Step           Time
         980000    19600.00000

   Energies (kJ/mol)
           Bond       G96Angle  Improper Dih.        LJ (SR)   Coulomb (SR)
    1.27283e+04    5.72321e+03    6.77188e+02   -5.82312e+05    0.00000e+00
      Potential    Kinetic En.   Total Energy  Conserved En.    Temperature
   -5.63184e+05    1.06252e+05   -4.56932e+05   -6.85177e+06    3.05948e+02
 Pressure (bar)   Constr. rmsd
    2.12258e+00    3.85049e-04

           Step           Time
         985000    19700.00000

   Energies (kJ/mol)
           Bond       G96Angle  Improper Dih.        LJ (SR)   Coulomb (SR)
    1.19924e+04    5.63798e+03    6.66269e+02   -5.81738e+05    0.00000e+00
      Potential    Kinetic En.   Total Energy  Conserved En.    Temperature
   -5.63442e+05    1.06526e+05   -4.56916e+05   -6.88359e+06    3.06737e+02
 Pressure (bar)   Constr. rmsd
    1.10501e+01    4.00607e-04

           Step           Time
         990000    19800.00000

   Energies (kJ/mol)
           Bond       G96Angle  Improper Dih.        LJ (SR)   Coulomb (SR)
    1.25876e+04    5.43668e+03    5.62858e+02   -5.84530e+05    0.00000e+00
      Potential    Kinetic En.   Total Energy  Conserved En.    Temperature
   -5.65942e+05    1.04539e+05   -4.61403e+05   -6.91546e+06    3.01017e+02
 Pressure (bar)   Constr. rmsd
   -2.92819e+00    3.82666e-04

           Step           Time
         995000    19900.00000

   Energies (kJ/mol)
           Bond       G96Angle  Improper Dih.        LJ (SR)   Coulomb (SR)
    1.19260e+04    5.82388e+03    7.38618e+02   -5.81472e+05    0.00000e+00
      Potential    Kinetic En.   Total Energy  Conserved En.    Temperature
   -5.62983e+05    1.07177e+05   -4.55806e+05   -6.94738e+06    3.08612e+02
 Pressure (bar)   Constr. rmsd
    3.18051e+01    3.91923e-04

           Step           Time
        1000000    20000.00000

   Energies (kJ/mol)
           Bond       G96Angle  Improper Dih.        LJ (SR)   Coulomb (SR)
    1.25263e+04    5.58605e+03    6.63997e+02   -5.83536e+05    0.00000e+00
      Potential    Kinetic En.   Total Energy  Conserved En.    Temperature
   -5.64760e+05    1.05040e+05   -4.59720e+05   -6.97949e+06    3.02458e+02
 Pressure (bar)   Constr. rmsd
    3.33498e+01    3.87784e-04

           Step           Time
        1005000    20100.00000

   Energies (kJ/mol)
           Bond       G96Angle  Improper Dih.        LJ (SR)   Coulomb (SR)
    1.23002e+04    5.65398e+03    7.07592e+02   -5.80597e+05    0.00000e+00
      Potential    Kinetic En.   Total Energy  Conserved En.    Temperature
   -5.61935e+05    1.05399e+05   -4.56536e+05   -7.01142e+06    3.03493e+02
 Pressure (bar)   Constr. rmsd
    1.41387e+01    3.73465e-04

           Step           Time
        1010000    20200.00000

   Energies (kJ/mol)
           Bond       G96Angle  Improper Dih.        LJ (SR)   Coulomb (SR)
    1.23051e+04    5.68955e+03    6.23752e+02   -5.79617e+05    0.00000e+00
      Potential    Kinetic En.   Total Energy  Conserved En.    Temperature
   -5.60999e+05    1.06356e+05   -4.54643e+05   -7.04352e+06    3.06248e+02
 Pressure (bar)   Constr. rmsd
    2.75584e+01    3.97269e-04

           Step           Time
        1015000    20300.00000

   Energies (kJ/mol)
           Bond       G96Angle  Improper Dih.        LJ (SR)   Coulomb (SR)
    1.20722e+04    5.69767e+03    6.06679e+02   -5.83706e+05    0.00000e+00
      Potential    Kinetic En.   Total Energy  Conserved En.    Temperature
   -5.65330e+05    1.04663e+05   -4.60666e+05   -7.07535e+06    3.01375e+02
 Pressure (bar)   Constr. rmsd
    2.06437e+01    3.60446e-04

           Step           Time
        1020000    20400.00000

   Energies (kJ/mol)
           Bond       G96Angle  Improper Dih.        LJ (SR)   Coulomb (SR)
    1.25467e+04    5.50738e+03    6.32422e+02   -5.83190e+05    0.00000e+00
      Potential    Kinetic En.   Total Energy  Conserved En.    Temperature
   -5.64504e+05    1.05125e+05   -4.59379e+05   -7.10729e+06    3.02703e+02
 Pressure (bar)   Constr. rmsd
   -2.36523e+01    3.75451e-04

           Step           Time
        1025000    20500.00000

   Energies (kJ/mol)
           Bond       G96Angle  Improper Dih.        LJ (SR)   Coulomb (SR)
    1.20931e+04    5.65281e+03    6.28584e+02   -5.83000e+05    0.00000e+00
      Potential    Kinetic En.   Total Energy  Conserved En.    Temperature
   -5.64626e+05    1.04972e+05   -4.59654e+05   -7.13947e+06    3.02263e+02
 Pressure (bar)   Constr. rmsd
   -1.65579e+01    3.85262e-04

           Step           Time
        1030000    20600.00000

   Energies (kJ/mol)
           Bond       G96Angle  Improper Dih.        LJ (SR)   Coulomb (SR)
    1.26866e+04    5.67986e+03    5.86530e+02   -5.81897e+05    0.00000e+00
      Potential    Kinetic En.   Total Energy  Conserved En.    Temperature
   -5.62944e+05    1.06773e+05   -4.56170e+05   -7.17185e+06    3.07449e+02
 Pressure (bar)   Constr. rmsd
    3.19578e+01    3.77693e-04

           Step           Time
        1035000    20700.00000

   Energies (kJ/mol)
           Bond       G96Angle  Improper Dih.        LJ (SR)   Coulomb (SR)
    1.21003e+04    5.62063e+03    5.90279e+02   -5.81873e+05    0.00000e+00
      Potential    Kinetic En.   Total Energy  Conserved En.    Temperature
   -5.63561e+05    1.04719e+05   -4.58842e+05   -7.20405e+06    3.01535e+02
 Pressure (bar)   Constr. rmsd
   -4.83251e+01    3.61073e-04

           Step           Time
        1040000    20800.00000

   Energies (kJ/mol)
           Bond       G96Angle  Improper Dih.        LJ (SR)   Coulomb (SR)
    1.21881e+04    5.39827e+03    7.15358e+02   -5.82128e+05    0.00000e+00
      Potential    Kinetic En.   Total Energy  Conserved En.    Temperature
   -5.63826e+05    1.04866e+05   -4.58960e+05   -7.23600e+06    3.01958e+02
 Pressure (bar)   Constr. rmsd
   -1.46848e+01    3.62497e-04

           Step           Time
        1045000    20900.00000

   Energies (kJ/mol)
           Bond       G96Angle  Improper Dih.        LJ (SR)   Coulomb (SR)
    1.26712e+04    5.72482e+03    6.35133e+02   -5.81927e+05    0.00000e+00
      Potential    Kinetic En.   Total Energy  Conserved En.    Temperature
   -5.62896e+05    1.06038e+05   -4.56858e+05   -7.26811e+06    3.05331e+02
 Pressure (bar)   Constr. rmsd
   -5.27348e+01    3.78664e-04

           Step           Time
        1050000    21000.00000

   Energies (kJ/mol)
           Bond       G96Angle  Improper Dih.        LJ (SR)   Coulomb (SR)
    1.26325e+04    5.78382e+03    6.52450e+02   -5.82859e+05    0.00000e+00
      Potential    Kinetic En.   Total Energy  Conserved En.    Temperature
   -5.63790e+05    1.05248e+05   -4.58542e+05   -7.30008e+06    3.03059e+02
 Pressure (bar)   Constr. rmsd
    9.81253e-01    3.85311e-04

           Step           Time
        1055000    21100.00000

   Energies (kJ/mol)
           Bond       G96Angle  Improper Dih.        LJ (SR)   Coulomb (SR)
    1.22692e+04    5.43422e+03    5.81569e+02   -5.82614e+05    0.00000e+00
      Potential    Kinetic En.   Total Energy  Conserved En.    Temperature
   -5.64329e+05    1.04945e+05   -4.59384e+05   -7.33207e+06    3.02185e+02
 Pressure (bar)   Constr. rmsd
   -6.18866e+00    3.63982e-04

           Step           Time
        1060000    21200.00000

   Energies (kJ/mol)
           Bond       G96Angle  Improper Dih.        LJ (SR)   Coulomb (SR)
    1.22557e+04    5.88120e+03    6.01407e+02   -5.81552e+05    0.00000e+00
      Potential    Kinetic En.   Total Energy  Conserved En.    Temperature
   -5.62813e+05    1.05542e+05   -4.57272e+05   -7.36403e+06    3.03904e+02
 Pressure (bar)   Constr. rmsd
   -3.49124e+01    3.63269e-04

           Step           Time
        1065000    21300.00000

   Energies (kJ/mol)
           Bond       G96Angle  Improper Dih.        LJ (SR)   Coulomb (SR)
    1.25188e+04    5.86431e+03    6.41651e+02   -5.81788e+05    0.00000e+00
      Potential    Kinetic En.   Total Energy  Conserved En.    Temperature
   -5.62764e+05    1.05567e+05   -4.57196e+05   -7.39613e+06    3.03977e+02
 Pressure (bar)   Constr. rmsd
    2.33792e+01    3.60789e-04

           Step           Time
        1070000    21400.00000

   Energies (kJ/mol)
           Bond       G96Angle  Improper Dih.        LJ (SR)   Coulomb (SR)
    1.24451e+04    5.64698e+03    6.48417e+02   -5.84555e+05    0.00000e+00
      Potential    Kinetic En.   Total Energy  Conserved En.    Temperature
   -5.65814e+05    1.05189e+05   -4.60625e+05   -7.42817e+06    3.02888e+02
 Pressure (bar)   Constr. rmsd
    4.75402e+01    3.80709e-04

           Step           Time
        1075000    21500.00000

   Energies (kJ/mol)
           Bond       G96Angle  Improper Dih.        LJ (SR)   Coulomb (SR)
    1.21838e+04    5.73964e+03    6.63258e+02   -5.82842e+05    0.00000e+00
      Potential    Kinetic En.   Total Energy  Conserved En.    Temperature
   -5.64256e+05    1.04811e+05   -4.59444e+05   -7.46012e+06    3.01800e+02
 Pressure (bar)   Constr. rmsd
    2.99201e+01    3.78483e-04

           Step           Time
        1080000    21600.00000

   Energies (kJ/mol)
           Bond       G96Angle  Improper Dih.        LJ (SR)   Coulomb (SR)
    1.25860e+04    5.39898e+03    7.25630e+02   -5.82316e+05    0.00000e+00
      Potential    Kinetic En.   Total Energy  Conserved En.    Temperature
   -5.63606e+05    1.04509e+05   -4.59096e+05   -7.49217e+06    3.00931e+02
 Pressure (bar)   Constr. rmsd
   -1.80679e+01    3.76284e-04

           Step           Time
        1085000    21700.00000

   Energies (kJ/mol)
           Bond       G96Angle  Improper Dih.        LJ (SR)   Coulomb (SR)
    1.25861e+04    5.44101e+03    5.78816e+02   -5.81724e+05    0.00000e+00
      Potential    Kinetic En.   Total Energy  Conserved En.    Temperature
   -5.63118e+05    1.04746e+05   -4.58372e+05   -7.52428e+06    3.01613e+02
 Pressure (bar)   Constr. rmsd
   -5.41403e+01    3.61155e-04

           Step           Time
        1090000    21800.00000

   Energies (kJ/mol)
           Bond       G96Angle  Improper Dih.        LJ (SR)   Coulomb (SR)
    1.26300e+04    5.58607e+03    7.12879e+02   -5.82202e+05    0.00000e+00
      Potential    Kinetic En.   Total Energy  Conserved En.    Temperature
   -5.63274e+05    1.05458e+05   -4.57816e+05   -7.55640e+06    3.03662e+02
 Pressure (bar)   Constr. rmsd
   -1.73920e+01    3.82548e-04

           Step           Time
        1095000    21900.00000

   Energies (kJ/mol)
           Bond       G96Angle  Improper Dih.        LJ (SR)   Coulomb (SR)
    1.24332e+04    5.61161e+03    6.48574e+02   -5.82554e+05    0.00000e+00
      Potential    Kinetic En.   Total Energy  Conserved En.    Temperature
   -5.63861e+05    1.05473e+05   -4.58388e+05   -7.58836e+06    3.03705e+02
 Pressure (bar)   Constr. rmsd
   -7.96264e+00    3.73852e-04

           Step           Time
        1100000    22000.00000

   Energies (kJ/mol)
           Bond       G96Angle  Improper Dih.        LJ (SR)   Coulomb (SR)
    1.22837e+04    5.80154e+03    6.53740e+02   -5.81907e+05    0.00000e+00
      Potential    Kinetic En.   Total Energy  Conserved En.    Temperature
   -5.63168e+05    1.05996e+05   -4.57172e+05   -7.62017e+06    3.05212e+02
 Pressure (bar)   Constr. rmsd
    3.95415e+00    3.83153e-04

           Step           Time
        1105000    22100.00000

   Energies (kJ/mol)
           Bond       G96Angle  Improper Dih.        LJ (SR)   Coulomb (SR)
    1.25401e+04    5.67237e+03    6.43179e+02   -5.83532e+05    0.00000e+00
      Potential    Kinetic En.   Total Energy  Conserved En.    Temperature
   -5.64676e+05    1.05858e+05   -4.58818e+05   -7.65228e+06    3.04814e+02
 Pressure (bar)   Constr. rmsd
   -1.66702e+01    3.76004e-04

           Step           Time
        1110000    22200.00000

   Energies (kJ/mol)
           Bond       G96Angle  Improper Dih.        LJ (SR)   Coulomb (SR)
    1.23057e+04    5.55463e+03    6.21311e+02   -5.81886e+05    0.00000e+00
      Potential    Kinetic En.   Total Energy  Conserved En.    Temperature
   -5.63404e+05    1.05509e+05   -4.57895e+05   -7.68444e+06    3.03811e+02
 Pressure (bar)   Constr. rmsd
   -3.50063e+01    3.80075e-04

           Step           Time
        1115000    22300.00000

   Energies (kJ/mol)
           Bond       G96Angle  Improper Dih.        LJ (SR)   Coulomb (SR)
    1.22878e+04    5.65638e+03    6.26960e+02   -5.82801e+05    0.00000e+00
      Potential    Kinetic En.   Total Energy  Conserved En.    Temperature
   -5.64230e+05    1.05028e+05   -4.59201e+05   -7.71662e+06    3.02426e+02
 Pressure (bar)   Constr. rmsd
   -2.21060e+01    3.92042e-04

           Step           Time
        1120000    22400.00000

   Energies (kJ/mol)
           Bond       G96Angle  Improper Dih.        LJ (SR)   Coulomb (SR)
    1.25943e+04    5.60512e+03    5.93976e+02   -5.83363e+05    0.00000e+00
      Potential    Kinetic En.   Total Energy  Conserved En.    Temperature
   -5.64569e+05    1.05349e+05   -4.59220e+05   -7.74911e+06    3.03350e+02
 Pressure (bar)   Constr. rmsd
   -4.77486e+01    3.92015e-04

           Step           Time
        1125000    22500.00000

   Energies (kJ/mol)
           Bond       G96Angle  Improper Dih.        LJ (SR)   Coulomb (SR)
    1.24665e+04    5.61845e+03    6.76196e+02   -5.81517e+05    0.00000e+00
      Potential    Kinetic En.   Total Energy  Conserved En.    Temperature
   -5.62755e+05    1.05138e+05   -4.57617e+05   -7.78123e+06    3.02741e+02
 Pressure (bar)   Constr. rmsd
   -3.13735e+01    3.71608e-04

           Step           Time
        1130000    22600.00000

   Energies (kJ/mol)
           Bond       G96Angle  Improper Dih.        LJ (SR)   Coulomb (SR)
    1.24942e+04    5.49956e+03    5.85387e+02   -5.82743e+05    0.00000e+00
      Potential    Kinetic En.   Total Energy  Conserved En.    Temperature
   -5.64164e+05    1.06367e+05   -4.57797e+05   -7.81352e+06    3.06279e+02
 Pressure (bar)   Constr. rmsd
   -1.51514e+01    3.71225e-04

           Step           Time
        1135000    22700.00000

   Energies (kJ/mol)
           Bond       G96Angle  Improper Dih.        LJ (SR)   Coulomb (SR)
    1.28877e+04    5.50136e+03    7.20224e+02   -5.82597e+05    0.00000e+00
      Potential    Kinetic En.   Total Energy  Conserved En.    Temperature
   -5.63488e+05    1.05253e+05   -4.58235e+05   -7.84568e+06    3.03072e+02
 Pressure (bar)   Constr. rmsd
    2.06917e+01    4.00668e-04

           Step           Time
        1140000    22800.00000

   Energies (kJ/mol)
           Bond       G96Angle  Improper Dih.        LJ (SR)   Coulomb (SR)
    1.25198e+04    5.53496e+03    5.89646e+02   -5.81385e+05    0.00000e+00
      Potential    Kinetic En.   Total Energy  Conserved En.    Temperature
   -5.62741e+05    1.06811e+05   -4.55930e+05   -7.87757e+06    3.07559e+02
 Pressure (bar)   Constr. rmsd
    1.62286e+01    3.70850e-04

           Step           Time
        1145000    22900.00000

   Energies (kJ/mol)
           Bond       G96Angle  Improper Dih.        LJ (SR)   Coulomb (SR)
    1.27301e+04    5.59435e+03    6.01254e+02   -5.82913e+05    0.00000e+00
      Potential    Kinetic En.   Total Energy  Conserved En.    Temperature
   -5.63987e+05    1.04852e+05   -4.59135e+05   -7.90972e+06    3.01918e+02
 Pressure (bar)   Constr. rmsd
    1.84528e+01    3.78531e-04

           Step           Time
        1150000    23000.00000

   Energies (kJ/mol)
           Bond       G96Angle  Improper Dih.        LJ (SR)   Coulomb (SR)
    1.22196e+04    5.56382e+03    6.59826e+02   -5.82957e+05    0.00000e+00
      Potential    Kinetic En.   Total Energy  Conserved En.    Temperature
   -5.64514e+05    1.03863e+05   -4.60651e+05   -7.94178e+06    2.99069e+02
 Pressure (bar)   Constr. rmsd
   -6.19687e+01    3.65712e-04

           Step           Time
        1155000    23100.00000

   Energies (kJ/mol)
           Bond       G96Angle  Improper Dih.        LJ (SR)   Coulomb (SR)
    1.25751e+04    5.59684e+03    6.21257e+02   -5.82667e+05    0.00000e+00
      Potential    Kinetic En.   Total Energy  Conserved En.    Temperature
   -5.63874e+05    1.05849e+05   -4.58025e+05   -7.97403e+06    3.04787e+02
 Pressure (bar)   Constr. rmsd
    2.68321e+01    3.81987e-04

           Step           Time
        1160000    23200.00000

   Energies (kJ/mol)
           Bond       G96Angle  Improper Dih.        LJ (SR)   Coulomb (SR)
    1.25649e+04    5.72016e+03    6.30420e+02   -5.81429e+05    0.00000e+00
      Potential    Kinetic En.   Total Energy  Conserved En.    Temperature
   -5.62514e+05    1.04755e+05   -4.57758e+05   -8.00618e+06    3.01640e+02
 Pressure (bar)   Constr. rmsd
   -1.64566e+01    3.79394e-04

           Step           Time
        1165000    23300.00000

   Energies (kJ/mol)
           Bond       G96Angle  Improper Dih.        LJ (SR)   Coulomb (SR)
    1.19551e+04    5.76219e+03    6.56287e+02   -5.81875e+05    0.00000e+00
      Potential    Kinetic En.   Total Energy  Conserved En.    Temperature
   -5.63502e+05    1.04747e+05   -4.58755e+05   -8.03854e+06    3.01615e+02
 Pressure (bar)   Constr. rmsd
   -1.98393e+01    3.78900e-04

           Step           Time
        1170000    23400.00000

   Energies (kJ/mol)
           Bond       G96Angle  Improper Dih.        LJ (SR)   Coulomb (SR)
    1.21679e+04    5.60833e+03    7.15270e+02   -5.82396e+05    0.00000e+00
      Potential    Kinetic En.   Total Energy  Conserved En.    Temperature
   -5.63904e+05    1.05439e+05   -4.58466e+05   -8.07083e+06    3.03607e+02
 Pressure (bar)   Constr. rmsd
    3.66857e+00    3.71964e-04

           Step           Time
        1175000    23500.00000

   Energies (kJ/mol)
           Bond       G96Angle  Improper Dih.        LJ (SR)   Coulomb (SR)
    1.24289e+04    5.69341e+03    6.57491e+02   -5.81447e+05    0.00000e+00
      Potential    Kinetic En.   Total Energy  Conserved En.    Temperature
   -5.62667e+05    1.05528e+05   -4.57139e+05   -8.10319e+06    3.03864e+02
 Pressure (bar)   Constr. rmsd
   -7.96571e+00    4.25654e-04

           Step           Time
        1180000    23600.00000

   Energies (kJ/mol)
           Bond       G96Angle  Improper Dih.        LJ (SR)   Coulomb (SR)
    1.25455e+04    5.62371e+03    6.78291e+02   -5.80280e+05    0.00000e+00
      Potential    Kinetic En.   Total Energy  Conserved En.    Temperature
   -5.61433e+05    1.05671e+05   -4.55762e+05   -8.13564e+06    3.04275e+02
 Pressure (bar)   Constr. rmsd
   -1.60422e+01    3.68412e-04

           Step           Time
        1185000    23700.00000

   Energies (kJ/mol)
           Bond       G96Angle  Improper Dih.        LJ (SR)   Coulomb (SR)
    1.22116e+04    5.98766e+03    6.00323e+02   -5.82553e+05    0.00000e+00
      Potential    Kinetic En.   Total Energy  Conserved En.    Temperature
   -5.63753e+05    1.04805e+05   -4.58948e+05   -8.16765e+06    3.01783e+02
 Pressure (bar)   Constr. rmsd
   -1.49656e+01    3.75902e-04

           Step           Time
        1190000    23800.00000

   Energies (kJ/mol)
           Bond       G96Angle  Improper Dih.        LJ (SR)   Coulomb (SR)
    1.22457e+04    5.43542e+03    5.96216e+02   -5.82182e+05    0.00000e+00
      Potential    Kinetic En.   Total Energy  Conserved En.    Temperature
   -5.63904e+05    1.05482e+05   -4.58422e+05   -8.19956e+06    3.03733e+02
 Pressure (bar)   Constr. rmsd
   -4.97921e+00    3.96842e-04

           Step           Time
        1195000    23900.00000

   Energies (kJ/mol)
           Bond       G96Angle  Improper Dih.        LJ (SR)   Coulomb (SR)
    1.22519e+04    5.81938e+03    6.56699e+02   -5.82405e+05    0.00000e+00
      Potential    Kinetic En.   Total Energy  Conserved En.    Temperature
   -5.63678e+05    1.05523e+05   -4.58155e+05   -8.23161e+06    3.03849e+02
 Pressure (bar)   Constr. rmsd
   -4.18654e+00    3.61108e-04

           Step           Time
        1200000    24000.00000

   Energies (kJ/mol)
           Bond       G96Angle  Improper Dih.        LJ (SR)   Coulomb (SR)
    1.25475e+04    5.84052e+03    6.64322e+02   -5.82526e+05    0.00000e+00
      Potential    Kinetic En.   Total Energy  Conserved En.    Temperature
   -5.63474e+05    1.05838e+05   -4.57636e+05   -8.26348e+06    3.04756e+02
 Pressure (bar)   Constr. rmsd
   -2.55495e+00    3.86305e-04

           Step           Time
        1205000    24100.00000

   Energies (kJ/mol)
           Bond       G96Angle  Improper Dih.        LJ (SR)   Coulomb (SR)
    1.20193e+04    5.70605e+03    5.77094e+02   -5.82595e+05    0.00000e+00
      Potential    Kinetic En.   Total Energy  Conserved En.    Temperature
   -5.64293e+05    1.04868e+05   -4.59425e+05   -8.29551e+06    3.01963e+02
 Pressure (bar)   Constr. rmsd
   -1.96125e+01    3.82234e-04

           Step           Time
        1210000    24200.00000

   Energies (kJ/mol)
           Bond       G96Angle  Improper Dih.        LJ (SR)   Coulomb (SR)
    1.24974e+04    6.07043e+03    6.49589e+02   -5.82484e+05    0.00000e+00
      Potential    Kinetic En.   Total Energy  Conserved En.    Temperature
   -5.63266e+05    1.05492e+05   -4.57774e+05   -8.32752e+06    3.03761e+02
 Pressure (bar)   Constr. rmsd
    1.92822e+01    3.97179e-04

           Step           Time
        1215000    24300.00000

   Energies (kJ/mol)
           Bond       G96Angle  Improper Dih.        LJ (SR)   Coulomb (SR)
    1.27067e+04    5.49795e+03    6.20514e+02   -5.82418e+05    0.00000e+00
      Potential    Kinetic En.   Total Energy  Conserved En.    Temperature
   -5.63593e+05    1.05264e+05   -4.58329e+05   -8.35943e+06    3.03105e+02
 Pressure (bar)   Constr. rmsd
    1.82723e+00    4.01013e-04

           Step           Time
        1220000    24400.00000

   Energies (kJ/mol)
           Bond       G96Angle  Improper Dih.        LJ (SR)   Coulomb (SR)
    1.24254e+04    5.54398e+03    5.75231e+02   -5.82880e+05    0.00000e+00
      Potential    Kinetic En.   Total Energy  Conserved En.    Temperature
   -5.64335e+05    1.05907e+05   -4.58429e+05   -8.39150e+06    3.04955e+02
 Pressure (bar)   Constr. rmsd
    1.47494e+01    3.94697e-04

           Step           Time
        1225000    24500.00000

   Energies (kJ/mol)
           Bond       G96Angle  Improper Dih.        LJ (SR)   Coulomb (SR)
    1.24059e+04    5.54215e+03    6.68031e+02   -5.80986e+05    0.00000e+00
      Potential    Kinetic En.   Total Energy  Conserved En.    Temperature
   -5.62370e+05    1.05379e+05   -4.56991e+05   -8.42380e+06    3.03434e+02
 Pressure (bar)   Constr. rmsd
    2.95722e-01    3.72506e-04

           Step           Time
        1230000    24600.00000

   Energies (kJ/mol)
           Bond       G96Angle  Improper Dih.        LJ (SR)   Coulomb (SR)
    1.28503e+04    5.73172e+03    6.33639e+02   -5.82258e+05    0.00000e+00
      Potential    Kinetic En.   Total Energy  Conserved En.    Temperature
   -5.63042e+05    1.05916e+05   -4.57126e+05   -8.45589e+06    3.04982e+02
 Pressure (bar)   Constr. rmsd
    1.13077e+01    3.96442e-04

           Step           Time
        1235000    24700.00000

   Energies (kJ/mol)
           Bond       G96Angle  Improper Dih.        LJ (SR)   Coulomb (SR)
    1.26077e+04    5.52061e+03    6.35011e+02   -5.82588e+05    0.00000e+00
      Potential    Kinetic En.   Total Energy  Conserved En.    Temperature
   -5.63825e+05    1.05750e+05   -4.58074e+05   -8.48824e+06    3.04504e+02
 Pressure (bar)   Constr. rmsd
    2.11584e+01    3.86341e-04

           Step           Time
        1240000    24800.00000

   Energies (kJ/mol)
           Bond       G96Angle  Improper Dih.        LJ (SR)   Coulomb (SR)
    1.25663e+04    5.54244e+03    5.70877e+02   -5.81667e+05    0.00000e+00
      Potential    Kinetic En.   Total Energy  Conserved En.    Temperature
   -5.62987e+05    1.05920e+05   -4.57067e+05   -8.52036e+06    3.04994e+02
 Pressure (bar)   Constr. rmsd
    2.88740e+01    3.94032e-04

           Step           Time
        1245000    24900.00000

   Energies (kJ/mol)
           Bond       G96Angle  Improper Dih.        LJ (SR)   Coulomb (SR)
    1.25465e+04    5.48203e+03    6.09082e+02   -5.83371e+05    0.00000e+00
      Potential    Kinetic En.   Total Energy  Conserved En.    Temperature
   -5.64733e+05    1.05231e+05   -4.59503e+05   -8.55250e+06    3.03008e+02
 Pressure (bar)   Constr. rmsd
    3.10694e+01    3.82486e-04

           Step           Time
        1250000    25000.00000

   Energies (kJ/mol)
           Bond       G96Angle  Improper Dih.        LJ (SR)   Coulomb (SR)
    1.25637e+04    5.69122e+03    5.73217e+02   -5.83231e+05    0.00000e+00
      Potential    Kinetic En.   Total Energy  Conserved En.    Temperature
   -5.64402e+05    1.04771e+05   -4.59632e+05   -8.58471e+06    3.01684e+02
 Pressure (bar)   Constr. rmsd
   -1.43405e+01    3.84995e-04

           Step           Time
        1255000    25100.00000

   Energies (kJ/mol)
           Bond       G96Angle  Improper Dih.        LJ (SR)   Coulomb (SR)
    1.21925e+04    5.61710e+03    6.57143e+02   -5.81563e+05    0.00000e+00
      Potential    Kinetic En.   Total Energy  Conserved En.    Temperature
   -5.63096e+05    1.04746e+05   -4.58350e+05   -8.61673e+06    3.01614e+02
 Pressure (bar)   Constr. rmsd
   -1.93994e+00    3.84049e-04

           Step           Time
        1260000    25200.00000

   Energies (kJ/mol)
           Bond       G96Angle  Improper Dih.        LJ (SR)   Coulomb (SR)
    1.20534e+04    5.68111e+03    6.12335e+02   -5.83136e+05    0.00000e+00
      Potential    Kinetic En.   Total Energy  Conserved En.    Temperature
   -5.64789e+05    1.05123e+05   -4.59666e+05   -8.64875e+06    3.02697e+02
 Pressure (bar)   Constr. rmsd
   -2.49089e+01    3.87217e-04

           Step           Time
        1265000    25300.00000

   Energies (kJ/mol)
           Bond       G96Angle  Improper Dih.        LJ (SR)   Coulomb (SR)
    1.21657e+04    5.79841e+03    6.51579e+02   -5.81589e+05    0.00000e+00
      Potential    Kinetic En.   Total Energy  Conserved En.    Temperature
   -5.62973e+05    1.05501e+05   -4.57472e+05   -8.68083e+06    3.03786e+02
 Pressure (bar)   Constr. rmsd
   -2.40170e+01    3.85610e-04

           Step           Time
        1270000    25400.00000

   Energies (kJ/mol)
           Bond       G96Angle  Improper Dih.        LJ (SR)   Coulomb (SR)
    1.29378e+04    5.40582e+03    6.18710e+02   -5.82880e+05    0.00000e+00
      Potential    Kinetic En.   Total Energy  Conserved En.    Temperature
   -5.63918e+05    1.05717e+05   -4.58201e+05   -8.71301e+06    3.04409e+02
 Pressure (bar)   Constr. rmsd
    4.19148e+01    3.68248e-04

           Step           Time
        1275000    25500.00000

   Energies (kJ/mol)
           Bond       G96Angle  Improper Dih.        LJ (SR)   Coulomb (SR)
    1.28997e+04    5.81344e+03    6.58924e+02   -5.81944e+05    0.00000e+00
      Potential    Kinetic En.   Total Energy  Conserved En.    Temperature
   -5.62572e+05    1.06770e+05   -4.55802e+05   -8.74499e+06    3.07441e+02
 Pressure (bar)   Constr. rmsd
    5.63933e+01    4.14763e-04

           Step           Time
        1280000    25600.00000

   Energies (kJ/mol)
           Bond       G96Angle  Improper Dih.        LJ (SR)   Coulomb (SR)
    1.22931e+04    5.43360e+03    6.33254e+02   -5.83070e+05    0.00000e+00
      Potential    Kinetic En.   Total Energy  Conserved En.    Temperature
   -5.64711e+05    1.04274e+05   -4.60437e+05   -8.77732e+06    3.00252e+02
 Pressure (bar)   Constr. rmsd
   -2.97173e-01    3.77487e-04

           Step           Time
        1285000    25700.00000

   Energies (kJ/mol)
           Bond       G96Angle  Improper Dih.        LJ (SR)   Coulomb (SR)
    1.23986e+04    5.46895e+03    6.88771e+02   -5.82588e+05    0.00000e+00
      Potential    Kinetic En.   Total Energy  Conserved En.    Temperature
   -5.64031e+05    1.04961e+05   -4.59070e+05   -8.80947e+06    3.02233e+02
 Pressure (bar)   Constr. rmsd
    2.49764e-01    3.79904e-04

           Step           Time
        1290000    25800.00000

   Energies (kJ/mol)
           Bond       G96Angle  Improper Dih.        LJ (SR)   Coulomb (SR)
    1.23472e+04    5.93947e+03    6.12084e+02   -5.80529e+05    0.00000e+00
      Potential    Kinetic En.   Total Energy  Conserved En.    Temperature
   -5.61630e+05    1.06419e+05   -4.55211e+05   -8.84158e+06    3.06430e+02
 Pressure (bar)   Constr. rmsd
   -1.84579e+01    3.78384e-04

           Step           Time
        1295000    25900.00000

   Energies (kJ/mol)
           Bond       G96Angle  Improper Dih.        LJ (SR)   Coulomb (SR)
    1.22646e+04    5.52287e+03    5.86592e+02   -5.82656e+05    0.00000e+00
      Potential    Kinetic En.   Total Energy  Conserved En.    Temperature
   -5.64282e+05    1.04902e+05   -4.59380e+05   -8.87352e+06    3.02061e+02
 Pressure (bar)   Constr. rmsd
   -1.29707e+01    3.81803e-04

           Step           Time
        1300000    26000.00000

   Energies (kJ/mol)
           Bond       G96Angle  Improper Dih.        LJ (SR)   Coulomb (SR)
    1.20919e+04    5.76441e+03    6.64095e+02   -5.82785e+05    0.00000e+00
      Potential    Kinetic En.   Total Energy  Conserved En.    Temperature
   -5.64265e+05    1.05444e+05   -4.58821e+05   -8.90572e+06    3.03622e+02
 Pressure (bar)   Constr. rmsd
    1.21032e+01    3.81687e-04

           Step           Time
        1305000    26100.00000

   Energies (kJ/mol)
           Bond       G96Angle  Improper Dih.        LJ (SR)   Coulomb (SR)
    1.25847e+04    5.69383e+03    6.15394e+02   -5.80773e+05    0.00000e+00
      Potential    Kinetic En.   Total Energy  Conserved En.    Temperature
   -5.61880e+05    1.06710e+05   -4.55169e+05   -8.93779e+06    3.07268e+02
 Pressure (bar)   Constr. rmsd
    2.86428e+01    3.85932e-04

           Step           Time
        1310000    26200.00000

   Energies (kJ/mol)
           Bond       G96Angle  Improper Dih.        LJ (SR)   Coulomb (SR)
    1.26700e+04    5.75622e+03    6.16773e+02   -5.81310e+05    0.00000e+00
      Potential    Kinetic En.   Total Energy  Conserved En.    Temperature
   -5.62267e+05    1.06968e+05   -4.55299e+05   -8.96992e+06    3.08012e+02
 Pressure (bar)   Constr. rmsd
    2.73800e+01    3.81083e-04

           Step           Time
        1315000    26300.00000

   Energies (kJ/mol)
           Bond       G96Angle  Improper Dih.        LJ (SR)   Coulomb (SR)
    1.23462e+04    5.82753e+03    6.56164e+02   -5.82542e+05    0.00000e+00
      Potential    Kinetic En.   Total Energy  Conserved En.    Temperature
   -5.63712e+05    1.06417e+05   -4.57296e+05   -9.00199e+06    3.06423e+02
 Pressure (bar)   Constr. rmsd
   -6.66311e+00    3.79577e-04

           Step           Time
        1320000    26400.00000

   Energies (kJ/mol)
           Bond       G96Angle  Improper Dih.        LJ (SR)   Coulomb (SR)
    1.23046e+04    5.70756e+03    6.36017e+02   -5.82780e+05    0.00000e+00
      Potential    Kinetic En.   Total Energy  Conserved En.    Temperature
   -5.64132e+05    1.05570e+05   -4.58562e+05   -9.03398e+06    3.03985e+02
 Pressure (bar)   Constr. rmsd
   -1.19810e+01    4.04689e-04

           Step           Time
        1325000    26500.00000

   Energies (kJ/mol)
           Bond       G96Angle  Improper Dih.        LJ (SR)   Coulomb (SR)
    1.21034e+04    5.71409e+03    6.59463e+02   -5.82608e+05    0.00000e+00
      Potential    Kinetic En.   Total Energy  Conserved En.    Temperature
   -5.64131e+05    1.04368e+05   -4.59763e+05   -9.06628e+06    3.00523e+02
 Pressure (bar)   Constr. rmsd
   -1.22087e+01    3.88863e-04

           Step           Time
        1330000    26600.00000

   Energies (kJ/mol)
           Bond       G96Angle  Improper Dih.        LJ (SR)   Coulomb (SR)
    1.22735e+04    5.83138e+03    6.80126e+02   -5.82092e+05    0.00000e+00
      Potential    Kinetic En.   Total Energy  Conserved En.    Temperature
   -5.63307e+05    1.05775e+05   -4.57532e+05   -9.09827e+06    3.04575e+02
 Pressure (bar)   Constr. rmsd
   -2.75344e+01    3.97015e-04

           Step           Time
        1335000    26700.00000

   Energies (kJ/mol)
           Bond       G96Angle  Improper Dih.        LJ (SR)   Coulomb (SR)
    1.22735e+04    5.79858e+03    6.36097e+02   -5.81109e+05    0.00000e+00
      Potential    Kinetic En.   Total Energy  Conserved En.    Temperature
   -5.62401e+05    1.04762e+05   -4.57639e+05   -9.13041e+06    3.01659e+02
 Pressure (bar)   Constr. rmsd
   -1.66861e+01    3.60290e-04

           Step           Time
        1340000    26800.00000

   Energies (kJ/mol)
           Bond       G96Angle  Improper Dih.        LJ (SR)   Coulomb (SR)
    1.22776e+04    5.80831e+03    6.85210e+02   -5.82172e+05    0.00000e+00
      Potential    Kinetic En.   Total Energy  Conserved En.    Temperature
   -5.63401e+05    1.05280e+05   -4.58120e+05   -9.16245e+06    3.03151e+02
 Pressure (bar)   Constr. rmsd
   -7.40361e+00    3.90909e-04

           Step           Time
        1345000    26900.00000

   Energies (kJ/mol)
           Bond       G96Angle  Improper Dih.        LJ (SR)   Coulomb (SR)
    1.24190e+04    5.71117e+03    6.28559e+02   -5.81893e+05    0.00000e+00
      Potential    Kinetic En.   Total Energy  Conserved En.    Temperature
   -5.63134e+05    1.05452e+05   -4.57682e+05   -9.19439e+06    3.03644e+02
 Pressure (bar)   Constr. rmsd
    2.41207e+01    3.76319e-04

           Step           Time
        1350000    27000.00000

   Energies (kJ/mol)
           Bond       G96Angle  Improper Dih.        LJ (SR)   Coulomb (SR)
    1.21180e+04    5.42891e+03    6.06487e+02   -5.83040e+05    0.00000e+00
      Potential    Kinetic En.   Total Energy  Conserved En.    Temperature
   -5.64887e+05    1.05657e+05   -4.59229e+05   -9.22658e+06    3.04237e+02
 Pressure (bar)   Constr. rmsd
   -1.85823e+01    3.68116e-04

           Step           Time
        1355000    27100.00000

   Energies (kJ/mol)
           Bond       G96Angle  Improper Dih.        LJ (SR)   Coulomb (SR)
    1.24392e+04    5.75129e+03    6.59768e+02   -5.81866e+05    0.00000e+00
      Potential    Kinetic En.   Total Energy  Conserved En.    Temperature
   -5.63016e+05    1.06406e+05   -4.56610e+05   -9.25866e+06    3.06392e+02
 Pressure (bar)   Constr. rmsd
    1.29441e+01    3.90052e-04

           Step           Time
        1360000    27200.00000

   Energies (kJ/mol)
           Bond       G96Angle  Improper Dih.        LJ (SR)   Coulomb (SR)
    1.24822e+04    5.87386e+03    5.92144e+02   -5.80909e+05    0.00000e+00
      Potential    Kinetic En.   Total Energy  Conserved En.    Temperature
   -5.61960e+05    1.05867e+05   -4.56094e+05   -9.29089e+06    3.04840e+02
 Pressure (bar)   Constr. rmsd
   -1.86412e+01    3.75689e-04

           Step           Time
        1365000    27300.00000

   Energies (kJ/mol)
           Bond       G96Angle  Improper Dih.        LJ (SR)   Coulomb (SR)
    1.25480e+04    5.55450e+03    6.01256e+02   -5.82602e+05    0.00000e+00
      Potential    Kinetic En.   Total Energy  Conserved En.    Temperature
   -5.63899e+05    1.05826e+05   -4.58073e+05   -9.32282e+06    3.04722e+02
 Pressure (bar)   Constr. rmsd
    2.98935e+00    3.75996e-04

           Step           Time
        1370000    27400.00000

   Energies (kJ/mol)
           Bond       G96Angle  Improper Dih.        LJ (SR)   Coulomb (SR)
    1.20607e+04    5.73580e+03    5.93580e+02   -5.81628e+05    0.00000e+00
      Potential    Kinetic En.   Total Energy  Conserved En.    Temperature
   -5.63238e+05    1.05050e+05   -4.58188e+05   -9.35471e+06    3.02487e+02
 Pressure (bar)   Constr. rmsd
    5.77606e+00    4.11009e-04

           Step           Time
        1375000    27500.00000

   Energies (kJ/mol)
           Bond       G96Angle  Improper Dih.        LJ (SR)   Coulomb (SR)
    1.25175e+04    5.56892e+03    6.04950e+02   -5.81831e+05    0.00000e+00
      Potential    Kinetic En.   Total Energy  Conserved En.    Temperature
   -5.63140e+05    1.05993e+05   -4.57147e+05   -9.38679e+06    3.05203e+02
 Pressure (bar)   Constr. rmsd
   -2.53831e+01    3.95676e-04

           Step           Time
        1380000    27600.00000

   Energies (kJ/mol)
           Bond       G96Angle  Improper Dih.        LJ (SR)   Coulomb (SR)
    1.24135e+04    5.63635e+03    6.42686e+02   -5.81453e+05    0.00000e+00
      Potential    Kinetic En.   Total Energy  Conserved En.    Temperature
   -5.62761e+05    1.04647e+05   -4.58114e+05   -9.41889e+06    3.01326e+02
 Pressure (bar)   Constr. rmsd
   -4.36399e+01    3.77229e-04

           Step           Time
        1385000    27700.00000

   Energies (kJ/mol)
           Bond       G96Angle  Improper Dih.        LJ (SR)   Coulomb (SR)
    1.23249e+04    5.65484e+03    5.45254e+02   -5.81445e+05    0.00000e+00
      Potential    Kinetic En.   Total Energy  Conserved En.    Temperature
   -5.62920e+05    1.04545e+05   -4.58375e+05   -9.45134e+06    3.01034e+02
 Pressure (bar)   Constr. rmsd
   -4.05408e+00    3.80737e-04

           Step           Time
        1390000    27800.00000

   Energies (kJ/mol)
           Bond       G96Angle  Improper Dih.        LJ (SR)   Coulomb (SR)
    1.22080e+04    5.36050e+03    6.51192e+02   -5.82421e+05    0.00000e+00
      Potential    Kinetic En.   Total Energy  Conserved En.    Temperature
   -5.64201e+05    1.04892e+05   -4.59309e+05   -9.48343e+06    3.02033e+02
 Pressure (bar)   Constr. rmsd
    1.63803e+01    4.07983e-04

           Step           Time
        1395000    27900.00000

   Energies (kJ/mol)
           Bond       G96Angle  Improper Dih.        LJ (SR)   Coulomb (SR)
    1.25170e+04    5.62035e+03    6.23404e+02   -5.81586e+05    0.00000e+00
      Potential    Kinetic En.   Total Energy  Conserved En.    Temperature
   -5.62825e+05    1.06201e+05   -4.56624e+05   -9.51573e+06    3.05801e+02
 Pressure (bar)   Constr. rmsd
    1.55247e+01    3.91833e-04

           Step           Time
        1400000    28000.00000

   Energies (kJ/mol)
           Bond       G96Angle  Improper Dih.        LJ (SR)   Coulomb (SR)
    1.24671e+04    5.72121e+03    6.53206e+02   -5.82012e+05    0.00000e+00
      Potential    Kinetic En.   Total Energy  Conserved En.    Temperature
   -5.63171e+05    1.05726e+05   -4.57445e+05   -9.54803e+06    3.04433e+02
 Pressure (bar)   Constr. rmsd
    2.29953e+01    3.93093e-04

           Step           Time
        1405000    28100.00000

   Energies (kJ/mol)
           Bond       G96Angle  Improper Dih.        LJ (SR)   Coulomb (SR)
    1.24081e+04    5.66509e+03    5.72376e+02   -5.82323e+05    0.00000e+00
      Potential    Kinetic En.   Total Energy  Conserved En.    Temperature
   -5.63677e+05    1.05305e+05   -4.58372e+05   -9.58005e+06    3.03223e+02
 Pressure (bar)   Constr. rmsd
    4.91141e+00    3.67197e-04

           Step           Time
        1410000    28200.00000

   Energies (kJ/mol)
           Bond       G96Angle  Improper Dih.        LJ (SR)   Coulomb (SR)
    1.25296e+04    5.48691e+03    6.09505e+02   -5.80720e+05    0.00000e+00
      Potential    Kinetic En.   Total Energy  Conserved En.    Temperature
   -5.62094e+05    1.05489e+05   -4.56606e+05   -9.61188e+06    3.03751e+02
 Pressure (bar)   Constr. rmsd
    2.13340e+01    3.65508e-04

           Step           Time
        1415000    28300.00000

   Energies (kJ/mol)
           Bond       G96Angle  Improper Dih.        LJ (SR)   Coulomb (SR)
    1.23337e+04    5.73159e+03    6.66342e+02   -5.83355e+05    0.00000e+00
      Potential    Kinetic En.   Total Energy  Conserved En.    Temperature
   -5.64624e+05    1.05078e+05   -4.59546e+05   -9.64394e+06    3.02569e+02
 Pressure (bar)   Constr. rmsd
   -1.59714e+01    3.74245e-04

           Step           Time
        1420000    28400.00000

   Energies (kJ/mol)
           Bond       G96Angle  Improper Dih.        LJ (SR)   Coulomb (SR)
    1.23690e+04    5.67572e+03    5.74572e+02   -5.82223e+05    0.00000e+00
      Potential    Kinetic En.   Total Energy  Conserved En.    Temperature
   -5.63604e+05    1.05824e+05   -4.57781e+05   -9.67647e+06    3.04715e+02
 Pressure (bar)   Constr. rmsd
   -4.94538e+01    3.68504e-04

           Step           Time
        1425000    28500.00000

   Energies (kJ/mol)
           Bond       G96Angle  Improper Dih.        LJ (SR)   Coulomb (SR)
    1.23338e+04    5.78269e+03    6.19139e+02   -5.84272e+05    0.00000e+00
      Potential    Kinetic En.   Total Energy  Conserved En.    Temperature
   -5.65536e+05    1.05865e+05   -4.59672e+05   -9.70860e+06    3.04833e+02
 Pressure (bar)   Constr. rmsd
    2.76977e+01    3.82567e-04

           Step           Time
        1430000    28600.00000

   Energies (kJ/mol)
           Bond       G96Angle  Improper Dih.        LJ (SR)   Coulomb (SR)
    1.24081e+04    5.87166e+03    5.91331e+02   -5.82835e+05    0.00000e+00
      Potential    Kinetic En.   Total Energy  Conserved En.    Temperature
   -5.63964e+05    1.05356e+05   -4.58608e+05   -9.74090e+06    3.03369e+02
 Pressure (bar)   Constr. rmsd
   -9.32010e+00    3.98074e-04

           Step           Time
        1435000    28700.00000

   Energies (kJ/mol)
           Bond       G96Angle  Improper Dih.        LJ (SR)   Coulomb (SR)
    1.23734e+04    5.60132e+03    6.73868e+02   -5.81791e+05    0.00000e+00
      Potential    Kinetic En.   Total Energy  Conserved En.    Temperature
   -5.63143e+05    1.03993e+05   -4.59150e+05   -9.77320e+06    2.99445e+02
 Pressure (bar)   Constr. rmsd
   -5.30014e+01    3.71912e-04

           Step           Time
        1440000    28800.00000

   Energies (kJ/mol)
           Bond       G96Angle  Improper Dih.        LJ (SR)   Coulomb (SR)
    1.23989e+04    5.92716e+03    6.08430e+02   -5.81385e+05    0.00000e+00
      Potential    Kinetic En.   Total Energy  Conserved En.    Temperature
   -5.62450e+05    1.05008e+05   -4.57442e+05   -9.80537e+06    3.02368e+02
 Pressure (bar)   Constr. rmsd
   -5.08757e+00    3.73415e-04

           Step           Time
        1445000    28900.00000

   Energies (kJ/mol)
           Bond       G96Angle  Improper Dih.        LJ (SR)   Coulomb (SR)
    1.21132e+04    5.59006e+03    6.26979e+02   -5.82070e+05    0.00000e+00
      Potential    Kinetic En.   Total Energy  Conserved En.    Temperature
   -5.63740e+05    1.04780e+05   -4.58960e+05   -9.83747e+06    3.01711e+02
 Pressure (bar)   Constr. rmsd
   -2.82234e+01    3.82600e-04

           Step           Time
        1450000    29000.00000

   Energies (kJ/mol)
           Bond       G96Angle  Improper Dih.        LJ (SR)   Coulomb (SR)
    1.24944e+04    5.56839e+03    6.19059e+02   -5.81399e+05    0.00000e+00
      Potential    Kinetic En.   Total Energy  Conserved En.    Temperature
   -5.62717e+05    1.06479e+05   -4.56238e+05   -9.86951e+06    3.06602e+02
 Pressure (bar)   Constr. rmsd
    1.16288e+01    3.80240e-04

           Step           Time
        1455000    29100.00000

   Energies (kJ/mol)
           Bond       G96Angle  Improper Dih.        LJ (SR)   Coulomb (SR)
    1.23441e+04    5.58830e+03    6.82398e+02   -5.82425e+05    0.00000e+00
      Potential    Kinetic En.   Total Energy  Conserved En.    Temperature
   -5.63810e+05    1.05503e+05   -4.58307e+05   -9.90152e+06    3.03793e+02
 Pressure (bar)   Constr. rmsd
    1.62971e+01    3.65140e-04

           Step           Time
        1460000    29200.00000

   Energies (kJ/mol)
           Bond       G96Angle  Improper Dih.        LJ (SR)   Coulomb (SR)
    1.24277e+04    5.68490e+03    6.38550e+02   -5.82491e+05    0.00000e+00
      Potential    Kinetic En.   Total Energy  Conserved En.    Temperature
   -5.63740e+05    1.04963e+05   -4.58777e+05   -9.93361e+06    3.02236e+02
 Pressure (bar)   Constr. rmsd
   -3.31863e+01    3.72995e-04

           Step           Time
        1465000    29300.00000

   Energies (kJ/mol)
           Bond       G96Angle  Improper Dih.        LJ (SR)   Coulomb (SR)
    1.24084e+04    5.53001e+03    6.97016e+02   -5.82463e+05    0.00000e+00
      Potential    Kinetic En.   Total Energy  Conserved En.    Temperature
   -5.63828e+05    1.05193e+05   -4.58634e+05   -9.96560e+06    3.02900e+02
 Pressure (bar)   Constr. rmsd
   -3.78389e+01    3.87654e-04

           Step           Time
        1470000    29400.00000

   Energies (kJ/mol)
           Bond       G96Angle  Improper Dih.        LJ (SR)   Coulomb (SR)
    1.24138e+04    5.80816e+03    5.52353e+02   -5.80901e+05    0.00000e+00
      Potential    Kinetic En.   Total Energy  Conserved En.    Temperature
   -5.62127e+05    1.05693e+05   -4.56434e+05   -9.99765e+06    3.04339e+02
 Pressure (bar)   Constr. rmsd
   -1.80215e+01    3.67692e-04

           Step           Time
        1475000    29500.00000

   Energies (kJ/mol)
           Bond       G96Angle  Improper Dih.        LJ (SR)   Coulomb (SR)
    1.19238e+04    5.67481e+03    6.11181e+02   -5.81640e+05    0.00000e+00
      Potential    Kinetic En.   Total Energy  Conserved En.    Temperature
   -5.63431e+05    1.05315e+05   -4.58116e+05   -1.00295e+07    3.03250e+02
 Pressure (bar)   Constr. rmsd
   -1.32859e+01    3.74293e-04

           Step           Time
        1480000    29600.00000

   Energies (kJ/mol)
           Bond       G96Angle  Improper Dih.        LJ (SR)   Coulomb (SR)
    1.22314e+04    5.80299e+03    6.12147e+02   -5.81564e+05    0.00000e+00
      Potential    Kinetic En.   Total Energy  Conserved En.    Temperature
   -5.62918e+05    1.06069e+05   -4.56849e+05   -1.00613e+07    3.05422e+02
 Pressure (bar)   Constr. rmsd
   -5.65261e+01    3.82655e-04

           Step           Time
        1485000    29700.00000

   Energies (kJ/mol)
           Bond       G96Angle  Improper Dih.        LJ (SR)   Coulomb (SR)
    1.24711e+04    5.62149e+03    6.41237e+02   -5.80453e+05    0.00000e+00
      Potential    Kinetic En.   Total Energy  Conserved En.    Temperature
   -5.61719e+05    1.06064e+05   -4.55655e+05   -1.00936e+07    3.05407e+02
 Pressure (bar)   Constr. rmsd
   -2.78097e+01    3.90824e-04

           Step           Time
        1490000    29800.00000

   Energies (kJ/mol)
           Bond       G96Angle  Improper Dih.        LJ (SR)   Coulomb (SR)
    1.24940e+04    5.58152e+03    7.03983e+02   -5.83717e+05    0.00000e+00
      Potential    Kinetic En.   Total Energy  Conserved En.    Temperature
   -5.64937e+05    1.05593e+05   -4.59345e+05   -1.01257e+07    3.04050e+02
 Pressure (bar)   Constr. rmsd
    9.40066e+00    3.73626e-04

           Step           Time
        1495000    29900.00000

   Energies (kJ/mol)
           Bond       G96Angle  Improper Dih.        LJ (SR)   Coulomb (SR)
    1.24922e+04    5.68167e+03    6.04137e+02   -5.81313e+05    0.00000e+00
      Potential    Kinetic En.   Total Energy  Conserved En.    Temperature
   -5.62535e+05    1.04833e+05   -4.57702e+05   -1.01580e+07    3.01862e+02
 Pressure (bar)   Constr. rmsd
    5.04180e-01    3.87529e-04

           Step           Time
        1500000    30000.00000

   Energies (kJ/mol)
           Bond       G96Angle  Improper Dih.        LJ (SR)   Coulomb (SR)
    1.23972e+04    5.68692e+03    6.70007e+02   -5.80719e+05    0.00000e+00
      Potential    Kinetic En.   Total Energy  Conserved En.    Temperature
   -5.61965e+05    1.05848e+05   -4.56117e+05   -1.01904e+07    3.04785e+02
 Pressure (bar)   Constr. rmsd
    4.51796e+01    3.86193e-04

           Step           Time
        1505000    30100.00000

   Energies (kJ/mol)
           Bond       G96Angle  Improper Dih.        LJ (SR)   Coulomb (SR)
    1.26888e+04    5.77430e+03    6.73990e+02   -5.82856e+05    0.00000e+00
      Potential    Kinetic En.   Total Energy  Conserved En.    Temperature
   -5.63719e+05    1.05537e+05   -4.58182e+05   -1.02222e+07    3.03889e+02
 Pressure (bar)   Constr. rmsd
    1.50293e+01    4.05356e-04

           Step           Time
        1510000    30200.00000

   Energies (kJ/mol)
           Bond       G96Angle  Improper Dih.        LJ (SR)   Coulomb (SR)
    1.23674e+04    5.53763e+03    6.68102e+02   -5.82217e+05    0.00000e+00
      Potential    Kinetic En.   Total Energy  Conserved En.    Temperature
   -5.63644e+05    1.03419e+05   -4.60225e+05   -1.02544e+07    2.97792e+02
 Pressure (bar)   Constr. rmsd
   -1.58110e+01    3.67204e-04

           Step           Time
        1515000    30300.00000

   Energies (kJ/mol)
           Bond       G96Angle  Improper Dih.        LJ (SR)   Coulomb (SR)
    1.25333e+04    5.71574e+03    6.94231e+02   -5.81806e+05    0.00000e+00
      Potential    Kinetic En.   Total Energy  Conserved En.    Temperature
   -5.62863e+05    1.06452e+05   -4.56411e+05   -1.02866e+07    3.06525e+02
 Pressure (bar)   Constr. rmsd
    1.16704e+01    3.93775e-04

           Step           Time
        1520000    30400.00000

   Energies (kJ/mol)
           Bond       G96Angle  Improper Dih.        LJ (SR)   Coulomb (SR)
    1.25643e+04    5.56163e+03    5.98763e+02   -5.82054e+05    0.00000e+00
      Potential    Kinetic En.   Total Energy  Conserved En.    Temperature
   -5.63329e+05    1.05988e+05   -4.57341e+05   -1.03188e+07    3.05190e+02
 Pressure (bar)   Constr. rmsd
    7.70215e+00    3.76947e-04

           Step           Time
        1525000    30500.00000

   Energies (kJ/mol)
           Bond       G96Angle  Improper Dih.        LJ (SR)   Coulomb (SR)
    1.25685e+04    5.69565e+03    5.64626e+02   -5.80138e+05    0.00000e+00
      Potential    Kinetic En.   Total Energy  Conserved En.    Temperature
   -5.61310e+05    1.06711e+05   -4.54599e+05   -1.03513e+07    3.07269e+02
 Pressure (bar)   Constr. rmsd
   -2.71382e+01    3.90842e-04

           Step           Time
        1530000    30600.00000

   Energies (kJ/mol)
           Bond       G96Angle  Improper Dih.        LJ (SR)   Coulomb (SR)
    1.22954e+04    5.62610e+03    6.38596e+02   -5.81609e+05    0.00000e+00
      Potential    Kinetic En.   Total Energy  Conserved En.    Temperature
   -5.63049e+05    1.05893e+05   -4.57155e+05   -1.03834e+07    3.04916e+02
 Pressure (bar)   Constr. rmsd
   -2.49102e+01    3.84199e-04

           Step           Time
        1535000    30700.00000

   Energies (kJ/mol)
           Bond       G96Angle  Improper Dih.        LJ (SR)   Coulomb (SR)
    1.22324e+04    5.48642e+03    6.00052e+02   -5.82867e+05    0.00000e+00
      Potential    Kinetic En.   Total Energy  Conserved En.    Temperature
   -5.64548e+05    1.05967e+05   -4.58581e+05   -1.04154e+07    3.05128e+02
 Pressure (bar)   Constr. rmsd
   -1.65761e+00    3.57187e-04

           Step           Time
        1540000    30800.00000

   Energies (kJ/mol)
           Bond       G96Angle  Improper Dih.        LJ (SR)   Coulomb (SR)
    1.21347e+04    5.63861e+03    6.00478e+02   -5.81045e+05    0.00000e+00
      Potential    Kinetic En.   Total Energy  Conserved En.    Temperature
   -5.62672e+05    1.05560e+05   -4.57111e+05   -1.04473e+07    3.03957e+02
 Pressure (bar)   Constr. rmsd
    7.14048e+00    3.97215e-04

           Step           Time
        1545000    30900.00000

   Energies (kJ/mol)
           Bond       G96Angle  Improper Dih.        LJ (SR)   Coulomb (SR)
    1.24019e+04    5.60535e+03    6.22003e+02   -5.82807e+05    0.00000e+00
      Potential    Kinetic En.   Total Energy  Conserved En.    Temperature
   -5.64178e+05    1.04593e+05   -4.59584e+05   -1.04794e+07    3.01173e+02
 Pressure (bar)   Constr. rmsd
    5.23461e+00    3.73308e-04

           Step           Time
        1550000    31000.00000

   Energies (kJ/mol)
           Bond       G96Angle  Improper Dih.        LJ (SR)   Coulomb (SR)
    1.25672e+04    5.43064e+03    5.68694e+02   -5.83103e+05    0.00000e+00
      Potential    Kinetic En.   Total Energy  Conserved En.    Temperature
   -5.64536e+05    1.05390e+05   -4.59146e+05   -1.05114e+07    3.03468e+02
 Pressure (bar)   Constr. rmsd
    1.35024e+01    3.91337e-04

           Step           Time
        1555000    31100.00000

   Energies (kJ/mol)
           Bond       G96Angle  Improper Dih.        LJ (SR)   Coulomb (SR)
    1.29108e+04    6.00737e+03    6.25410e+02   -5.81673e+05    0.00000e+00
      Potential    Kinetic En.   Total Energy  Conserved En.    Temperature
   -5.62130e+05    1.05922e+05   -4.56207e+05   -1.05435e+07    3.04999e+02
 Pressure (bar)   Constr. rmsd
   -8.34734e+00    3.83626e-04

           Step           Time
        1560000    31200.00000

   Energies (kJ/mol)
           Bond       G96Angle  Improper Dih.        LJ (SR)   Coulomb (SR)
    1.22887e+04    5.63502e+03    6.42962e+02   -5.83517e+05    0.00000e+00
      Potential    Kinetic En.   Total Energy  Conserved En.    Temperature
   -5.64950e+05    1.04493e+05   -4.60458e+05   -1.05758e+07    3.00883e+02
 Pressure (bar)   Constr. rmsd
   -1.43762e+01    3.88124e-04

           Step           Time
        1565000    31300.00000

   Energies (kJ/mol)
           Bond       G96Angle  Improper Dih.        LJ (SR)   Coulomb (SR)
    1.22929e+04    5.79546e+03    6.50381e+02   -5.84563e+05    0.00000e+00
      Potential    Kinetic En.   Total Energy  Conserved En.    Temperature
   -5.65824e+05    1.05103e+05   -4.60721e+05   -1.06078e+07    3.02639e+02
 Pressure (bar)   Constr. rmsd
    1.11202e+00    3.82303e-04

           Step           Time
        1570000    31400.00000

   Energies (kJ/mol)
           Bond       G96Angle  Improper Dih.        LJ (SR)   Coulomb (SR)
    1.26302e+04    5.80517e+03    6.54295e+02   -5.81397e+05    0.00000e+00
      Potential    Kinetic En.   Total Energy  Conserved En.    Temperature
   -5.62307e+05    1.05507e+05   -4.56800e+05   -1.06401e+07    3.03805e+02
 Pressure (bar)   Constr. rmsd
   -6.61746e+00    3.73309e-04

           Step           Time
        1575000    31500.00000

   Energies (kJ/mol)
           Bond       G96Angle  Improper Dih.        LJ (SR)   Coulomb (SR)
    1.23735e+04    5.79858e+03    6.58739e+02   -5.81905e+05    0.00000e+00
      Potential    Kinetic En.   Total Energy  Conserved En.    Temperature
   -5.63074e+05    1.06491e+05   -4.56583e+05   -1.06725e+07    3.06637e+02
 Pressure (bar)   Constr. rmsd
   -2.45154e+01    3.73166e-04

           Step           Time
        1580000    31600.00000

   Energies (kJ/mol)
           Bond       G96Angle  Improper Dih.        LJ (SR)   Coulomb (SR)
    1.24778e+04    5.61695e+03    6.99513e+02   -5.80180e+05    0.00000e+00
      Potential    Kinetic En.   Total Energy  Conserved En.    Temperature
   -5.61386e+05    1.05765e+05   -4.55621e+05   -1.07047e+07    3.04548e+02
 Pressure (bar)   Constr. rmsd
   -1.26366e+01    4.00571e-04

           Step           Time
        1585000    31700.00000

   Energies (kJ/mol)
           Bond       G96Angle  Improper Dih.        LJ (SR)   Coulomb (SR)
    1.21523e+04    5.83696e+03    5.96144e+02   -5.82520e+05    0.00000e+00
      Potential    Kinetic En.   Total Energy  Conserved En.    Temperature
   -5.63935e+05    1.05407e+05   -4.58528e+05   -1.07369e+07    3.03516e+02
 Pressure (bar)   Constr. rmsd
    1.00378e+01    3.92161e-04

           Step           Time
        1590000    31800.00000

   Energies (kJ/mol)
           Bond       G96Angle  Improper Dih.        LJ (SR)   Coulomb (SR)
    1.24080e+04    5.58846e+03    6.28514e+02   -5.83446e+05    0.00000e+00
      Potential    Kinetic En.   Total Energy  Conserved En.    Temperature
   -5.64821e+05    1.05052e+05   -4.59769e+05   -1.07692e+07    3.02492e+02
 Pressure (bar)   Constr. rmsd
    2.17400e+01    3.88298e-04

           Step           Time
        1595000    31900.00000

   Energies (kJ/mol)
           Bond       G96Angle  Improper Dih.        LJ (SR)   Coulomb (SR)
    1.22540e+04    5.47823e+03    6.48515e+02   -5.82058e+05    0.00000e+00
      Potential    Kinetic En.   Total Energy  Conserved En.    Temperature
   -5.63677e+05    1.05558e+05   -4.58119e+05   -1.08015e+07    3.03950e+02
 Pressure (bar)   Constr. rmsd
   -2.24139e+01    3.84880e-04

           Step           Time
        1600000    32000.00000

   Energies (kJ/mol)
           Bond       G96Angle  Improper Dih.        LJ (SR)   Coulomb (SR)
    1.24636e+04    5.62078e+03    5.89805e+02   -5.81800e+05    0.00000e+00
      Potential    Kinetic En.   Total Energy  Conserved En.    Temperature
   -5.63126e+05    1.05891e+05   -4.57235e+05   -1.08337e+07    3.04908e+02
 Pressure (bar)   Constr. rmsd
    3.56914e+00    3.74992e-04

           Step           Time
        1605000    32100.00000

   Energies (kJ/mol)
           Bond       G96Angle  Improper Dih.        LJ (SR)   Coulomb (SR)
    1.23946e+04    5.69414e+03    6.15648e+02   -5.82826e+05    0.00000e+00
      Potential    Kinetic En.   Total Energy  Conserved En.    Temperature
   -5.64122e+05    1.04692e+05   -4.59430e+05   -1.08659e+07    3.01457e+02
 Pressure (bar)   Constr. rmsd
    1.06460e+01    3.82925e-04

           Step           Time
        1610000    32200.00000

   Energies (kJ/mol)
           Bond       G96Angle  Improper Dih.        LJ (SR)   Coulomb (SR)
    1.23074e+04    5.47511e+03    6.29932e+02   -5.82117e+05    0.00000e+00
      Potential    Kinetic En.   Total Energy  Conserved En.    Temperature
   -5.63705e+05    1.05727e+05   -4.57977e+05   -1.08980e+07    3.04438e+02
 Pressure (bar)   Constr. rmsd
    3.55011e+01    3.96734e-04

           Step           Time
        1615000    32300.00000

   Energies (kJ/mol)
           Bond       G96Angle  Improper Dih.        LJ (SR)   Coulomb (SR)
    1.26099e+04    5.60674e+03    6.54935e+02   -5.83605e+05    0.00000e+00
      Potential    Kinetic En.   Total Energy  Conserved En.    Temperature
   -5.64734e+05    1.05414e+05   -4.59319e+05   -1.09303e+07    3.03537e+02
 Pressure (bar)   Constr. rmsd
    7.15122e+00    3.62272e-04

           Step           Time
        1620000    32400.00000

   Energies (kJ/mol)
           Bond       G96Angle  Improper Dih.        LJ (SR)   Coulomb (SR)
    1.23335e+04    5.57430e+03    5.82252e+02   -5.81082e+05    0.00000e+00
      Potential    Kinetic En.   Total Energy  Conserved En.    Temperature
   -5.62592e+05    1.05164e+05   -4.57428e+05   -1.09625e+07    3.02815e+02
 Pressure (bar)   Constr. rmsd
   -2.41536e+01    3.88619e-04

           Step           Time
        1625000    32500.00000

   Energies (kJ/mol)
           Bond       G96Angle  Improper Dih.        LJ (SR)   Coulomb (SR)
    1.28919e+04    5.75662e+03    6.88199e+02   -5.82350e+05    0.00000e+00
      Potential    Kinetic En.   Total Energy  Conserved En.    Temperature
   -5.63013e+05    1.06354e+05   -4.56659e+05   -1.09947e+07    3.06244e+02
 Pressure (bar)   Constr. rmsd
    6.57786e+00    3.96388e-04

           Step           Time
        1630000    32600.00000

   Energies (kJ/mol)
           Bond       G96Angle  Improper Dih.        LJ (SR)   Coulomb (SR)
    1.22118e+04    5.79274e+03    6.69302e+02   -5.81674e+05    0.00000e+00
      Potential    Kinetic En.   Total Energy  Conserved En.    Temperature
   -5.63000e+05    1.04766e+05   -4.58234e+05   -1.10268e+07    3.01669e+02
 Pressure (bar)   Constr. rmsd
   -5.99744e+00    4.03244e-04

           Step           Time
        1635000    32700.00000

   Energies (kJ/mol)
           Bond       G96Angle  Improper Dih.        LJ (SR)   Coulomb (SR)
    1.24579e+04    5.60536e+03    5.59791e+02   -5.83308e+05    0.00000e+00
      Potential    Kinetic En.   Total Energy  Conserved En.    Temperature
   -5.64685e+05    1.05423e+05   -4.59262e+05   -1.10587e+07    3.03563e+02
 Pressure (bar)   Constr. rmsd
    3.14318e+01    4.02252e-04

           Step           Time
        1640000    32800.00000

   Energies (kJ/mol)
           Bond       G96Angle  Improper Dih.        LJ (SR)   Coulomb (SR)
    1.26338e+04    5.96909e+03    6.91477e+02   -5.82430e+05    0.00000e+00
      Potential    Kinetic En.   Total Energy  Conserved En.    Temperature
   -5.63135e+05    1.05913e+05   -4.57223e+05   -1.10909e+07    3.04972e+02
 Pressure (bar)   Constr. rmsd
    6.45132e+01    3.97751e-04

           Step           Time
        1645000    32900.00000

   Energies (kJ/mol)
           Bond       G96Angle  Improper Dih.        LJ (SR)   Coulomb (SR)
    1.23697e+04    5.71406e+03    6.45562e+02   -5.80140e+05    0.00000e+00
      Potential    Kinetic En.   Total Energy  Conserved En.    Temperature
   -5.61411e+05    1.05412e+05   -4.55999e+05   -1.11229e+07    3.03530e+02
 Pressure (bar)   Constr. rmsd
    9.30255e+00    4.00979e-04

           Step           Time
        1650000    33000.00000

   Energies (kJ/mol)
           Bond       G96Angle  Improper Dih.        LJ (SR)   Coulomb (SR)
    1.25142e+04    5.75452e+03    6.44740e+02   -5.81333e+05    0.00000e+00
      Potential    Kinetic En.   Total Energy  Conserved En.    Temperature
   -5.62419e+05    1.06175e+05   -4.56244e+05   -1.11550e+07    3.05727e+02
 Pressure (bar)   Constr. rmsd
   -7.69268e+00    3.94010e-04

           Step           Time
        1655000    33100.00000

   Energies (kJ/mol)
           Bond       G96Angle  Improper Dih.        LJ (SR)   Coulomb (SR)
    1.23008e+04    5.58874e+03    5.56596e+02   -5.81746e+05    0.00000e+00
      Potential    Kinetic En.   Total Energy  Conserved En.    Temperature
   -5.63300e+05    1.05251e+05   -4.58049e+05   -1.11871e+07    3.03066e+02
 Pressure (bar)   Constr. rmsd
   -2.57125e+01    3.94305e-04

           Step           Time
        1660000    33200.00000

   Energies (kJ/mol)
           Bond       G96Angle  Improper Dih.        LJ (SR)   Coulomb (SR)
    1.24989e+04    5.64780e+03    6.44736e+02   -5.80166e+05    0.00000e+00
      Potential    Kinetic En.   Total Energy  Conserved En.    Temperature
   -5.61374e+05    1.06504e+05   -4.54870e+05   -1.12193e+07    3.06675e+02
 Pressure (bar)   Constr. rmsd
   -2.59334e+01    3.90226e-04

           Step           Time
        1665000    33300.00000

   Energies (kJ/mol)
           Bond       G96Angle  Improper Dih.        LJ (SR)   Coulomb (SR)
    1.27255e+04    5.69614e+03    6.59773e+02   -5.82917e+05    0.00000e+00
      Potential    Kinetic En.   Total Energy  Conserved En.    Temperature
   -5.63836e+05    1.04576e+05   -4.59260e+05   -1.12514e+07    3.01122e+02
 Pressure (bar)   Constr. rmsd
    3.16109e+01    3.88259e-04

           Step           Time
        1670000    33400.00000

   Energies (kJ/mol)
           Bond       G96Angle  Improper Dih.        LJ (SR)   Coulomb (SR)
    1.22157e+04    5.60328e+03    6.23767e+02   -5.82478e+05    0.00000e+00
      Potential    Kinetic En.   Total Energy  Conserved En.    Temperature
   -5.64036e+05    1.05292e+05   -4.58744e+05   -1.12836e+07    3.03183e+02
 Pressure (bar)   Constr. rmsd
    1.54619e+00    3.77330e-04

           Step           Time
        1675000    33500.00000

   Energies (kJ/mol)
           Bond       G96Angle  Improper Dih.        LJ (SR)   Coulomb (SR)
    1.25247e+04    5.62263e+03    6.85630e+02   -5.81205e+05    0.00000e+00
      Potential    Kinetic En.   Total Energy  Conserved En.    Temperature
   -5.62372e+05    1.05540e+05   -4.56832e+05   -1.13155e+07    3.03900e+02
 Pressure (bar)   Constr. rmsd
   -5.59972e+01    3.81691e-04

           Step           Time
        1680000    33600.00000

   Energies (kJ/mol)
           Bond       G96Angle  Improper Dih.        LJ (SR)   Coulomb (SR)
    1.23460e+04    5.67578e+03    6.57289e+02   -5.83091e+05    0.00000e+00
      Potential    Kinetic En.   Total Energy  Conserved En.    Temperature
   -5.64412e+05    1.05380e+05   -4.59032e+05   -1.13478e+07    3.03438e+02
 Pressure (bar)   Constr. rmsd
   -1.58931e+00    3.77628e-04

           Step           Time
        1685000    33700.00000

   Energies (kJ/mol)
           Bond       G96Angle  Improper Dih.        LJ (SR)   Coulomb (SR)
    1.24093e+04    5.57516e+03    6.30294e+02   -5.83476e+05    0.00000e+00
      Potential    Kinetic En.   Total Energy  Conserved En.    Temperature
   -5.64862e+05    1.06240e+05   -4.58622e+05   -1.13796e+07    3.05914e+02
 Pressure (bar)   Constr. rmsd
    3.60490e+01    3.91222e-04

           Step           Time
        1690000    33800.00000

   Energies (kJ/mol)
           Bond       G96Angle  Improper Dih.        LJ (SR)   Coulomb (SR)
    1.25230e+04    5.70649e+03    7.14282e+02   -5.83233e+05    0.00000e+00
      Potential    Kinetic En.   Total Energy  Conserved En.    Temperature
   -5.64290e+05    1.06653e+05   -4.57636e+05   -1.14116e+07    3.07104e+02
 Pressure (bar)   Constr. rmsd
    1.55704e+01    3.98286e-04

           Step           Time
        1695000    33900.00000

   Energies (kJ/mol)
           Bond       G96Angle  Improper Dih.        LJ (SR)   Coulomb (SR)
    1.27385e+04    5.70267e+03    6.14934e+02   -5.83718e+05    0.00000e+00
      Potential    Kinetic En.   Total Energy  Conserved En.    Temperature
   -5.64662e+05    1.06479e+05   -4.58183e+05   -1.14437e+07    3.06603e+02
 Pressure (bar)   Constr. rmsd
    4.75788e+01    3.76444e-04

           Step           Time
        1700000    34000.00000

   Energies (kJ/mol)
           Bond       G96Angle  Improper Dih.        LJ (SR)   Coulomb (SR)
    1.18790e+04    5.78515e+03    6.23327e+02   -5.82040e+05    0.00000e+00
      Potential    Kinetic En.   Total Energy  Conserved En.    Temperature
   -5.63752e+05    1.05800e+05   -4.57952e+05   -1.14758e+07    3.04648e+02
 Pressure (bar)   Constr. rmsd
    7.89891e+00    3.75340e-04

           Step           Time
        1705000    34100.00000

   Energies (kJ/mol)
           Bond       G96Angle  Improper Dih.        LJ (SR)   Coulomb (SR)
    1.24198e+04    5.75453e+03    6.09134e+02   -5.81897e+05    0.00000e+00
      Potential    Kinetic En.   Total Energy  Conserved En.    Temperature
   -5.63114e+05    1.05006e+05   -4.58108e+05   -1.15078e+07    3.02361e+02
 Pressure (bar)   Constr. rmsd
    1.06129e+01    3.81672e-04

           Step           Time
        1710000    34200.00000

   Energies (kJ/mol)
           Bond       G96Angle  Improper Dih.        LJ (SR)   Coulomb (SR)
    1.23489e+04    5.80710e+03    5.88679e+02   -5.81726e+05    0.00000e+00
      Potential    Kinetic En.   Total Energy  Conserved En.    Temperature
   -5.62981e+05    1.04918e+05   -4.58063e+05   -1.15398e+07    3.02107e+02
 Pressure (bar)   Constr. rmsd
    7.83362e+00    3.89883e-04

           Step           Time
        1715000    34300.00000

   Energies (kJ/mol)
           Bond       G96Angle  Improper Dih.        LJ (SR)   Coulomb (SR)
    1.22830e+04    5.70823e+03    5.53635e+02   -5.81655e+05    0.00000e+00
      Potential    Kinetic En.   Total Energy  Conserved En.    Temperature
   -5.63110e+05    1.06799e+05   -4.56311e+05   -1.15720e+07    3.07524e+02
 Pressure (bar)   Constr. rmsd
    3.09391e+01    3.63626e-04

           Step           Time
        1720000    34400.00000

   Energies (kJ/mol)
           Bond       G96Angle  Improper Dih.        LJ (SR)   Coulomb (SR)
    1.23767e+04    5.75681e+03    6.80332e+02   -5.81862e+05    0.00000e+00
      Potential    Kinetic En.   Total Energy  Conserved En.    Temperature
   -5.63048e+05    1.05012e+05   -4.58036e+05   -1.16041e+07    3.02379e+02
 Pressure (bar)   Constr. rmsd
   -1.82102e+01    3.78446e-04

           Step           Time
        1725000    34500.00000

   Energies (kJ/mol)
           Bond       G96Angle  Improper Dih.        LJ (SR)   Coulomb (SR)
    1.22937e+04    5.90300e+03    6.41741e+02   -5.81202e+05    0.00000e+00
      Potential    Kinetic En.   Total Energy  Conserved En.    Temperature
   -5.62364e+05    1.05516e+05   -4.56848e+05   -1.16363e+07    3.03828e+02
 Pressure (bar)   Constr. rmsd
   -2.51378e+00    3.85765e-04

           Step           Time
        1730000    34600.00000

   Energies (kJ/mol)
           Bond       G96Angle  Improper Dih.        LJ (SR)   Coulomb (SR)
    1.24141e+04    5.75363e+03    6.39250e+02   -5.82249e+05    0.00000e+00
      Potential    Kinetic En.   Total Energy  Conserved En.    Temperature
   -5.63442e+05    1.04841e+05   -4.58601e+05   -1.16685e+07    3.01885e+02
 Pressure (bar)   Constr. rmsd
   -3.86836e+00    3.88962e-04

           Step           Time
        1735000    34700.00000

   Energies (kJ/mol)
           Bond       G96Angle  Improper Dih.        LJ (SR)   Coulomb (SR)
    1.19807e+04    5.53326e+03    5.99981e+02   -5.82555e+05    0.00000e+00
      Potential    Kinetic En.   Total Energy  Conserved En.    Temperature
   -5.64441e+05    1.05389e+05   -4.59053e+05   -1.17004e+07    3.03463e+02
 Pressure (bar)   Constr. rmsd
   -1.19141e+01    3.69034e-04

           Step           Time
        1740000    34800.00000

   Energies (kJ/mol)
           Bond       G96Angle  Improper Dih.        LJ (SR)   Coulomb (SR)
    1.24478e+04    5.63216e+03    6.25834e+02   -5.83081e+05    0.00000e+00
      Potential    Kinetic En.   Total Energy  Conserved En.    Temperature
   -5.64376e+05    1.05130e+05   -4.59245e+05   -1.17326e+07    3.02718e+02
 Pressure (bar)   Constr. rmsd
    3.58069e+01    3.81156e-04

           Step           Time
        1745000    34900.00000

   Energies (kJ/mol)
           Bond       G96Angle  Improper Dih.        LJ (SR)   Coulomb (SR)
    1.25900e+04    5.59438e+03    6.58062e+02   -5.81312e+05    0.00000e+00
      Potential    Kinetic En.   Total Energy  Conserved En.    Temperature
   -5.62470e+05    1.06709e+05   -4.55761e+05   -1.17648e+07    3.07265e+02
 Pressure (bar)   Constr. rmsd
   -5.72679e+00    3.70247e-04

           Step           Time
        1750000    35000.00000

   Energies (kJ/mol)
           Bond       G96Angle  Improper Dih.        LJ (SR)   Coulomb (SR)
    1.20448e+04    5.58260e+03    6.71319e+02   -5.82099e+05    0.00000e+00
      Potential    Kinetic En.   Total Energy  Conserved En.    Temperature
   -5.63800e+05    1.05857e+05   -4.57943e+05   -1.17970e+07    3.04812e+02
 Pressure (bar)   Constr. rmsd
   -1.77439e+00    3.77565e-04

           Step           Time
        1755000    35100.00000

   Energies (kJ/mol)
           Bond       G96Angle  Improper Dih.        LJ (SR)   Coulomb (SR)
    1.27149e+04    5.74572e+03    6.28473e+02   -5.83909e+05    0.00000e+00
      Potential    Kinetic En.   Total Energy  Conserved En.    Temperature
   -5.64820e+05    1.04671e+05   -4.60149e+05   -1.18294e+07    3.01398e+02
 Pressure (bar)   Constr. rmsd
   -1.01549e+01    3.72974e-04

           Step           Time
        1760000    35200.00000

   Energies (kJ/mol)
           Bond       G96Angle  Improper Dih.        LJ (SR)   Coulomb (SR)
    1.27138e+04    5.78741e+03    6.73019e+02   -5.82257e+05    0.00000e+00
      Potential    Kinetic En.   Total Energy  Conserved En.    Temperature
   -5.63083e+05    1.05552e+05   -4.57531e+05   -1.18617e+07    3.03934e+02
 Pressure (bar)   Constr. rmsd
    1.57559e+01    3.84998e-04

           Step           Time
        1765000    35300.00000

   Energies (kJ/mol)
           Bond       G96Angle  Improper Dih.        LJ (SR)   Coulomb (SR)
    1.21451e+04    5.49085e+03    6.50070e+02   -5.82556e+05    0.00000e+00
      Potential    Kinetic En.   Total Energy  Conserved En.    Temperature
   -5.64270e+05    1.05058e+05   -4.59212e+05   -1.18939e+07    3.02510e+02
 Pressure (bar)   Constr. rmsd
   -1.53056e+01    3.76773e-04

           Step           Time
        1770000    35400.00000

   Energies (kJ/mol)
           Bond       G96Angle  Improper Dih.        LJ (SR)   Coulomb (SR)
    1.20213e+04    5.85481e+03    6.36783e+02   -5.83495e+05    0.00000e+00
      Potential    Kinetic En.   Total Energy  Conserved En.    Temperature
   -5.64982e+05    1.06979e+05   -4.58003e+05   -1.19263e+07    3.08042e+02
 Pressure (bar)   Constr. rmsd
    1.08539e+01    4.06259e-04

           Step           Time
        1775000    35500.00000

   Energies (kJ/mol)
           Bond       G96Angle  Improper Dih.        LJ (SR)   Coulomb (SR)
    1.29056e+04    5.63178e+03    7.41079e+02   -5.81251e+05    0.00000e+00
      Potential    Kinetic En.   Total Energy  Conserved En.    Temperature
   -5.61973e+05    1.05866e+05   -4.56106e+05   -1.19585e+07    3.04838e+02
 Pressure (bar)   Constr. rmsd
   -6.80466e-01    3.77293e-04

Writing checkpoint, step 1775425 at Fri Feb 24 18:21:17 2023


           Step           Time
        1780000    35600.00000

   Energies (kJ/mol)
           Bond       G96Angle  Improper Dih.        LJ (SR)   Coulomb (SR)
    1.26306e+04    5.59190e+03    6.53670e+02   -5.82259e+05    0.00000e+00
      Potential    Kinetic En.   Total Energy  Conserved En.    Temperature
   -5.63383e+05    1.06155e+05   -4.57228e+05   -1.19906e+07    3.05670e+02
 Pressure (bar)   Constr. rmsd
    4.72377e+01    3.79743e-04

           Step           Time
        1785000    35700.00000

   Energies (kJ/mol)
           Bond       G96Angle  Improper Dih.        LJ (SR)   Coulomb (SR)
    1.20894e+04    5.72727e+03    5.72839e+02   -5.81297e+05    0.00000e+00
      Potential    Kinetic En.   Total Energy  Conserved En.    Temperature
   -5.62908e+05    1.05769e+05   -4.57139e+05   -1.20223e+07    3.04558e+02
 Pressure (bar)   Constr. rmsd
    2.50021e+00    3.87319e-04

           Step           Time
        1790000    35800.00000

   Energies (kJ/mol)
           Bond       G96Angle  Improper Dih.        LJ (SR)   Coulomb (SR)
    1.24584e+04    5.50312e+03    6.51651e+02   -5.83857e+05    0.00000e+00
      Potential    Kinetic En.   Total Energy  Conserved En.    Temperature
   -5.65244e+05    1.05978e+05   -4.59266e+05   -1.20543e+07    3.05159e+02
 Pressure (bar)   Constr. rmsd
   -2.37305e+00    3.90643e-04

           Step           Time
        1795000    35900.00000

   Energies (kJ/mol)
           Bond       G96Angle  Improper Dih.        LJ (SR)   Coulomb (SR)
    1.24949e+04    5.50709e+03    6.36656e+02   -5.80915e+05    0.00000e+00
      Potential    Kinetic En.   Total Energy  Conserved En.    Temperature
   -5.62277e+05    1.06047e+05   -4.56229e+05   -1.20865e+07    3.05359e+02
 Pressure (bar)   Constr. rmsd
    6.65646e+00    3.80985e-04

           Step           Time
        1800000    36000.00000

   Energies (kJ/mol)
           Bond       G96Angle  Improper Dih.        LJ (SR)   Coulomb (SR)
    1.24461e+04    5.63503e+03    6.39159e+02   -5.79696e+05    0.00000e+00
      Potential    Kinetic En.   Total Energy  Conserved En.    Temperature
   -5.60976e+05    1.06690e+05   -4.54286e+05   -1.21188e+07    3.07210e+02
 Pressure (bar)   Constr. rmsd
    1.29110e+01    3.96588e-04

           Step           Time
        1805000    36100.00000

   Energies (kJ/mol)
           Bond       G96Angle  Improper Dih.        LJ (SR)   Coulomb (SR)
    1.27095e+04    5.88758e+03    5.99820e+02   -5.80727e+05    0.00000e+00
      Potential    Kinetic En.   Total Energy  Conserved En.    Temperature
   -5.61530e+05    1.05311e+05   -4.56218e+05   -1.21509e+07    3.03241e+02
 Pressure (bar)   Constr. rmsd
   -9.12602e+00    3.71900e-04

           Step           Time
        1810000    36200.00000

   Energies (kJ/mol)
           Bond       G96Angle  Improper Dih.        LJ (SR)   Coulomb (SR)
    1.18759e+04    5.78655e+03    6.50910e+02   -5.82500e+05    0.00000e+00
      Potential    Kinetic En.   Total Energy  Conserved En.    Temperature
   -5.64187e+05    1.05280e+05   -4.58906e+05   -1.21828e+07    3.03151e+02
 Pressure (bar)   Constr. rmsd
   -8.01406e+00    3.91468e-04

           Step           Time
        1815000    36300.00000

   Energies (kJ/mol)
           Bond       G96Angle  Improper Dih.        LJ (SR)   Coulomb (SR)
    1.22753e+04    5.51042e+03    5.20645e+02   -5.81342e+05    0.00000e+00
      Potential    Kinetic En.   Total Energy  Conserved En.    Temperature
   -5.63036e+05    1.05691e+05   -4.57345e+05   -1.22150e+07    3.04334e+02
 Pressure (bar)   Constr. rmsd
   -3.34195e+01    3.80485e-04

           Step           Time
        1820000    36400.00000

   Energies (kJ/mol)
           Bond       G96Angle  Improper Dih.        LJ (SR)   Coulomb (SR)
    1.23727e+04    5.79949e+03    5.98362e+02   -5.83552e+05    0.00000e+00
      Potential    Kinetic En.   Total Energy  Conserved En.    Temperature
   -5.64781e+05    1.05423e+05   -4.59358e+05   -1.22468e+07    3.03562e+02
 Pressure (bar)   Constr. rmsd
    1.70274e+01    3.85198e-04

           Step           Time
        1825000    36500.00000

   Energies (kJ/mol)
           Bond       G96Angle  Improper Dih.        LJ (SR)   Coulomb (SR)
    1.25433e+04    5.62298e+03    6.32979e+02   -5.82527e+05    0.00000e+00
      Potential    Kinetic En.   Total Energy  Conserved En.    Temperature
   -5.63728e+05    1.04904e+05   -4.58824e+05   -1.22789e+07    3.02067e+02
 Pressure (bar)   Constr. rmsd
    2.42823e+00    3.79488e-04

           Step           Time
        1830000    36600.00000

   Energies (kJ/mol)
           Bond       G96Angle  Improper Dih.        LJ (SR)   Coulomb (SR)
    1.24783e+04    5.66083e+03    7.03496e+02   -5.81985e+05    0.00000e+00
      Potential    Kinetic En.   Total Energy  Conserved En.    Temperature
   -5.63142e+05    1.05924e+05   -4.57218e+05   -1.23111e+07    3.05005e+02
 Pressure (bar)   Constr. rmsd
   -1.86057e+01    3.62912e-04

           Step           Time
        1835000    36700.00000

   Energies (kJ/mol)
           Bond       G96Angle  Improper Dih.        LJ (SR)   Coulomb (SR)
    1.22592e+04    5.62621e+03    6.22951e+02   -5.82199e+05    0.00000e+00
      Potential    Kinetic En.   Total Energy  Conserved En.    Temperature
   -5.63691e+05    1.06698e+05   -4.56993e+05   -1.23430e+07    3.07233e+02
 Pressure (bar)   Constr. rmsd
    3.71298e+01    3.93272e-04

           Step           Time
        1840000    36800.00000

   Energies (kJ/mol)
           Bond       G96Angle  Improper Dih.        LJ (SR)   Coulomb (SR)
    1.24478e+04    5.63797e+03    6.61383e+02   -5.82259e+05    0.00000e+00
      Potential    Kinetic En.   Total Energy  Conserved En.    Temperature
   -5.63512e+05    1.05752e+05   -4.57760e+05   -1.23750e+07    3.04510e+02
 Pressure (bar)   Constr. rmsd
    1.14091e+01    3.72764e-04

           Step           Time
        1845000    36900.00000

   Energies (kJ/mol)
           Bond       G96Angle  Improper Dih.        LJ (SR)   Coulomb (SR)
    1.26911e+04    5.69931e+03    6.19965e+02   -5.81707e+05    0.00000e+00
      Potential    Kinetic En.   Total Energy  Conserved En.    Temperature
   -5.62697e+05    1.05920e+05   -4.56777e+05   -1.24071e+07    3.04992e+02
 Pressure (bar)   Constr. rmsd
    1.75222e+01    3.80893e-04

           Step           Time
        1850000    37000.00000

   Energies (kJ/mol)
           Bond       G96Angle  Improper Dih.        LJ (SR)   Coulomb (SR)
    1.24761e+04    5.52700e+03    6.48959e+02   -5.83330e+05    0.00000e+00
      Potential    Kinetic En.   Total Energy  Conserved En.    Temperature
   -5.64678e+05    1.05041e+05   -4.59638e+05   -1.24389e+07    3.02461e+02
 Pressure (bar)   Constr. rmsd
    1.34112e+01    3.93339e-04

           Step           Time
        1855000    37100.00000

   Energies (kJ/mol)
           Bond       G96Angle  Improper Dih.        LJ (SR)   Coulomb (SR)
    1.24588e+04    5.66840e+03    6.64162e+02   -5.81536e+05    0.00000e+00
      Potential    Kinetic En.   Total Energy  Conserved En.    Temperature
   -5.62745e+05    1.06062e+05   -4.56683e+05   -1.24710e+07    3.05401e+02
 Pressure (bar)   Constr. rmsd
    3.15447e+01    3.85689e-04

           Step           Time
        1860000    37200.00000

   Energies (kJ/mol)
           Bond       G96Angle  Improper Dih.        LJ (SR)   Coulomb (SR)
    1.20126e+04    5.68229e+03    6.95837e+02   -5.84140e+05    0.00000e+00
      Potential    Kinetic En.   Total Energy  Conserved En.    Temperature
   -5.65749e+05    1.04593e+05   -4.61156e+05   -1.25031e+07    3.01173e+02
 Pressure (bar)   Constr. rmsd
   -4.96947e+01    3.71678e-04

           Step           Time
        1865000    37300.00000

   Energies (kJ/mol)
           Bond       G96Angle  Improper Dih.        LJ (SR)   Coulomb (SR)
    1.24114e+04    5.65528e+03    6.38884e+02   -5.81284e+05    0.00000e+00
      Potential    Kinetic En.   Total Energy  Conserved En.    Temperature
   -5.62579e+05    1.06423e+05   -4.56155e+05   -1.25353e+07    3.06443e+02
 Pressure (bar)   Constr. rmsd
    4.83717e+01    3.86406e-04

           Step           Time
        1870000    37400.00000

   Energies (kJ/mol)
           Bond       G96Angle  Improper Dih.        LJ (SR)   Coulomb (SR)
    1.25354e+04    5.54049e+03    6.15875e+02   -5.81702e+05    0.00000e+00
      Potential    Kinetic En.   Total Energy  Conserved En.    Temperature
   -5.63011e+05    1.05460e+05   -4.57550e+05   -1.25675e+07    3.03669e+02
 Pressure (bar)   Constr. rmsd
   -2.97911e+01    3.84806e-04

           Step           Time
        1875000    37500.00000

   Energies (kJ/mol)
           Bond       G96Angle  Improper Dih.        LJ (SR)   Coulomb (SR)
    1.20760e+04    5.70620e+03    6.46980e+02   -5.84605e+05    0.00000e+00
      Potential    Kinetic En.   Total Energy  Conserved En.    Temperature
   -5.66176e+05    1.05594e+05   -4.60582e+05   -1.25996e+07    3.04053e+02
 Pressure (bar)   Constr. rmsd
    4.21595e+01    3.83727e-04

           Step           Time
        1880000    37600.00000

   Energies (kJ/mol)
           Bond       G96Angle  Improper Dih.        LJ (SR)   Coulomb (SR)
    1.22777e+04    5.56550e+03    6.43431e+02   -5.83045e+05    0.00000e+00
      Potential    Kinetic En.   Total Energy  Conserved En.    Temperature
   -5.64558e+05    1.05407e+05   -4.59151e+05   -1.26318e+07    3.03515e+02
 Pressure (bar)   Constr. rmsd
    1.13181e+01    3.74400e-04

           Step           Time
        1885000    37700.00000

   Energies (kJ/mol)
           Bond       G96Angle  Improper Dih.        LJ (SR)   Coulomb (SR)
    1.22382e+04    5.57593e+03    6.42555e+02   -5.84931e+05    0.00000e+00
      Potential    Kinetic En.   Total Energy  Conserved En.    Temperature
   -5.66474e+05    1.04685e+05   -4.61790e+05   -1.26637e+07    3.01436e+02
 Pressure (bar)   Constr. rmsd
    3.10605e+01    3.65494e-04

           Step           Time
        1890000    37800.00000

   Energies (kJ/mol)
           Bond       G96Angle  Improper Dih.        LJ (SR)   Coulomb (SR)
    1.25739e+04    5.65325e+03    5.91305e+02   -5.82569e+05    0.00000e+00
      Potential    Kinetic En.   Total Energy  Conserved En.    Temperature
   -5.63751e+05    1.05978e+05   -4.57772e+05   -1.26958e+07    3.05161e+02
 Pressure (bar)   Constr. rmsd
   -2.18841e+01    3.86914e-04

           Step           Time
        1895000    37900.00000

   Energies (kJ/mol)
           Bond       G96Angle  Improper Dih.        LJ (SR)   Coulomb (SR)
    1.19858e+04    5.61850e+03    5.86794e+02   -5.81324e+05    0.00000e+00
      Potential    Kinetic En.   Total Energy  Conserved En.    Temperature
   -5.63133e+05    1.05944e+05   -4.57189e+05   -1.27281e+07    3.05062e+02
 Pressure (bar)   Constr. rmsd
   -4.02780e+01    3.75940e-04

           Step           Time
        1900000    38000.00000

   Energies (kJ/mol)
           Bond       G96Angle  Improper Dih.        LJ (SR)   Coulomb (SR)
    1.21863e+04    5.69139e+03    6.52108e+02   -5.81135e+05    0.00000e+00
      Potential    Kinetic En.   Total Energy  Conserved En.    Temperature
   -5.62605e+05    1.05957e+05   -4.56648e+05   -1.27605e+07    3.05100e+02
 Pressure (bar)   Constr. rmsd
   -4.80802e+00    4.04351e-04

           Step           Time
        1905000    38100.00000

   Energies (kJ/mol)
           Bond       G96Angle  Improper Dih.        LJ (SR)   Coulomb (SR)
    1.24350e+04    5.77518e+03    6.22154e+02   -5.81745e+05    0.00000e+00
      Potential    Kinetic En.   Total Energy  Conserved En.    Temperature
   -5.62913e+05    1.06415e+05   -4.56498e+05   -1.27927e+07    3.06417e+02
 Pressure (bar)   Constr. rmsd
    1.25916e+01    3.79573e-04

           Step           Time
        1910000    38200.00000

   Energies (kJ/mol)
           Bond       G96Angle  Improper Dih.        LJ (SR)   Coulomb (SR)
    1.25372e+04    5.64821e+03    6.23837e+02   -5.84414e+05    0.00000e+00
      Potential    Kinetic En.   Total Energy  Conserved En.    Temperature
   -5.65605e+05    1.04992e+05   -4.60613e+05   -1.28251e+07    3.02319e+02
 Pressure (bar)   Constr. rmsd
    1.96631e+01    3.87944e-04

           Step           Time
        1915000    38300.00000

   Energies (kJ/mol)
           Bond       G96Angle  Improper Dih.        LJ (SR)   Coulomb (SR)
    1.28136e+04    5.75268e+03    6.40432e+02   -5.85977e+05    0.00000e+00
      Potential    Kinetic En.   Total Energy  Conserved En.    Temperature
   -5.66770e+05    1.05077e+05   -4.61693e+05   -1.28574e+07    3.02566e+02
 Pressure (bar)   Constr. rmsd
    4.30246e+01    3.69479e-04

           Step           Time
        1920000    38400.00000

   Energies (kJ/mol)
           Bond       G96Angle  Improper Dih.        LJ (SR)   Coulomb (SR)
    1.27846e+04    5.73856e+03    6.41641e+02   -5.85668e+05    0.00000e+00
      Potential    Kinetic En.   Total Energy  Conserved En.    Temperature
   -5.66503e+05    1.04947e+05   -4.61556e+05   -1.28894e+07    3.02192e+02
 Pressure (bar)   Constr. rmsd
   -6.36863e+00    3.78465e-04

           Step           Time
        1925000    38500.00000

   Energies (kJ/mol)
           Bond       G96Angle  Improper Dih.        LJ (SR)   Coulomb (SR)
    1.27840e+04    5.82877e+03    5.94744e+02   -5.80667e+05    0.00000e+00
      Potential    Kinetic En.   Total Energy  Conserved En.    Temperature
   -5.61460e+05    1.06157e+05   -4.55303e+05   -1.29212e+07    3.05676e+02
 Pressure (bar)   Constr. rmsd
    6.09783e-01    3.86984e-04

           Step           Time
        1930000    38600.00000

   Energies (kJ/mol)
           Bond       G96Angle  Improper Dih.        LJ (SR)   Coulomb (SR)
    1.24688e+04    5.69260e+03    6.37450e+02   -5.82716e+05    0.00000e+00
      Potential    Kinetic En.   Total Energy  Conserved En.    Temperature
   -5.63917e+05    1.06725e+05   -4.57192e+05   -1.29536e+07    3.07312e+02
 Pressure (bar)   Constr. rmsd
    2.57699e+01    3.69415e-04

           Step           Time
        1935000    38700.00000

   Energies (kJ/mol)
           Bond       G96Angle  Improper Dih.        LJ (SR)   Coulomb (SR)
    1.23530e+04    5.56724e+03    6.63600e+02   -5.82398e+05    0.00000e+00
      Potential    Kinetic En.   Total Energy  Conserved En.    Temperature
   -5.63815e+05    1.05299e+05   -4.58515e+05   -1.29856e+07    3.03205e+02
 Pressure (bar)   Constr. rmsd
   -1.09937e+01    3.60735e-04

           Step           Time
        1940000    38800.00000

   Energies (kJ/mol)
           Bond       G96Angle  Improper Dih.        LJ (SR)   Coulomb (SR)
    1.26453e+04    5.75088e+03    6.39163e+02   -5.83509e+05    0.00000e+00
      Potential    Kinetic En.   Total Energy  Conserved En.    Temperature
   -5.64474e+05    1.07109e+05   -4.57365e+05   -1.30175e+07    3.08417e+02
 Pressure (bar)   Constr. rmsd
    3.39318e+00    3.80826e-04

           Step           Time
        1945000    38900.00000

   Energies (kJ/mol)
           Bond       G96Angle  Improper Dih.        LJ (SR)   Coulomb (SR)
    1.21282e+04    5.53750e+03    7.28516e+02   -5.83841e+05    0.00000e+00
      Potential    Kinetic En.   Total Energy  Conserved En.    Temperature
   -5.65447e+05    1.04872e+05   -4.60575e+05   -1.30496e+07    3.01976e+02
 Pressure (bar)   Constr. rmsd
   -8.26070e+00    3.83013e-04

           Step           Time
        1950000    39000.00000

   Energies (kJ/mol)
           Bond       G96Angle  Improper Dih.        LJ (SR)   Coulomb (SR)
    1.25299e+04    5.85426e+03    5.85290e+02   -5.81790e+05    0.00000e+00
      Potential    Kinetic En.   Total Energy  Conserved En.    Temperature
   -5.62820e+05    1.05306e+05   -4.57514e+05   -1.30816e+07    3.03225e+02
 Pressure (bar)   Constr. rmsd
    1.02424e+01    3.84014e-04

           Step           Time
        1955000    39100.00000

   Energies (kJ/mol)
           Bond       G96Angle  Improper Dih.        LJ (SR)   Coulomb (SR)
    1.27129e+04    5.74881e+03    5.87953e+02   -5.80753e+05    0.00000e+00
      Potential    Kinetic En.   Total Energy  Conserved En.    Temperature
   -5.61704e+05    1.05899e+05   -4.55805e+05   -1.31137e+07    3.04932e+02
 Pressure (bar)   Constr. rmsd
    3.10633e+01    3.82936e-04

           Step           Time
        1960000    39200.00000

   Energies (kJ/mol)
           Bond       G96Angle  Improper Dih.        LJ (SR)   Coulomb (SR)
    1.21343e+04    5.42601e+03    6.30217e+02   -5.81859e+05    0.00000e+00
      Potential    Kinetic En.   Total Energy  Conserved En.    Temperature
   -5.63668e+05    1.04985e+05   -4.58683e+05   -1.31457e+07    3.02301e+02
 Pressure (bar)   Constr. rmsd
   -4.50534e+01    3.93976e-04

           Step           Time
        1965000    39300.00000

   Energies (kJ/mol)
           Bond       G96Angle  Improper Dih.        LJ (SR)   Coulomb (SR)
    1.23946e+04    5.46447e+03    6.15872e+02   -5.81344e+05    0.00000e+00
      Potential    Kinetic En.   Total Energy  Conserved En.    Temperature
   -5.62869e+05    1.05128e+05   -4.57741e+05   -1.31779e+07    3.02712e+02
 Pressure (bar)   Constr. rmsd
   -8.98091e+00    3.97944e-04

           Step           Time
        1970000    39400.00000

   Energies (kJ/mol)
           Bond       G96Angle  Improper Dih.        LJ (SR)   Coulomb (SR)
    1.26170e+04    5.56024e+03    6.62605e+02   -5.81788e+05    0.00000e+00
      Potential    Kinetic En.   Total Energy  Conserved En.    Temperature
   -5.62948e+05    1.07153e+05   -4.55795e+05   -1.32102e+07    3.08543e+02
 Pressure (bar)   Constr. rmsd
    1.80824e+01    3.77331e-04

           Step           Time
        1975000    39500.00000

   Energies (kJ/mol)
           Bond       G96Angle  Improper Dih.        LJ (SR)   Coulomb (SR)
    1.28168e+04    5.54197e+03    6.33397e+02   -5.80500e+05    0.00000e+00
      Potential    Kinetic En.   Total Energy  Conserved En.    Temperature
   -5.61507e+05    1.06284e+05   -4.55223e+05   -1.32423e+07    3.06042e+02
 Pressure (bar)   Constr. rmsd
   -1.71566e+01    3.79920e-04

           Step           Time
        1980000    39600.00000

   Energies (kJ/mol)
           Bond       G96Angle  Improper Dih.        LJ (SR)   Coulomb (SR)
    1.24773e+04    5.71416e+03    6.35319e+02   -5.80951e+05    0.00000e+00
      Potential    Kinetic En.   Total Energy  Conserved En.    Temperature
   -5.62124e+05    1.05036e+05   -4.57088e+05   -1.32744e+07    3.02446e+02
 Pressure (bar)   Constr. rmsd
   -5.75308e+01    3.63301e-04

           Step           Time
        1985000    39700.00000

   Energies (kJ/mol)
           Bond       G96Angle  Improper Dih.        LJ (SR)   Coulomb (SR)
    1.23639e+04    5.70743e+03    7.60251e+02   -5.81204e+05    0.00000e+00
      Potential    Kinetic En.   Total Energy  Conserved En.    Temperature
   -5.62372e+05    1.05374e+05   -4.56998e+05   -1.33064e+07    3.03421e+02
 Pressure (bar)   Constr. rmsd
   -5.26229e+00    3.94304e-04

           Step           Time
        1990000    39800.00000

   Energies (kJ/mol)
           Bond       G96Angle  Improper Dih.        LJ (SR)   Coulomb (SR)
    1.26919e+04    5.75681e+03    7.04965e+02   -5.82461e+05    0.00000e+00
      Potential    Kinetic En.   Total Energy  Conserved En.    Temperature
   -5.63307e+05    1.06344e+05   -4.56963e+05   -1.33384e+07    3.06214e+02
 Pressure (bar)   Constr. rmsd
   -2.23368e+01    3.84895e-04

           Step           Time
        1995000    39900.00000

   Energies (kJ/mol)
           Bond       G96Angle  Improper Dih.        LJ (SR)   Coulomb (SR)
    1.21220e+04    5.60954e+03    6.33421e+02   -5.81171e+05    0.00000e+00
      Potential    Kinetic En.   Total Energy  Conserved En.    Temperature
   -5.62806e+05    1.06706e+05   -4.56100e+05   -1.33704e+07    3.07255e+02
 Pressure (bar)   Constr. rmsd
    2.71028e+00    3.68044e-04

           Step           Time
        2000000    40000.00000

   Energies (kJ/mol)
           Bond       G96Angle  Improper Dih.        LJ (SR)   Coulomb (SR)
    1.26306e+04    5.90002e+03    6.28237e+02   -5.82752e+05    0.00000e+00
      Potential    Kinetic En.   Total Energy  Conserved En.    Temperature
   -5.63593e+05    1.04387e+05   -4.59207e+05   -1.34022e+07    3.00578e+02
 Pressure (bar)   Constr. rmsd
    2.99121e+00    4.01256e-04

           Step           Time
        2005000    40100.00000

   Energies (kJ/mol)
           Bond       G96Angle  Improper Dih.        LJ (SR)   Coulomb (SR)
    1.22736e+04    5.87057e+03    6.59065e+02   -5.81417e+05    0.00000e+00
      Potential    Kinetic En.   Total Energy  Conserved En.    Temperature
   -5.62614e+05    1.06024e+05   -4.56590e+05   -1.34342e+07    3.05292e+02
 Pressure (bar)   Constr. rmsd
    6.89857e+00    3.97264e-04

           Step           Time
        2010000    40200.00000

   Energies (kJ/mol)
           Bond       G96Angle  Improper Dih.        LJ (SR)   Coulomb (SR)
    1.25663e+04    5.72880e+03    6.38318e+02   -5.83635e+05    0.00000e+00
      Potential    Kinetic En.   Total Energy  Conserved En.    Temperature
   -5.64702e+05    1.06301e+05   -4.58401e+05   -1.34663e+07    3.06089e+02
 Pressure (bar)   Constr. rmsd
    2.65762e+01    3.82360e-04

           Step           Time
        2015000    40300.00000

   Energies (kJ/mol)
           Bond       G96Angle  Improper Dih.        LJ (SR)   Coulomb (SR)
    1.25110e+04    5.65825e+03    6.31810e+02   -5.81820e+05    0.00000e+00
      Potential    Kinetic En.   Total Energy  Conserved En.    Temperature
   -5.63019e+05    1.05579e+05   -4.57440e+05   -1.34984e+07    3.04010e+02
 Pressure (bar)   Constr. rmsd
    2.21234e+01    4.10880e-04

           Step           Time
        2020000    40400.00000

   Energies (kJ/mol)
           Bond       G96Angle  Improper Dih.        LJ (SR)   Coulomb (SR)
    1.25503e+04    5.57408e+03    6.58435e+02   -5.79644e+05    0.00000e+00
      Potential    Kinetic En.   Total Energy  Conserved En.    Temperature
   -5.60861e+05    1.07773e+05   -4.53089e+05   -1.35304e+07    3.10327e+02
 Pressure (bar)   Constr. rmsd
    3.29573e+01    3.84969e-04

           Step           Time
        2025000    40500.00000

   Energies (kJ/mol)
           Bond       G96Angle  Improper Dih.        LJ (SR)   Coulomb (SR)
    1.25111e+04    5.78337e+03    5.91857e+02   -5.82166e+05    0.00000e+00
      Potential    Kinetic En.   Total Energy  Conserved En.    Temperature
   -5.63280e+05    1.05178e+05   -4.58102e+05   -1.35624e+07    3.02857e+02
 Pressure (bar)   Constr. rmsd
   -1.43510e+01    4.04772e-04

           Step           Time
        2030000    40600.00000

   Energies (kJ/mol)
           Bond       G96Angle  Improper Dih.        LJ (SR)   Coulomb (SR)
    1.23235e+04    5.86686e+03    5.82747e+02   -5.83450e+05    0.00000e+00
      Potential    Kinetic En.   Total Energy  Conserved En.    Temperature
   -5.64677e+05    1.06058e+05   -4.58619e+05   -1.35944e+07    3.05391e+02
 Pressure (bar)   Constr. rmsd
   -2.46237e+00    3.70790e-04

           Step           Time
        2035000    40700.00000

   Energies (kJ/mol)
           Bond       G96Angle  Improper Dih.        LJ (SR)   Coulomb (SR)
    1.20832e+04    5.74292e+03    6.37922e+02   -5.82836e+05    0.00000e+00
      Potential    Kinetic En.   Total Energy  Conserved En.    Temperature
   -5.64372e+05    1.06152e+05   -4.58220e+05   -1.36266e+07    3.05661e+02
 Pressure (bar)   Constr. rmsd
    2.47264e+01    4.13511e-04

           Step           Time
        2040000    40800.00000

   Energies (kJ/mol)
           Bond       G96Angle  Improper Dih.        LJ (SR)   Coulomb (SR)
    1.23466e+04    5.68697e+03    6.56706e+02   -5.82204e+05    0.00000e+00
      Potential    Kinetic En.   Total Energy  Conserved En.    Temperature
   -5.63513e+05    1.05579e+05   -4.57934e+05   -1.36586e+07    3.04012e+02
 Pressure (bar)   Constr. rmsd
    3.17851e+01    3.76320e-04

           Step           Time
        2045000    40900.00000

   Energies (kJ/mol)
           Bond       G96Angle  Improper Dih.        LJ (SR)   Coulomb (SR)
    1.22375e+04    5.63016e+03    5.65148e+02   -5.81289e+05    0.00000e+00
      Potential    Kinetic En.   Total Energy  Conserved En.    Temperature
   -5.62856e+05    1.05611e+05   -4.57246e+05   -1.36904e+07    3.04102e+02
 Pressure (bar)   Constr. rmsd
   -4.02677e+01    3.80951e-04

           Step           Time
        2050000    41000.00000

   Energies (kJ/mol)
           Bond       G96Angle  Improper Dih.        LJ (SR)   Coulomb (SR)
    1.24516e+04    5.76807e+03    6.36305e+02   -5.82341e+05    0.00000e+00
      Potential    Kinetic En.   Total Energy  Conserved En.    Temperature
   -5.63485e+05    1.05203e+05   -4.58282e+05   -1.37224e+07    3.02927e+02
 Pressure (bar)   Constr. rmsd
   -2.22825e+00    3.92292e-04

           Step           Time
        2055000    41100.00000

   Energies (kJ/mol)
           Bond       G96Angle  Improper Dih.        LJ (SR)   Coulomb (SR)
    1.21193e+04    5.81983e+03    7.01286e+02   -5.80947e+05    0.00000e+00
      Potential    Kinetic En.   Total Energy  Conserved En.    Temperature
   -5.62307e+05    1.05084e+05   -4.57223e+05   -1.37548e+07    3.02585e+02
 Pressure (bar)   Constr. rmsd
   -3.49042e+01    3.67102e-04

           Step           Time
        2060000    41200.00000

   Energies (kJ/mol)
           Bond       G96Angle  Improper Dih.        LJ (SR)   Coulomb (SR)
    1.23107e+04    5.79104e+03    5.93678e+02   -5.82421e+05    0.00000e+00
      Potential    Kinetic En.   Total Energy  Conserved En.    Temperature
   -5.63726e+05    1.04851e+05   -4.58875e+05   -1.37868e+07    3.01914e+02
 Pressure (bar)   Constr. rmsd
   -1.24167e+01    3.77877e-04

           Step           Time
        2065000    41300.00000

   Energies (kJ/mol)
           Bond       G96Angle  Improper Dih.        LJ (SR)   Coulomb (SR)
    1.28243e+04    5.80947e+03    6.75858e+02   -5.84105e+05    0.00000e+00
      Potential    Kinetic En.   Total Energy  Conserved En.    Temperature
   -5.64796e+05    1.05332e+05   -4.59464e+05   -1.38187e+07    3.03299e+02
 Pressure (bar)   Constr. rmsd
   -1.99800e+01    3.84467e-04

           Step           Time
        2070000    41400.00000

   Energies (kJ/mol)
           Bond       G96Angle  Improper Dih.        LJ (SR)   Coulomb (SR)
    1.27059e+04    5.73386e+03    6.40196e+02   -5.80900e+05    0.00000e+00
      Potential    Kinetic En.   Total Energy  Conserved En.    Temperature
   -5.61820e+05    1.05857e+05   -4.55962e+05   -1.38504e+07    3.04812e+02
 Pressure (bar)   Constr. rmsd
   -1.16281e+01    3.88333e-04

           Step           Time
        2075000    41500.00000

   Energies (kJ/mol)
           Bond       G96Angle  Improper Dih.        LJ (SR)   Coulomb (SR)
    1.28092e+04    5.81361e+03    6.64983e+02   -5.82631e+05    0.00000e+00
      Potential    Kinetic En.   Total Energy  Conserved En.    Temperature
   -5.63343e+05    1.04523e+05   -4.58820e+05   -1.38825e+07    3.00970e+02
 Pressure (bar)   Constr. rmsd
   -4.39657e+00    3.93325e-04

           Step           Time
        2080000    41600.00000

   Energies (kJ/mol)
           Bond       G96Angle  Improper Dih.        LJ (SR)   Coulomb (SR)
    1.22332e+04    5.72404e+03    6.98506e+02   -5.82041e+05    0.00000e+00
      Potential    Kinetic En.   Total Energy  Conserved En.    Temperature
   -5.63385e+05    1.05803e+05   -4.57582e+05   -1.39147e+07    3.04656e+02
 Pressure (bar)   Constr. rmsd
    2.25643e+01    3.91057e-04

           Step           Time
        2085000    41700.00000

   Energies (kJ/mol)
           Bond       G96Angle  Improper Dih.        LJ (SR)   Coulomb (SR)
    1.25274e+04    5.71195e+03    6.94445e+02   -5.82343e+05    0.00000e+00
      Potential    Kinetic En.   Total Energy  Conserved En.    Temperature
   -5.63409e+05    1.05795e+05   -4.57615e+05   -1.39468e+07    3.04632e+02
 Pressure (bar)   Constr. rmsd
   -6.10714e+00    3.68691e-04

           Step           Time
        2090000    41800.00000

   Energies (kJ/mol)
           Bond       G96Angle  Improper Dih.        LJ (SR)   Coulomb (SR)
    1.28103e+04    5.75462e+03    6.81072e+02   -5.80380e+05    0.00000e+00
      Potential    Kinetic En.   Total Energy  Conserved En.    Temperature
   -5.61134e+05    1.07068e+05   -4.54066e+05   -1.39789e+07    3.08300e+02
 Pressure (bar)   Constr. rmsd
    1.98262e+00    3.82337e-04

           Step           Time
        2095000    41900.00000

   Energies (kJ/mol)
           Bond       G96Angle  Improper Dih.        LJ (SR)   Coulomb (SR)
    1.25137e+04    5.79699e+03    6.27304e+02   -5.80940e+05    0.00000e+00
      Potential    Kinetic En.   Total Energy  Conserved En.    Temperature
   -5.62002e+05    1.06375e+05   -4.55627e+05   -1.40109e+07    3.06302e+02
 Pressure (bar)   Constr. rmsd
   -1.71776e+00    3.62276e-04

           Step           Time
        2100000    42000.00000

   Energies (kJ/mol)
           Bond       G96Angle  Improper Dih.        LJ (SR)   Coulomb (SR)
    1.22696e+04    5.76710e+03    6.23022e+02   -5.82497e+05    0.00000e+00
      Potential    Kinetic En.   Total Energy  Conserved En.    Temperature
   -5.63837e+05    1.05936e+05   -4.57901e+05   -1.40433e+07    3.05040e+02
 Pressure (bar)   Constr. rmsd
    3.20840e+01    3.85446e-04

           Step           Time
        2105000    42100.00000

   Energies (kJ/mol)
           Bond       G96Angle  Improper Dih.        LJ (SR)   Coulomb (SR)
    1.25071e+04    5.76076e+03    6.52676e+02   -5.82752e+05    0.00000e+00
      Potential    Kinetic En.   Total Energy  Conserved En.    Temperature
   -5.63832e+05    1.06169e+05   -4.57663e+05   -1.40751e+07    3.05710e+02
 Pressure (bar)   Constr. rmsd
   -4.13359e+00    3.67043e-04

           Step           Time
        2110000    42200.00000

   Energies (kJ/mol)
           Bond       G96Angle  Improper Dih.        LJ (SR)   Coulomb (SR)
    1.21766e+04    5.65166e+03    6.60817e+02   -5.82645e+05    0.00000e+00
      Potential    Kinetic En.   Total Energy  Conserved En.    Temperature
   -5.64156e+05    1.05623e+05   -4.58534e+05   -1.41072e+07    3.04137e+02
 Pressure (bar)   Constr. rmsd
    2.19261e+01    4.03187e-04

           Step           Time
        2115000    42300.00000

   Energies (kJ/mol)
           Bond       G96Angle  Improper Dih.        LJ (SR)   Coulomb (SR)
    1.25887e+04    5.90708e+03    6.73276e+02   -5.83559e+05    0.00000e+00
      Potential    Kinetic En.   Total Energy  Conserved En.    Temperature
   -5.64390e+05    1.06029e+05   -4.58361e+05   -1.41391e+07    3.05308e+02
 Pressure (bar)   Constr. rmsd
    1.52852e+01    3.86333e-04

           Step           Time
        2120000    42400.00000

   Energies (kJ/mol)
           Bond       G96Angle  Improper Dih.        LJ (SR)   Coulomb (SR)
    1.25069e+04    5.58371e+03    6.15062e+02   -5.79331e+05    0.00000e+00
      Potential    Kinetic En.   Total Energy  Conserved En.    Temperature
   -5.60625e+05    1.06319e+05   -4.54306e+05   -1.41712e+07    3.06141e+02
 Pressure (bar)   Constr. rmsd
   -2.50090e+01    3.85541e-04

           Step           Time
        2125000    42500.00000

   Energies (kJ/mol)
           Bond       G96Angle  Improper Dih.        LJ (SR)   Coulomb (SR)
    1.26446e+04    5.57449e+03    6.04150e+02   -5.82784e+05    0.00000e+00
      Potential    Kinetic En.   Total Energy  Conserved En.    Temperature
   -5.63961e+05    1.05424e+05   -4.58537e+05   -1.42031e+07    3.03564e+02
 Pressure (bar)   Constr. rmsd
    9.32391e+00    3.92352e-04

           Step           Time
        2130000    42600.00000

   Energies (kJ/mol)
           Bond       G96Angle  Improper Dih.        LJ (SR)   Coulomb (SR)
    1.22335e+04    5.62831e+03    6.58429e+02   -5.82188e+05    0.00000e+00
      Potential    Kinetic En.   Total Energy  Conserved En.    Temperature
   -5.63667e+05    1.05712e+05   -4.57955e+05   -1.42351e+07    3.04395e+02
 Pressure (bar)   Constr. rmsd
   -1.79004e+01    3.88015e-04

           Step           Time
        2135000    42700.00000

   Energies (kJ/mol)
           Bond       G96Angle  Improper Dih.        LJ (SR)   Coulomb (SR)
    1.26405e+04    5.67791e+03    7.22463e+02   -5.83122e+05    0.00000e+00
      Potential    Kinetic En.   Total Energy  Conserved En.    Temperature
   -5.64081e+05    1.04735e+05   -4.59346e+05   -1.42673e+07    3.01580e+02
 Pressure (bar)   Constr. rmsd
    6.32161e+00    3.92470e-04

           Step           Time
        2140000    42800.00000

   Energies (kJ/mol)
           Bond       G96Angle  Improper Dih.        LJ (SR)   Coulomb (SR)
    1.23623e+04    5.55770e+03    5.89782e+02   -5.82557e+05    0.00000e+00
      Potential    Kinetic En.   Total Energy  Conserved En.    Temperature
   -5.64047e+05    1.05331e+05   -4.58716e+05   -1.42995e+07    3.03298e+02
 Pressure (bar)   Constr. rmsd
    9.03127e+00    3.87925e-04

           Step           Time
        2145000    42900.00000

   Energies (kJ/mol)
           Bond       G96Angle  Improper Dih.        LJ (SR)   Coulomb (SR)
    1.22257e+04    5.99184e+03    6.89731e+02   -5.80739e+05    0.00000e+00
      Potential    Kinetic En.   Total Energy  Conserved En.    Temperature
   -5.61832e+05    1.05600e+05   -4.56231e+05   -1.43314e+07    3.04072e+02
 Pressure (bar)   Constr. rmsd
   -3.10123e+01    4.00067e-04

           Step           Time
        2150000    43000.00000

   Energies (kJ/mol)
           Bond       G96Angle  Improper Dih.        LJ (SR)   Coulomb (SR)
    1.25608e+04    5.55157e+03    6.96132e+02   -5.80392e+05    0.00000e+00
      Potential    Kinetic En.   Total Energy  Conserved En.    Temperature
   -5.61583e+05    1.05285e+05   -4.56299e+05   -1.43636e+07    3.03163e+02
 Pressure (bar)   Constr. rmsd
    1.65971e+00    3.65112e-04

           Step           Time
        2155000    43100.00000

   Energies (kJ/mol)
           Bond       G96Angle  Improper Dih.        LJ (SR)   Coulomb (SR)
    1.26689e+04    5.56927e+03    6.54602e+02   -5.82428e+05    0.00000e+00
      Potential    Kinetic En.   Total Energy  Conserved En.    Temperature
   -5.63535e+05    1.04916e+05   -4.58619e+05   -1.43956e+07    3.02103e+02
 Pressure (bar)   Constr. rmsd
   -1.58267e+01    3.80031e-04

           Step           Time
        2160000    43200.00000

   Energies (kJ/mol)
           Bond       G96Angle  Improper Dih.        LJ (SR)   Coulomb (SR)
    1.24169e+04    5.82674e+03    6.12390e+02   -5.81995e+05    0.00000e+00
      Potential    Kinetic En.   Total Energy  Conserved En.    Temperature
   -5.63139e+05    1.05420e+05   -4.57719e+05   -1.44277e+07    3.03552e+02
 Pressure (bar)   Constr. rmsd
   -3.64919e+00    3.81889e-04

           Step           Time
        2165000    43300.00000

   Energies (kJ/mol)
           Bond       G96Angle  Improper Dih.        LJ (SR)   Coulomb (SR)
    1.22041e+04    5.71127e+03    6.35177e+02   -5.81080e+05    0.00000e+00
      Potential    Kinetic En.   Total Energy  Conserved En.    Temperature
   -5.62530e+05    1.05135e+05   -4.57394e+05   -1.44598e+07    3.02734e+02
 Pressure (bar)   Constr. rmsd
   -1.94897e+01    3.64914e-04

           Step           Time
        2170000    43400.00000

   Energies (kJ/mol)
           Bond       G96Angle  Improper Dih.        LJ (SR)   Coulomb (SR)
    1.23171e+04    5.60881e+03    6.71939e+02   -5.82387e+05    0.00000e+00
      Potential    Kinetic En.   Total Energy  Conserved En.    Temperature
   -5.63790e+05    1.04708e+05   -4.59082e+05   -1.44919e+07    3.01502e+02
 Pressure (bar)   Constr. rmsd
    1.37803e+01    3.70680e-04

           Step           Time
        2175000    43500.00000

   Energies (kJ/mol)
           Bond       G96Angle  Improper Dih.        LJ (SR)   Coulomb (SR)
    1.23806e+04    5.56653e+03    6.53609e+02   -5.83419e+05    0.00000e+00
      Potential    Kinetic En.   Total Energy  Conserved En.    Temperature
   -5.64819e+05    1.05730e+05   -4.59088e+05   -1.45241e+07    3.04447e+02
 Pressure (bar)   Constr. rmsd
    5.63151e+01    4.12593e-04

           Step           Time
        2180000    43600.00000

   Energies (kJ/mol)
           Bond       G96Angle  Improper Dih.        LJ (SR)   Coulomb (SR)
    1.24013e+04    5.51735e+03    7.03984e+02   -5.81678e+05    0.00000e+00
      Potential    Kinetic En.   Total Energy  Conserved En.    Temperature
   -5.63055e+05    1.05453e+05   -4.57602e+05   -1.45563e+07    3.03649e+02
 Pressure (bar)   Constr. rmsd
    9.56102e+00    3.88210e-04

           Step           Time
        2185000    43700.00000

   Energies (kJ/mol)
           Bond       G96Angle  Improper Dih.        LJ (SR)   Coulomb (SR)
    1.23652e+04    5.79580e+03    6.55779e+02   -5.81201e+05    0.00000e+00
      Potential    Kinetic En.   Total Energy  Conserved En.    Temperature
   -5.62384e+05    1.06109e+05   -4.56275e+05   -1.45882e+07    3.05537e+02
 Pressure (bar)   Constr. rmsd
   -3.83605e+01    3.84921e-04

           Step           Time
        2190000    43800.00000

   Energies (kJ/mol)
           Bond       G96Angle  Improper Dih.        LJ (SR)   Coulomb (SR)
    1.29012e+04    5.81381e+03    6.02943e+02   -5.82832e+05    0.00000e+00
      Potential    Kinetic En.   Total Energy  Conserved En.    Temperature
   -5.63514e+05    1.04928e+05   -4.58585e+05   -1.46203e+07    3.02138e+02
 Pressure (bar)   Constr. rmsd
    1.84179e-01    3.71220e-04

           Step           Time
        2195000    43900.00000

   Energies (kJ/mol)
           Bond       G96Angle  Improper Dih.        LJ (SR)   Coulomb (SR)
    1.26166e+04    5.67017e+03    5.74741e+02   -5.83637e+05    0.00000e+00
      Potential    Kinetic En.   Total Energy  Conserved En.    Temperature
   -5.64775e+05    1.03818e+05   -4.60957e+05   -1.46524e+07    2.98941e+02
 Pressure (bar)   Constr. rmsd
    1.47821e+00    3.85692e-04

           Step           Time
        2200000    44000.00000

   Energies (kJ/mol)
           Bond       G96Angle  Improper Dih.        LJ (SR)   Coulomb (SR)
    1.24165e+04    5.36528e+03    6.28529e+02   -5.83552e+05    0.00000e+00
      Potential    Kinetic En.   Total Energy  Conserved En.    Temperature
   -5.65142e+05    1.05590e+05   -4.59551e+05   -1.46846e+07    3.04044e+02
 Pressure (bar)   Constr. rmsd
    5.45343e+00    3.87764e-04

           Step           Time
        2205000    44100.00000

   Energies (kJ/mol)
           Bond       G96Angle  Improper Dih.        LJ (SR)   Coulomb (SR)
    1.20453e+04    5.58308e+03    6.29672e+02   -5.82028e+05    0.00000e+00
      Potential    Kinetic En.   Total Energy  Conserved En.    Temperature
   -5.63770e+05    1.05099e+05   -4.58672e+05   -1.47166e+07    3.02628e+02
 Pressure (bar)   Constr. rmsd
   -2.19669e+01    4.02631e-04

           Step           Time
        2210000    44200.00000

   Energies (kJ/mol)
           Bond       G96Angle  Improper Dih.        LJ (SR)   Coulomb (SR)
    1.22995e+04    5.45353e+03    6.00051e+02   -5.82380e+05    0.00000e+00
      Potential    Kinetic En.   Total Energy  Conserved En.    Temperature
   -5.64027e+05    1.04873e+05   -4.59155e+05   -1.47489e+07    3.01977e+02
 Pressure (bar)   Constr. rmsd
   -1.05915e+01    3.89848e-04

           Step           Time
        2215000    44300.00000

   Energies (kJ/mol)
           Bond       G96Angle  Improper Dih.        LJ (SR)   Coulomb (SR)
    1.25147e+04    5.38094e+03    6.55085e+02   -5.82377e+05    0.00000e+00
      Potential    Kinetic En.   Total Energy  Conserved En.    Temperature
   -5.63827e+05    1.05553e+05   -4.58273e+05   -1.47811e+07    3.03937e+02
 Pressure (bar)   Constr. rmsd
    7.39625e+00    3.74315e-04

           Step           Time
        2220000    44400.00000

   Energies (kJ/mol)
           Bond       G96Angle  Improper Dih.        LJ (SR)   Coulomb (SR)
    1.24845e+04    5.82315e+03    6.36599e+02   -5.81372e+05    0.00000e+00
      Potential    Kinetic En.   Total Energy  Conserved En.    Temperature
   -5.62428e+05    1.06342e+05   -4.56086e+05   -1.48135e+07    3.06207e+02
 Pressure (bar)   Constr. rmsd
   -8.46455e+00    3.73323e-04

           Step           Time
        2225000    44500.00000

   Energies (kJ/mol)
           Bond       G96Angle  Improper Dih.        LJ (SR)   Coulomb (SR)
    1.25169e+04    5.69938e+03    6.23404e+02   -5.82205e+05    0.00000e+00
      Potential    Kinetic En.   Total Energy  Conserved En.    Temperature
   -5.63365e+05    1.06826e+05   -4.56539e+05   -1.48458e+07    3.07603e+02
 Pressure (bar)   Constr. rmsd
   -8.29290e-02    4.01060e-04

           Step           Time
        2230000    44600.00000

   Energies (kJ/mol)
           Bond       G96Angle  Improper Dih.        LJ (SR)   Coulomb (SR)
    1.26951e+04    5.57328e+03    6.35339e+02   -5.82437e+05    0.00000e+00
      Potential    Kinetic En.   Total Energy  Conserved En.    Temperature
   -5.63534e+05    1.05099e+05   -4.58434e+05   -1.48780e+07    3.02630e+02
 Pressure (bar)   Constr. rmsd
    2.19658e+01    3.71542e-04

           Step           Time
        2235000    44700.00000

   Energies (kJ/mol)
           Bond       G96Angle  Improper Dih.        LJ (SR)   Coulomb (SR)
    1.27567e+04    5.55227e+03    6.96670e+02   -5.83280e+05    0.00000e+00
      Potential    Kinetic En.   Total Energy  Conserved En.    Temperature
   -5.64274e+05    1.05368e+05   -4.58907e+05   -1.49100e+07    3.03403e+02
 Pressure (bar)   Constr. rmsd
   -8.31629e-01    3.84636e-04

           Step           Time
        2240000    44800.00000

   Energies (kJ/mol)
           Bond       G96Angle  Improper Dih.        LJ (SR)   Coulomb (SR)
    1.26663e+04    5.70709e+03    6.63097e+02   -5.81283e+05    0.00000e+00
      Potential    Kinetic En.   Total Energy  Conserved En.    Temperature
   -5.62246e+05    1.05090e+05   -4.57156e+05   -1.49421e+07    3.02603e+02
 Pressure (bar)   Constr. rmsd
   -1.30641e+01    3.88693e-04

           Step           Time
        2245000    44900.00000

   Energies (kJ/mol)
           Bond       G96Angle  Improper Dih.        LJ (SR)   Coulomb (SR)
    1.22895e+04    5.84270e+03    6.36390e+02   -5.80356e+05    0.00000e+00
      Potential    Kinetic En.   Total Energy  Conserved En.    Temperature
   -5.61587e+05    1.05697e+05   -4.55890e+05   -1.49741e+07    3.04350e+02
 Pressure (bar)   Constr. rmsd
   -3.32809e+01    3.86136e-04

           Step           Time
        2250000    45000.00000

   Energies (kJ/mol)
           Bond       G96Angle  Improper Dih.        LJ (SR)   Coulomb (SR)
    1.23894e+04    5.80137e+03    5.91697e+02   -5.81342e+05    0.00000e+00
      Potential    Kinetic En.   Total Energy  Conserved En.    Temperature
   -5.62560e+05    1.04654e+05   -4.57906e+05   -1.50062e+07    3.01348e+02
 Pressure (bar)   Constr. rmsd
   -4.09063e+01    3.87821e-04

           Step           Time
        2255000    45100.00000

   Energies (kJ/mol)
           Bond       G96Angle  Improper Dih.        LJ (SR)   Coulomb (SR)
    1.23864e+04    5.75732e+03    6.59666e+02   -5.82452e+05    0.00000e+00
      Potential    Kinetic En.   Total Energy  Conserved En.    Temperature
   -5.63649e+05    1.05299e+05   -4.58350e+05   -1.50381e+07    3.03205e+02
 Pressure (bar)   Constr. rmsd
   -2.14161e+01    3.59270e-04

           Step           Time
        2260000    45200.00000

   Energies (kJ/mol)
           Bond       G96Angle  Improper Dih.        LJ (SR)   Coulomb (SR)
    1.24617e+04    5.63699e+03    6.41691e+02   -5.82208e+05    0.00000e+00
      Potential    Kinetic En.   Total Energy  Conserved En.    Temperature
   -5.63468e+05    1.05662e+05   -4.57806e+05   -1.50701e+07    3.04250e+02
 Pressure (bar)   Constr. rmsd
   -3.11036e+00    3.75649e-04

           Step           Time
        2265000    45300.00000

   Energies (kJ/mol)
           Bond       G96Angle  Improper Dih.        LJ (SR)   Coulomb (SR)
    1.23187e+04    5.54340e+03    6.04944e+02   -5.83198e+05    0.00000e+00
      Potential    Kinetic En.   Total Energy  Conserved En.    Temperature
   -5.64731e+05    1.05822e+05   -4.58910e+05   -1.51023e+07    3.04709e+02
 Pressure (bar)   Constr. rmsd
    1.79142e+01    3.86548e-04

           Step           Time
        2270000    45400.00000

   Energies (kJ/mol)
           Bond       G96Angle  Improper Dih.        LJ (SR)   Coulomb (SR)
    1.25503e+04    5.54690e+03    6.83952e+02   -5.83169e+05    0.00000e+00
      Potential    Kinetic En.   Total Energy  Conserved En.    Temperature
   -5.64388e+05    1.04519e+05   -4.59869e+05   -1.51345e+07    3.00959e+02
 Pressure (bar)   Constr. rmsd
    2.93074e+01    3.99261e-04

           Step           Time
        2275000    45500.00000

   Energies (kJ/mol)
           Bond       G96Angle  Improper Dih.        LJ (SR)   Coulomb (SR)
    1.22900e+04    5.79642e+03    6.84253e+02   -5.81026e+05    0.00000e+00
      Potential    Kinetic En.   Total Energy  Conserved En.    Temperature
   -5.62255e+05    1.05746e+05   -4.56509e+05   -1.51666e+07    3.04491e+02
 Pressure (bar)   Constr. rmsd
   -2.03527e+01    3.72376e-04

           Step           Time
        2280000    45600.00000

   Energies (kJ/mol)
           Bond       G96Angle  Improper Dih.        LJ (SR)   Coulomb (SR)
    1.21689e+04    5.84052e+03    6.28018e+02   -5.81465e+05    0.00000e+00
      Potential    Kinetic En.   Total Energy  Conserved En.    Temperature
   -5.62828e+05    1.06533e+05   -4.56295e+05   -1.51985e+07    3.06757e+02
 Pressure (bar)   Constr. rmsd
    5.08898e+01    3.89678e-04

           Step           Time
        2285000    45700.00000

   Energies (kJ/mol)
           Bond       G96Angle  Improper Dih.        LJ (SR)   Coulomb (SR)
    1.23091e+04    5.67106e+03    6.72277e+02   -5.81536e+05    0.00000e+00
      Potential    Kinetic En.   Total Energy  Conserved En.    Temperature
   -5.62883e+05    1.04355e+05   -4.58528e+05   -1.52306e+07    3.00487e+02
 Pressure (bar)   Constr. rmsd
   -1.06711e+01    3.95231e-04

           Step           Time
        2290000    45800.00000

   Energies (kJ/mol)
           Bond       G96Angle  Improper Dih.        LJ (SR)   Coulomb (SR)
    1.24701e+04    5.89158e+03    5.98393e+02   -5.82161e+05    0.00000e+00
      Potential    Kinetic En.   Total Energy  Conserved En.    Temperature
   -5.63201e+05    1.05367e+05   -4.57834e+05   -1.52627e+07    3.03400e+02
 Pressure (bar)   Constr. rmsd
   -8.07622e+00    3.78557e-04

           Step           Time
        2295000    45900.00000

   Energies (kJ/mol)
           Bond       G96Angle  Improper Dih.        LJ (SR)   Coulomb (SR)
    1.25885e+04    5.75738e+03    5.51374e+02   -5.82474e+05    0.00000e+00
      Potential    Kinetic En.   Total Energy  Conserved En.    Temperature
   -5.63577e+05    1.06573e+05   -4.57004e+05   -1.52947e+07    3.06872e+02
 Pressure (bar)   Constr. rmsd
    4.45881e+00    3.74642e-04

           Step           Time
        2300000    46000.00000

   Energies (kJ/mol)
           Bond       G96Angle  Improper Dih.        LJ (SR)   Coulomb (SR)
    1.23917e+04    5.81310e+03    5.60042e+02   -5.84117e+05    0.00000e+00
      Potential    Kinetic En.   Total Energy  Conserved En.    Temperature
   -5.65352e+05    1.05141e+05   -4.60211e+05   -1.53268e+07    3.02749e+02
 Pressure (bar)   Constr. rmsd
   -6.65412e+00    3.93058e-04

           Step           Time
        2305000    46100.00000

   Energies (kJ/mol)
           Bond       G96Angle  Improper Dih.        LJ (SR)   Coulomb (SR)
    1.21852e+04    5.66783e+03    6.76342e+02   -5.83278e+05    0.00000e+00
      Potential    Kinetic En.   Total Energy  Conserved En.    Temperature
   -5.64748e+05    1.04444e+05   -4.60304e+05   -1.53587e+07    3.00744e+02
 Pressure (bar)   Constr. rmsd
    2.49338e-01    3.68228e-04

           Step           Time
        2310000    46200.00000

   Energies (kJ/mol)
           Bond       G96Angle  Improper Dih.        LJ (SR)   Coulomb (SR)
    1.25369e+04    5.80754e+03    6.43706e+02   -5.82679e+05    0.00000e+00
      Potential    Kinetic En.   Total Energy  Conserved En.    Temperature
   -5.63691e+05    1.05842e+05   -4.57849e+05   -1.53907e+07    3.04768e+02
 Pressure (bar)   Constr. rmsd
    1.59728e+01    3.97922e-04

           Step           Time
        2315000    46300.00000

   Energies (kJ/mol)
           Bond       G96Angle  Improper Dih.        LJ (SR)   Coulomb (SR)
    1.17879e+04    5.77942e+03    6.49568e+02   -5.81738e+05    0.00000e+00
      Potential    Kinetic En.   Total Energy  Conserved En.    Temperature
   -5.63521e+05    1.05613e+05   -4.57908e+05   -1.54228e+07    3.04110e+02
 Pressure (bar)   Constr. rmsd
   -1.85026e+01    4.00875e-04

           Step           Time
        2320000    46400.00000

   Energies (kJ/mol)
           Bond       G96Angle  Improper Dih.        LJ (SR)   Coulomb (SR)
    1.24213e+04    5.52423e+03    6.62881e+02   -5.80971e+05    0.00000e+00
      Potential    Kinetic En.   Total Energy  Conserved En.    Temperature
   -5.62362e+05    1.04737e+05   -4.57626e+05   -1.54551e+07    3.01585e+02
 Pressure (bar)   Constr. rmsd
    8.66932e+00    3.87040e-04

           Step           Time
        2325000    46500.00000

   Energies (kJ/mol)
           Bond       G96Angle  Improper Dih.        LJ (SR)   Coulomb (SR)
    1.23909e+04    5.67251e+03    6.77171e+02   -5.83037e+05    0.00000e+00
      Potential    Kinetic En.   Total Energy  Conserved En.    Temperature
   -5.64296e+05    1.05796e+05   -4.58500e+05   -1.54873e+07    3.04636e+02
 Pressure (bar)   Constr. rmsd
    1.22641e+01    3.91121e-04

           Step           Time
        2330000    46600.00000

   Energies (kJ/mol)
           Bond       G96Angle  Improper Dih.        LJ (SR)   Coulomb (SR)
    1.21154e+04    5.90451e+03    6.96104e+02   -5.81921e+05    0.00000e+00
      Potential    Kinetic En.   Total Energy  Conserved En.    Temperature
   -5.63205e+05    1.04728e+05   -4.58477e+05   -1.55193e+07    3.01562e+02
 Pressure (bar)   Constr. rmsd
   -9.29416e+00    3.55181e-04

           Step           Time
        2335000    46700.00000

   Energies (kJ/mol)
           Bond       G96Angle  Improper Dih.        LJ (SR)   Coulomb (SR)
    1.27817e+04    5.66234e+03    6.02281e+02   -5.81344e+05    0.00000e+00
      Potential    Kinetic En.   Total Energy  Conserved En.    Temperature
   -5.62297e+05    1.07435e+05   -4.54863e+05   -1.55513e+07    3.09354e+02
 Pressure (bar)   Constr. rmsd
    4.07311e+01    3.82961e-04

           Step           Time
        2340000    46800.00000

   Energies (kJ/mol)
           Bond       G96Angle  Improper Dih.        LJ (SR)   Coulomb (SR)
    1.22419e+04    5.74419e+03    6.21841e+02   -5.82640e+05    0.00000e+00
      Potential    Kinetic En.   Total Energy  Conserved En.    Temperature
   -5.64032e+05    1.06235e+05   -4.57797e+05   -1.55837e+07    3.05900e+02
 Pressure (bar)   Constr. rmsd
    4.57516e+00    3.87763e-04

           Step           Time
        2345000    46900.00000

   Energies (kJ/mol)
           Bond       G96Angle  Improper Dih.        LJ (SR)   Coulomb (SR)
    1.22246e+04    5.78058e+03    6.60840e+02   -5.82226e+05    0.00000e+00
      Potential    Kinetic En.   Total Energy  Conserved En.    Temperature
   -5.63560e+05    1.05840e+05   -4.57720e+05   -1.56156e+07    3.04764e+02
 Pressure (bar)   Constr. rmsd
   -2.06395e+01    3.80893e-04

           Step           Time
        2350000    47000.00000

   Energies (kJ/mol)
           Bond       G96Angle  Improper Dih.        LJ (SR)   Coulomb (SR)
    1.28349e+04    5.58158e+03    6.16453e+02   -5.81913e+05    0.00000e+00
      Potential    Kinetic En.   Total Energy  Conserved En.    Temperature
   -5.62880e+05    1.05655e+05   -4.57225e+05   -1.56477e+07    3.04230e+02
 Pressure (bar)   Constr. rmsd
    8.86770e+00    3.92998e-04

           Step           Time
        2355000    47100.00000

   Energies (kJ/mol)
           Bond       G96Angle  Improper Dih.        LJ (SR)   Coulomb (SR)
    1.24812e+04    5.69455e+03    6.35661e+02   -5.80840e+05    0.00000e+00
      Potential    Kinetic En.   Total Energy  Conserved En.    Temperature
   -5.62029e+05    1.06251e+05   -4.55777e+05   -1.56797e+07    3.05947e+02
 Pressure (bar)   Constr. rmsd
   -2.56181e+01    3.97039e-04

           Step           Time
        2360000    47200.00000

   Energies (kJ/mol)
           Bond       G96Angle  Improper Dih.        LJ (SR)   Coulomb (SR)
    1.22599e+04    5.75319e+03    6.58596e+02   -5.82173e+05    0.00000e+00
      Potential    Kinetic En.   Total Energy  Conserved En.    Temperature
   -5.63501e+05    1.05059e+05   -4.58442e+05   -1.57119e+07    3.02514e+02
 Pressure (bar)   Constr. rmsd
   -4.60049e+00    3.61187e-04

           Step           Time
        2365000    47300.00000

   Energies (kJ/mol)
           Bond       G96Angle  Improper Dih.        LJ (SR)   Coulomb (SR)
    1.26714e+04    5.77647e+03    5.72179e+02   -5.82904e+05    0.00000e+00
      Potential    Kinetic En.   Total Energy  Conserved En.    Temperature
   -5.63884e+05    1.05860e+05   -4.58024e+05   -1.57440e+07    3.04821e+02
 Pressure (bar)   Constr. rmsd
    3.77949e+01    3.87741e-04

           Step           Time
        2370000    47400.00000

   Energies (kJ/mol)
           Bond       G96Angle  Improper Dih.        LJ (SR)   Coulomb (SR)
    1.23958e+04    5.52120e+03    5.94269e+02   -5.82665e+05    0.00000e+00
      Potential    Kinetic En.   Total Energy  Conserved En.    Temperature
   -5.64154e+05    1.05056e+05   -4.59098e+05   -1.57760e+07    3.02505e+02
 Pressure (bar)   Constr. rmsd
   -1.54581e+01    3.68087e-04

           Step           Time
        2375000    47500.00000

   Energies (kJ/mol)
           Bond       G96Angle  Improper Dih.        LJ (SR)   Coulomb (SR)
    1.22194e+04    5.71123e+03    6.17442e+02   -5.80972e+05    0.00000e+00
      Potential    Kinetic En.   Total Energy  Conserved En.    Temperature
   -5.62424e+05    1.06239e+05   -4.56185e+05   -1.58083e+07    3.05911e+02
 Pressure (bar)   Constr. rmsd
   -2.62098e+01    3.77857e-04

           Step           Time
        2380000    47600.00000

   Energies (kJ/mol)
           Bond       G96Angle  Improper Dih.        LJ (SR)   Coulomb (SR)
    1.24411e+04    5.74727e+03    6.08750e+02   -5.82671e+05    0.00000e+00
      Potential    Kinetic En.   Total Energy  Conserved En.    Temperature
   -5.63874e+05    1.05802e+05   -4.58072e+05   -1.58404e+07    3.04652e+02
 Pressure (bar)   Constr. rmsd
    5.18671e+01    4.12531e-04

           Step           Time
        2385000    47700.00000

   Energies (kJ/mol)
           Bond       G96Angle  Improper Dih.        LJ (SR)   Coulomb (SR)
    1.23743e+04    5.64182e+03    6.31230e+02   -5.83567e+05    0.00000e+00
      Potential    Kinetic En.   Total Energy  Conserved En.    Temperature
   -5.64920e+05    1.06325e+05   -4.58595e+05   -1.58726e+07    3.06158e+02
 Pressure (bar)   Constr. rmsd
    1.14960e+01    4.05029e-04

           Step           Time
        2390000    47800.00000

   Energies (kJ/mol)
           Bond       G96Angle  Improper Dih.        LJ (SR)   Coulomb (SR)
    1.24069e+04    5.70199e+03    6.43049e+02   -5.81142e+05    0.00000e+00
      Potential    Kinetic En.   Total Energy  Conserved En.    Temperature
   -5.62390e+05    1.06148e+05   -4.56243e+05   -1.59046e+07    3.05649e+02
 Pressure (bar)   Constr. rmsd
    2.52744e+00    3.83353e-04

           Step           Time
        2395000    47900.00000

   Energies (kJ/mol)
           Bond       G96Angle  Improper Dih.        LJ (SR)   Coulomb (SR)
    1.26389e+04    5.81174e+03    5.77218e+02   -5.82286e+05    0.00000e+00
      Potential    Kinetic En.   Total Energy  Conserved En.    Temperature
   -5.63258e+05    1.04318e+05   -4.58941e+05   -1.59370e+07    3.00379e+02
 Pressure (bar)   Constr. rmsd
   -4.95448e+00    3.76473e-04

           Step           Time
        2400000    48000.00000

   Energies (kJ/mol)
           Bond       G96Angle  Improper Dih.        LJ (SR)   Coulomb (SR)
    1.23419e+04    5.49193e+03    6.09540e+02   -5.82655e+05    0.00000e+00
      Potential    Kinetic En.   Total Energy  Conserved En.    Temperature
   -5.64212e+05    1.05720e+05   -4.58493e+05   -1.59692e+07    3.04416e+02
 Pressure (bar)   Constr. rmsd
   -3.41222e+01    3.76239e-04

           Step           Time
        2405000    48100.00000

   Energies (kJ/mol)
           Bond       G96Angle  Improper Dih.        LJ (SR)   Coulomb (SR)
    1.24647e+04    5.81687e+03    6.75722e+02   -5.82584e+05    0.00000e+00
      Potential    Kinetic En.   Total Energy  Conserved En.    Temperature
   -5.63627e+05    1.07213e+05   -4.56413e+05   -1.60013e+07    3.08717e+02
 Pressure (bar)   Constr. rmsd
    1.07951e+01    3.81601e-04

           Step           Time
        2410000    48200.00000

   Energies (kJ/mol)
           Bond       G96Angle  Improper Dih.        LJ (SR)   Coulomb (SR)
    1.25705e+04    5.59307e+03    6.87672e+02   -5.83471e+05    0.00000e+00
      Potential    Kinetic En.   Total Energy  Conserved En.    Temperature
   -5.64620e+05    1.04776e+05   -4.59844e+05   -1.60335e+07    3.01698e+02
 Pressure (bar)   Constr. rmsd
    8.57223e+00    4.01383e-04

           Step           Time
        2415000    48300.00000

   Energies (kJ/mol)
           Bond       G96Angle  Improper Dih.        LJ (SR)   Coulomb (SR)
    1.25180e+04    5.52710e+03    5.65933e+02   -5.83172e+05    0.00000e+00
      Potential    Kinetic En.   Total Energy  Conserved En.    Temperature
   -5.64561e+05    1.05908e+05   -4.58654e+05   -1.60657e+07    3.04957e+02
 Pressure (bar)   Constr. rmsd
    1.97860e+01    3.80054e-04

           Step           Time
        2420000    48400.00000

   Energies (kJ/mol)
           Bond       G96Angle  Improper Dih.        LJ (SR)   Coulomb (SR)
    1.21641e+04    5.69113e+03    6.19575e+02   -5.82188e+05    0.00000e+00
      Potential    Kinetic En.   Total Energy  Conserved En.    Temperature
   -5.63714e+05    1.05397e+05   -4.58316e+05   -1.60979e+07    3.03488e+02
 Pressure (bar)   Constr. rmsd
   -1.50906e+00    3.91601e-04

           Step           Time
        2425000    48500.00000

   Energies (kJ/mol)
           Bond       G96Angle  Improper Dih.        LJ (SR)   Coulomb (SR)
    1.25054e+04    5.57050e+03    6.10907e+02   -5.81920e+05    0.00000e+00
      Potential    Kinetic En.   Total Energy  Conserved En.    Temperature
   -5.63234e+05    1.05588e+05   -4.57645e+05   -1.61299e+07    3.04038e+02
 Pressure (bar)   Constr. rmsd
   -4.49585e+01    3.86149e-04

           Step           Time
        2430000    48600.00000

   Energies (kJ/mol)
           Bond       G96Angle  Improper Dih.        LJ (SR)   Coulomb (SR)
    1.24191e+04    5.78694e+03    5.92149e+02   -5.83124e+05    0.00000e+00
      Potential    Kinetic En.   Total Energy  Conserved En.    Temperature
   -5.64326e+05    1.05592e+05   -4.58735e+05   -1.61619e+07    3.04047e+02
 Pressure (bar)   Constr. rmsd
    8.83066e+00    3.92623e-04

           Step           Time
        2435000    48700.00000

   Energies (kJ/mol)
           Bond       G96Angle  Improper Dih.        LJ (SR)   Coulomb (SR)
    1.22638e+04    5.95358e+03    6.34201e+02   -5.80618e+05    0.00000e+00
      Potential    Kinetic En.   Total Energy  Conserved En.    Temperature
   -5.61766e+05    1.05530e+05   -4.56236e+05   -1.61938e+07    3.03871e+02
 Pressure (bar)   Constr. rmsd
    1.00838e+01    3.85183e-04

           Step           Time
        2440000    48800.00000

   Energies (kJ/mol)
           Bond       G96Angle  Improper Dih.        LJ (SR)   Coulomb (SR)
    1.21811e+04    5.69731e+03    5.61129e+02   -5.82622e+05    0.00000e+00
      Potential    Kinetic En.   Total Energy  Conserved En.    Temperature
   -5.64182e+05    1.04931e+05   -4.59251e+05   -1.62260e+07    3.02145e+02
 Pressure (bar)   Constr. rmsd
   -9.11144e+00    3.79510e-04

           Step           Time
        2445000    48900.00000

   Energies (kJ/mol)
           Bond       G96Angle  Improper Dih.        LJ (SR)   Coulomb (SR)
    1.22973e+04    5.69346e+03    5.78888e+02   -5.80551e+05    0.00000e+00
      Potential    Kinetic En.   Total Energy  Conserved En.    Temperature
   -5.61982e+05    1.06399e+05   -4.55583e+05   -1.62581e+07    3.06371e+02
 Pressure (bar)   Constr. rmsd
    1.79599e+01    3.89335e-04

           Step           Time
        2450000    49000.00000

   Energies (kJ/mol)
           Bond       G96Angle  Improper Dih.        LJ (SR)   Coulomb (SR)
    1.25314e+04    5.66044e+03    6.42714e+02   -5.82377e+05    0.00000e+00
      Potential    Kinetic En.   Total Energy  Conserved En.    Temperature
   -5.63542e+05    1.05587e+05   -4.57955e+05   -1.62902e+07    3.04033e+02
 Pressure (bar)   Constr. rmsd
    1.20449e+01    3.85098e-04

           Step           Time
        2455000    49100.00000

   Energies (kJ/mol)
           Bond       G96Angle  Improper Dih.        LJ (SR)   Coulomb (SR)
    1.26379e+04    5.78478e+03    6.45677e+02   -5.82204e+05    0.00000e+00
      Potential    Kinetic En.   Total Energy  Conserved En.    Temperature
   -5.63136e+05    1.05862e+05   -4.57274e+05   -1.63220e+07    3.04826e+02
 Pressure (bar)   Constr. rmsd
    7.23763e+00    3.67689e-04

           Step           Time
        2460000    49200.00000

   Energies (kJ/mol)
           Bond       G96Angle  Improper Dih.        LJ (SR)   Coulomb (SR)
    1.20791e+04    5.69454e+03    6.25838e+02   -5.81164e+05    0.00000e+00
      Potential    Kinetic En.   Total Energy  Conserved En.    Temperature
   -5.62765e+05    1.03628e+05   -4.59136e+05   -1.63542e+07    2.98394e+02
 Pressure (bar)   Constr. rmsd
   -1.19724e+01    3.78396e-04

           Step           Time
        2465000    49300.00000

   Energies (kJ/mol)
           Bond       G96Angle  Improper Dih.        LJ (SR)   Coulomb (SR)
    1.26790e+04    5.81076e+03    6.87942e+02   -5.83294e+05    0.00000e+00
      Potential    Kinetic En.   Total Energy  Conserved En.    Temperature
   -5.64116e+05    1.05812e+05   -4.58304e+05   -1.63860e+07    3.04681e+02
 Pressure (bar)   Constr. rmsd
    6.10342e+00    3.81792e-04

           Step           Time
        2470000    49400.00000

   Energies (kJ/mol)
           Bond       G96Angle  Improper Dih.        LJ (SR)   Coulomb (SR)
    1.25658e+04    5.52163e+03    5.95800e+02   -5.82320e+05    0.00000e+00
      Potential    Kinetic En.   Total Energy  Conserved En.    Temperature
   -5.63637e+05    1.06154e+05   -4.57483e+05   -1.64181e+07    3.05666e+02
 Pressure (bar)   Constr. rmsd
   -9.25441e+00    3.85340e-04

           Step           Time
        2475000    49500.00000

   Energies (kJ/mol)
           Bond       G96Angle  Improper Dih.        LJ (SR)   Coulomb (SR)
    1.22802e+04    5.61273e+03    6.36510e+02   -5.83797e+05    0.00000e+00
      Potential    Kinetic En.   Total Energy  Conserved En.    Temperature
   -5.65268e+05    1.05427e+05   -4.59841e+05   -1.64500e+07    3.03573e+02
 Pressure (bar)   Constr. rmsd
    2.24286e+00    3.93971e-04

           Step           Time
        2480000    49600.00000

   Energies (kJ/mol)
           Bond       G96Angle  Improper Dih.        LJ (SR)   Coulomb (SR)
    1.24442e+04    5.82699e+03    6.74375e+02   -5.83239e+05    0.00000e+00
      Potential    Kinetic En.   Total Energy  Conserved En.    Temperature
   -5.64294e+05    1.05828e+05   -4.58466e+05   -1.64821e+07    3.04727e+02
 Pressure (bar)   Constr. rmsd
   -2.01570e+01    3.71228e-04

           Step           Time
        2485000    49700.00000

   Energies (kJ/mol)
           Bond       G96Angle  Improper Dih.        LJ (SR)   Coulomb (SR)
    1.24429e+04    5.42122e+03    6.71785e+02   -5.83075e+05    0.00000e+00
      Potential    Kinetic En.   Total Energy  Conserved En.    Temperature
   -5.64539e+05    1.04672e+05   -4.59867e+05   -1.65142e+07    3.01398e+02
 Pressure (bar)   Constr. rmsd
   -1.13008e+01    3.68032e-04

           Step           Time
        2490000    49800.00000

   Energies (kJ/mol)
           Bond       G96Angle  Improper Dih.        LJ (SR)   Coulomb (SR)
    1.24444e+04    5.63839e+03    6.76691e+02   -5.83245e+05    0.00000e+00
      Potential    Kinetic En.   Total Energy  Conserved En.    Temperature
   -5.64485e+05    1.04757e+05   -4.59728e+05   -1.65461e+07    3.01644e+02
 Pressure (bar)   Constr. rmsd
    3.76210e+01    3.85527e-04

           Step           Time
        2495000    49900.00000

   Energies (kJ/mol)
           Bond       G96Angle  Improper Dih.        LJ (SR)   Coulomb (SR)
    1.24663e+04    5.55995e+03    6.33354e+02   -5.84119e+05    0.00000e+00
      Potential    Kinetic En.   Total Energy  Conserved En.    Temperature
   -5.65459e+05    1.04626e+05   -4.60833e+05   -1.65782e+07    3.01267e+02
 Pressure (bar)   Constr. rmsd
   -1.05038e+01    3.71880e-04

           Step           Time
        2500000    50000.00000

   Energies (kJ/mol)
           Bond       G96Angle  Improper Dih.        LJ (SR)   Coulomb (SR)
    1.25608e+04    5.75049e+03    6.31408e+02   -5.82012e+05    0.00000e+00
      Potential    Kinetic En.   Total Energy  Conserved En.    Temperature
   -5.63069e+05    1.05363e+05   -4.57706e+05   -1.66101e+07    3.03389e+02
 Pressure (bar)   Constr. rmsd
   -2.48684e+01    3.66331e-04

           Step           Time
        2505000    50100.00000

   Energies (kJ/mol)
           Bond       G96Angle  Improper Dih.        LJ (SR)   Coulomb (SR)
    1.24452e+04    5.84948e+03    6.77344e+02   -5.82273e+05    0.00000e+00
      Potential    Kinetic En.   Total Energy  Conserved En.    Temperature
   -5.63301e+05    1.05021e+05   -4.58280e+05   -1.66420e+07    3.02405e+02
 Pressure (bar)   Constr. rmsd
   -4.25866e+01    3.77328e-04

           Step           Time
        2510000    50200.00000

   Energies (kJ/mol)
           Bond       G96Angle  Improper Dih.        LJ (SR)   Coulomb (SR)
    1.27962e+04    5.85950e+03    5.94245e+02   -5.83331e+05    0.00000e+00
      Potential    Kinetic En.   Total Energy  Conserved En.    Temperature
   -5.64081e+05    1.05233e+05   -4.58848e+05   -1.66740e+07    3.03015e+02
 Pressure (bar)   Constr. rmsd
   -8.24616e+00    3.93898e-04

           Step           Time
        2515000    50300.00000

   Energies (kJ/mol)
           Bond       G96Angle  Improper Dih.        LJ (SR)   Coulomb (SR)
    1.19791e+04    5.64078e+03    5.71836e+02   -5.81626e+05    0.00000e+00
      Potential    Kinetic En.   Total Energy  Conserved En.    Temperature
   -5.63434e+05    1.04891e+05   -4.58543e+05   -1.67063e+07    3.02031e+02
 Pressure (bar)   Constr. rmsd
   -2.73670e+01    3.69514e-04

           Step           Time
        2520000    50400.00000

   Energies (kJ/mol)
           Bond       G96Angle  Improper Dih.        LJ (SR)   Coulomb (SR)
    1.20878e+04    5.73329e+03    6.09849e+02   -5.81545e+05    0.00000e+00
      Potential    Kinetic En.   Total Energy  Conserved En.    Temperature
   -5.63114e+05    1.04878e+05   -4.58236e+05   -1.67381e+07    3.01993e+02
 Pressure (bar)   Constr. rmsd
   -1.93648e+00    3.65617e-04

           Step           Time
        2525000    50500.00000

   Energies (kJ/mol)
           Bond       G96Angle  Improper Dih.        LJ (SR)   Coulomb (SR)
    1.21402e+04    5.78270e+03    6.84923e+02   -5.82260e+05    0.00000e+00
      Potential    Kinetic En.   Total Energy  Conserved En.    Temperature
   -5.63652e+05    1.05416e+05   -4.58236e+05   -1.67698e+07    3.03540e+02
 Pressure (bar)   Constr. rmsd
    1.35747e+01    3.98599e-04

           Step           Time
        2530000    50600.00000

   Energies (kJ/mol)
           Bond       G96Angle  Improper Dih.        LJ (SR)   Coulomb (SR)
    1.23432e+04    5.64671e+03    6.50111e+02   -5.82448e+05    0.00000e+00
      Potential    Kinetic En.   Total Energy  Conserved En.    Temperature
   -5.63808e+05    1.06117e+05   -4.57691e+05   -1.68019e+07    3.05560e+02
 Pressure (bar)   Constr. rmsd
   -9.13190e+00    3.77551e-04

           Step           Time
        2535000    50700.00000

   Energies (kJ/mol)
           Bond       G96Angle  Improper Dih.        LJ (SR)   Coulomb (SR)
    1.24308e+04    5.59000e+03    5.82743e+02   -5.81939e+05    0.00000e+00
      Potential    Kinetic En.   Total Energy  Conserved En.    Temperature
   -5.63335e+05    1.06349e+05   -4.56987e+05   -1.68340e+07    3.06228e+02
 Pressure (bar)   Constr. rmsd
   -2.62329e-01    3.87912e-04

           Step           Time
        2540000    50800.00000

   Energies (kJ/mol)
           Bond       G96Angle  Improper Dih.        LJ (SR)   Coulomb (SR)
    1.20951e+04    5.79734e+03    6.66340e+02   -5.81489e+05    0.00000e+00
      Potential    Kinetic En.   Total Energy  Conserved En.    Temperature
   -5.62930e+05    1.04398e+05   -4.58532e+05   -1.68661e+07    3.00611e+02
 Pressure (bar)   Constr. rmsd
    1.59123e+01    4.06511e-04

           Step           Time
        2545000    50900.00000

   Energies (kJ/mol)
           Bond       G96Angle  Improper Dih.        LJ (SR)   Coulomb (SR)
    1.24073e+04    5.73639e+03    7.19531e+02   -5.82245e+05    0.00000e+00
      Potential    Kinetic En.   Total Energy  Conserved En.    Temperature
   -5.63382e+05    1.05338e+05   -4.58044e+05   -1.68982e+07    3.03317e+02
 Pressure (bar)   Constr. rmsd
   -2.44730e+01    3.71502e-04

           Step           Time
        2550000    51000.00000

   Energies (kJ/mol)
           Bond       G96Angle  Improper Dih.        LJ (SR)   Coulomb (SR)
    1.23293e+04    5.41209e+03    6.07459e+02   -5.80332e+05    0.00000e+00
      Potential    Kinetic En.   Total Energy  Conserved En.    Temperature
   -5.61983e+05    1.06198e+05   -4.55785e+05   -1.69304e+07    3.05793e+02
 Pressure (bar)   Constr. rmsd
   -2.40080e+00    3.84800e-04

           Step           Time
        2555000    51100.00000

   Energies (kJ/mol)
           Bond       G96Angle  Improper Dih.        LJ (SR)   Coulomb (SR)
    1.23966e+04    5.65431e+03    5.79913e+02   -5.80563e+05    0.00000e+00
      Potential    Kinetic En.   Total Energy  Conserved En.    Temperature
   -5.61932e+05    1.06110e+05   -4.55822e+05   -1.69626e+07    3.05540e+02
 Pressure (bar)   Constr. rmsd
    2.40139e+01    4.05526e-04

           Step           Time
        2560000    51200.00000

   Energies (kJ/mol)
           Bond       G96Angle  Improper Dih.        LJ (SR)   Coulomb (SR)
    1.20681e+04    5.77762e+03    5.93299e+02   -5.82663e+05    0.00000e+00
      Potential    Kinetic En.   Total Energy  Conserved En.    Temperature
   -5.64224e+05    1.05076e+05   -4.59148e+05   -1.69945e+07    3.02563e+02
 Pressure (bar)   Constr. rmsd
   -2.93810e+01    3.89113e-04

           Step           Time
        2565000    51300.00000

   Energies (kJ/mol)
           Bond       G96Angle  Improper Dih.        LJ (SR)   Coulomb (SR)
    1.21269e+04    5.66659e+03    6.45883e+02   -5.80626e+05    0.00000e+00
      Potential    Kinetic En.   Total Energy  Conserved En.    Temperature
   -5.62187e+05    1.04936e+05   -4.57251e+05   -1.70266e+07    3.02159e+02
 Pressure (bar)   Constr. rmsd
   -2.80486e+01    3.80755e-04

           Step           Time
        2570000    51400.00000

   Energies (kJ/mol)
           Bond       G96Angle  Improper Dih.        LJ (SR)   Coulomb (SR)
    1.24708e+04    5.52546e+03    6.33273e+02   -5.82346e+05    0.00000e+00
      Potential    Kinetic En.   Total Energy  Conserved En.    Temperature
   -5.63717e+05    1.05987e+05   -4.57730e+05   -1.70586e+07    3.05186e+02
 Pressure (bar)   Constr. rmsd
    3.03521e+00    3.87618e-04

           Step           Time
        2575000    51500.00000

   Energies (kJ/mol)
           Bond       G96Angle  Improper Dih.        LJ (SR)   Coulomb (SR)
    1.22612e+04    5.58453e+03    6.50919e+02   -5.81940e+05    0.00000e+00
      Potential    Kinetic En.   Total Energy  Conserved En.    Temperature
   -5.63443e+05    1.04917e+05   -4.58526e+05   -1.70905e+07    3.02104e+02
 Pressure (bar)   Constr. rmsd
   -1.51920e+01    3.90303e-04

           Step           Time
        2580000    51600.00000

   Energies (kJ/mol)
           Bond       G96Angle  Improper Dih.        LJ (SR)   Coulomb (SR)
    1.24982e+04    5.57326e+03    6.13616e+02   -5.82148e+05    0.00000e+00
      Potential    Kinetic En.   Total Energy  Conserved En.    Temperature
   -5.63463e+05    1.06449e+05   -4.57013e+05   -1.71224e+07    3.06517e+02
 Pressure (bar)   Constr. rmsd
    1.76172e+01    3.91362e-04

           Step           Time
        2585000    51700.00000

   Energies (kJ/mol)
           Bond       G96Angle  Improper Dih.        LJ (SR)   Coulomb (SR)
    1.26170e+04    5.59061e+03    6.51002e+02   -5.81471e+05    0.00000e+00
      Potential    Kinetic En.   Total Energy  Conserved En.    Temperature
   -5.62612e+05    1.05549e+05   -4.57063e+05   -1.71543e+07    3.03925e+02
 Pressure (bar)   Constr. rmsd
   -4.88404e+00    4.04357e-04

           Step           Time
        2590000    51800.00000

   Energies (kJ/mol)
           Bond       G96Angle  Improper Dih.        LJ (SR)   Coulomb (SR)
    1.25392e+04    5.71101e+03    6.37694e+02   -5.82030e+05    0.00000e+00
      Potential    Kinetic En.   Total Energy  Conserved En.    Temperature
   -5.63142e+05    1.05908e+05   -4.57234e+05   -1.71863e+07    3.04959e+02
 Pressure (bar)   Constr. rmsd
   -7.29539e+00    3.98050e-04

           Step           Time
        2595000    51900.00000

   Energies (kJ/mol)
           Bond       G96Angle  Improper Dih.        LJ (SR)   Coulomb (SR)
    1.24241e+04    5.70355e+03    6.67399e+02   -5.82023e+05    0.00000e+00
      Potential    Kinetic En.   Total Energy  Conserved En.    Temperature
   -5.63228e+05    1.04852e+05   -4.58376e+05   -1.72184e+07    3.01919e+02
 Pressure (bar)   Constr. rmsd
   -4.38737e+01    3.74017e-04

           Step           Time
        2600000    52000.00000

   Energies (kJ/mol)
           Bond       G96Angle  Improper Dih.        LJ (SR)   Coulomb (SR)
    1.25840e+04    5.73930e+03    6.85235e+02   -5.83000e+05    0.00000e+00
      Potential    Kinetic En.   Total Energy  Conserved En.    Temperature
   -5.63992e+05    1.06084e+05   -4.57908e+05   -1.72504e+07    3.05464e+02
 Pressure (bar)   Constr. rmsd
    2.25700e+01    3.67881e-04

           Step           Time
        2605000    52100.00000

   Energies (kJ/mol)
           Bond       G96Angle  Improper Dih.        LJ (SR)   Coulomb (SR)
    1.27468e+04    5.76544e+03    6.44402e+02   -5.82084e+05    0.00000e+00
      Potential    Kinetic En.   Total Energy  Conserved En.    Temperature
   -5.62927e+05    1.06571e+05   -4.56356e+05   -1.72823e+07    3.06866e+02
 Pressure (bar)   Constr. rmsd
    5.26908e+01    3.95066e-04

           Step           Time
        2610000    52200.00000

   Energies (kJ/mol)
           Bond       G96Angle  Improper Dih.        LJ (SR)   Coulomb (SR)
    1.22164e+04    5.73659e+03    6.58181e+02   -5.82111e+05    0.00000e+00
      Potential    Kinetic En.   Total Energy  Conserved En.    Temperature
   -5.63500e+05    1.06402e+05   -4.57098e+05   -1.73144e+07    3.06382e+02
 Pressure (bar)   Constr. rmsd
   -3.66079e+01    3.71694e-04

           Step           Time
        2615000    52300.00000

   Energies (kJ/mol)
           Bond       G96Angle  Improper Dih.        LJ (SR)   Coulomb (SR)
    1.26356e+04    5.66546e+03    6.57599e+02   -5.81858e+05    0.00000e+00
      Potential    Kinetic En.   Total Energy  Conserved En.    Temperature
   -5.62899e+05    1.06278e+05   -4.56621e+05   -1.73466e+07    3.06023e+02
 Pressure (bar)   Constr. rmsd
    5.78596e+00    3.77988e-04

           Step           Time
        2620000    52400.00000

   Energies (kJ/mol)
           Bond       G96Angle  Improper Dih.        LJ (SR)   Coulomb (SR)
    1.27810e+04    5.51220e+03    5.83616e+02   -5.83224e+05    0.00000e+00
      Potential    Kinetic En.   Total Energy  Conserved En.    Temperature
   -5.64347e+05    1.06009e+05   -4.58338e+05   -1.73787e+07    3.05250e+02
 Pressure (bar)   Constr. rmsd
    6.93016e+00    3.70111e-04

           Step           Time
        2625000    52500.00000

   Energies (kJ/mol)
           Bond       G96Angle  Improper Dih.        LJ (SR)   Coulomb (SR)
    1.24012e+04    5.55645e+03    6.78692e+02   -5.82170e+05    0.00000e+00
      Potential    Kinetic En.   Total Energy  Conserved En.    Temperature
   -5.63534e+05    1.04760e+05   -4.58774e+05   -1.74104e+07    3.01652e+02
 Pressure (bar)   Constr. rmsd
   -2.03359e+01    3.79132e-04

           Step           Time
        2630000    52600.00000

   Energies (kJ/mol)
           Bond       G96Angle  Improper Dih.        LJ (SR)   Coulomb (SR)
    1.24208e+04    5.58552e+03    6.27205e+02   -5.81633e+05    0.00000e+00
      Potential    Kinetic En.   Total Energy  Conserved En.    Temperature
   -5.62999e+05    1.04383e+05   -4.58616e+05   -1.74426e+07    3.00568e+02
 Pressure (bar)   Constr. rmsd
   -4.76984e+01    3.76766e-04

           Step           Time
        2635000    52700.00000

   Energies (kJ/mol)
           Bond       G96Angle  Improper Dih.        LJ (SR)   Coulomb (SR)
    1.23143e+04    5.58313e+03    6.36844e+02   -5.81897e+05    0.00000e+00
      Potential    Kinetic En.   Total Energy  Conserved En.    Temperature
   -5.63362e+05    1.04910e+05   -4.58453e+05   -1.74747e+07    3.02084e+02
 Pressure (bar)   Constr. rmsd
   -1.47891e-01    3.84300e-04

           Step           Time
        2640000    52800.00000

   Energies (kJ/mol)
           Bond       G96Angle  Improper Dih.        LJ (SR)   Coulomb (SR)
    1.25149e+04    5.54444e+03    6.11997e+02   -5.82816e+05    0.00000e+00
      Potential    Kinetic En.   Total Energy  Conserved En.    Temperature
   -5.64144e+05    1.04808e+05   -4.59337e+05   -1.75066e+07    3.01790e+02
 Pressure (bar)   Constr. rmsd
   -1.28015e+01    3.91752e-04

           Step           Time
        2645000    52900.00000

   Energies (kJ/mol)
           Bond       G96Angle  Improper Dih.        LJ (SR)   Coulomb (SR)
    1.25351e+04    5.59899e+03    6.12806e+02   -5.82079e+05    0.00000e+00
      Potential    Kinetic En.   Total Energy  Conserved En.    Temperature
   -5.63332e+05    1.05789e+05   -4.57543e+05   -1.75387e+07    3.04614e+02
 Pressure (bar)   Constr. rmsd
    1.98493e+01    4.03177e-04

Writing checkpoint, step 2646550 at Fri Feb 24 18:36:17 2023


           Step           Time
        2650000    53000.00000

   Energies (kJ/mol)
           Bond       G96Angle  Improper Dih.        LJ (SR)   Coulomb (SR)
    1.24530e+04    5.69295e+03    6.42456e+02   -5.82014e+05    0.00000e+00
      Potential    Kinetic En.   Total Energy  Conserved En.    Temperature
   -5.63225e+05    1.04230e+05   -4.58996e+05   -1.75708e+07    3.00126e+02
 Pressure (bar)   Constr. rmsd
   -2.68579e+01    3.67522e-04

           Step           Time
        2655000    53100.00000

   Energies (kJ/mol)
           Bond       G96Angle  Improper Dih.        LJ (SR)   Coulomb (SR)
    1.24688e+04    5.65090e+03    6.10884e+02   -5.80916e+05    0.00000e+00
      Potential    Kinetic En.   Total Energy  Conserved En.    Temperature
   -5.62185e+05    1.05874e+05   -4.56311e+05   -1.76026e+07    3.04861e+02
 Pressure (bar)   Constr. rmsd
   -3.56137e+01    3.74634e-04

           Step           Time
        2660000    53200.00000

   Energies (kJ/mol)
           Bond       G96Angle  Improper Dih.        LJ (SR)   Coulomb (SR)
    1.19475e+04    5.86414e+03    5.79606e+02   -5.81381e+05    0.00000e+00
      Potential    Kinetic En.   Total Energy  Conserved En.    Temperature
   -5.62990e+05    1.07107e+05   -4.55883e+05   -1.76346e+07    3.08411e+02
 Pressure (bar)   Constr. rmsd
    2.39167e+01    3.95643e-04

           Step           Time
        2665000    53300.00000

   Energies (kJ/mol)
           Bond       G96Angle  Improper Dih.        LJ (SR)   Coulomb (SR)
    1.19389e+04    5.44888e+03    6.75707e+02   -5.81143e+05    0.00000e+00
      Potential    Kinetic En.   Total Energy  Conserved En.    Temperature
   -5.63079e+05    1.05640e+05   -4.57439e+05   -1.76668e+07    3.04187e+02
 Pressure (bar)   Constr. rmsd
   -2.42148e+01    3.80552e-04

           Step           Time
        2670000    53400.00000

   Energies (kJ/mol)
           Bond       G96Angle  Improper Dih.        LJ (SR)   Coulomb (SR)
    1.22912e+04    5.59685e+03    5.93614e+02   -5.82580e+05    0.00000e+00
      Potential    Kinetic En.   Total Energy  Conserved En.    Temperature
   -5.64098e+05    1.05362e+05   -4.58737e+05   -1.76989e+07    3.03385e+02
 Pressure (bar)   Constr. rmsd
    1.40520e+01    3.76773e-04

           Step           Time
        2675000    53500.00000

   Energies (kJ/mol)
           Bond       G96Angle  Improper Dih.        LJ (SR)   Coulomb (SR)
    1.28559e+04    5.66937e+03    6.19763e+02   -5.84338e+05    0.00000e+00
      Potential    Kinetic En.   Total Energy  Conserved En.    Temperature
   -5.65193e+05    1.04706e+05   -4.60486e+05   -1.77307e+07    3.01498e+02
 Pressure (bar)   Constr. rmsd
   -1.20984e+01    3.87425e-04

           Step           Time
        2680000    53600.00000

   Energies (kJ/mol)
           Bond       G96Angle  Improper Dih.        LJ (SR)   Coulomb (SR)
    1.25386e+04    5.52914e+03    6.01678e+02   -5.83646e+05    0.00000e+00
      Potential    Kinetic En.   Total Energy  Conserved En.    Temperature
   -5.64976e+05    1.05314e+05   -4.59662e+05   -1.77628e+07    3.03248e+02
 Pressure (bar)   Constr. rmsd
    3.99015e+01    3.62643e-04

           Step           Time
        2685000    53700.00000

   Energies (kJ/mol)
           Bond       G96Angle  Improper Dih.        LJ (SR)   Coulomb (SR)
    1.21807e+04    5.68205e+03    7.09297e+02   -5.82796e+05    0.00000e+00
      Potential    Kinetic En.   Total Energy  Conserved En.    Temperature
   -5.64224e+05    1.04858e+05   -4.59366e+05   -1.77951e+07    3.01934e+02
 Pressure (bar)   Constr. rmsd
    1.54187e+01    3.91865e-04

           Step           Time
        2690000    53800.00000

   Energies (kJ/mol)
           Bond       G96Angle  Improper Dih.        LJ (SR)   Coulomb (SR)
    1.24412e+04    5.44252e+03    6.65614e+02   -5.80222e+05    0.00000e+00
      Potential    Kinetic En.   Total Energy  Conserved En.    Temperature
   -5.61673e+05    1.06068e+05   -4.55605e+05   -1.78271e+07    3.05420e+02
 Pressure (bar)   Constr. rmsd
    6.44797e+00    3.75568e-04

           Step           Time
        2695000    53900.00000

   Energies (kJ/mol)
           Bond       G96Angle  Improper Dih.        LJ (SR)   Coulomb (SR)
    1.25098e+04    5.73404e+03    6.21063e+02   -5.84150e+05    0.00000e+00
      Potential    Kinetic En.   Total Energy  Conserved En.    Temperature
   -5.65285e+05    1.05990e+05   -4.59295e+05   -1.78592e+07    3.05195e+02
 Pressure (bar)   Constr. rmsd
    2.11861e+01    3.99902e-04

           Step           Time
        2700000    54000.00000

   Energies (kJ/mol)
           Bond       G96Angle  Improper Dih.        LJ (SR)   Coulomb (SR)
    1.22496e+04    5.84442e+03    6.73608e+02   -5.81990e+05    0.00000e+00
      Potential    Kinetic En.   Total Energy  Conserved En.    Temperature
   -5.63223e+05    1.05489e+05   -4.57734e+05   -1.78915e+07    3.03751e+02
 Pressure (bar)   Constr. rmsd
   -1.51378e+01    3.76167e-04

           Step           Time
        2705000    54100.00000

   Energies (kJ/mol)
           Bond       G96Angle  Improper Dih.        LJ (SR)   Coulomb (SR)
    1.24739e+04    5.51217e+03    6.86588e+02   -5.82954e+05    0.00000e+00
      Potential    Kinetic En.   Total Energy  Conserved En.    Temperature
   -5.64282e+05    1.05543e+05   -4.58739e+05   -1.79236e+07    3.03907e+02
 Pressure (bar)   Constr. rmsd
    3.22189e+01    3.83061e-04

           Step           Time
        2710000    54200.00000

   Energies (kJ/mol)
           Bond       G96Angle  Improper Dih.        LJ (SR)   Coulomb (SR)
    1.23603e+04    5.69434e+03    6.40987e+02   -5.82063e+05    0.00000e+00
      Potential    Kinetic En.   Total Energy  Conserved En.    Temperature
   -5.63367e+05    1.06237e+05   -4.57130e+05   -1.79557e+07    3.05907e+02
 Pressure (bar)   Constr. rmsd
    4.62359e-01    3.73836e-04

           Step           Time
        2715000    54300.00000

   Energies (kJ/mol)
           Bond       G96Angle  Improper Dih.        LJ (SR)   Coulomb (SR)
    1.25558e+04    5.78449e+03    7.24146e+02   -5.81963e+05    0.00000e+00
      Potential    Kinetic En.   Total Energy  Conserved En.    Temperature
   -5.62898e+05    1.06617e+05   -4.56282e+05   -1.79878e+07    3.06998e+02
 Pressure (bar)   Constr. rmsd
    1.09399e+01    3.79529e-04

           Step           Time
        2720000    54400.00000

   Energies (kJ/mol)
           Bond       G96Angle  Improper Dih.        LJ (SR)   Coulomb (SR)
    1.24050e+04    5.63251e+03    6.12182e+02   -5.81584e+05    0.00000e+00
      Potential    Kinetic En.   Total Energy  Conserved En.    Temperature
   -5.62935e+05    1.06052e+05   -4.56883e+05   -1.80199e+07    3.05372e+02
 Pressure (bar)   Constr. rmsd
   -1.06193e+01    4.00410e-04

           Step           Time
        2725000    54500.00000

   Energies (kJ/mol)
           Bond       G96Angle  Improper Dih.        LJ (SR)   Coulomb (SR)
    1.26851e+04    5.52108e+03    5.95308e+02   -5.84430e+05    0.00000e+00
      Potential    Kinetic En.   Total Energy  Conserved En.    Temperature
   -5.65629e+05    1.05956e+05   -4.59673e+05   -1.80522e+07    3.05097e+02
 Pressure (bar)   Constr. rmsd
   -1.13948e+01    3.66229e-04

           Step           Time
        2730000    54600.00000

   Energies (kJ/mol)
           Bond       G96Angle  Improper Dih.        LJ (SR)   Coulomb (SR)
    1.24209e+04    5.69160e+03    5.91199e+02   -5.81289e+05    0.00000e+00
      Potential    Kinetic En.   Total Energy  Conserved En.    Temperature
   -5.62585e+05    1.06151e+05   -4.56434e+05   -1.80842e+07    3.05658e+02
 Pressure (bar)   Constr. rmsd
   -1.10822e+01    3.67341e-04

           Step           Time
        2735000    54700.00000

   Energies (kJ/mol)
           Bond       G96Angle  Improper Dih.        LJ (SR)   Coulomb (SR)
    1.23100e+04    5.68828e+03    5.80640e+02   -5.82992e+05    0.00000e+00
      Potential    Kinetic En.   Total Energy  Conserved En.    Temperature
   -5.64413e+05    1.05536e+05   -4.58877e+05   -1.81161e+07    3.03887e+02
 Pressure (bar)   Constr. rmsd
    3.32763e+01    3.81758e-04

           Step           Time
        2740000    54800.00000

   Energies (kJ/mol)
           Bond       G96Angle  Improper Dih.        LJ (SR)   Coulomb (SR)
    1.24055e+04    5.31103e+03    7.05468e+02   -5.82221e+05    0.00000e+00
      Potential    Kinetic En.   Total Energy  Conserved En.    Temperature
   -5.63799e+05    1.04807e+05   -4.58992e+05   -1.81482e+07    3.01788e+02
 Pressure (bar)   Constr. rmsd
   -8.19821e+00    3.76125e-04

           Step           Time
        2745000    54900.00000

   Energies (kJ/mol)
           Bond       G96Angle  Improper Dih.        LJ (SR)   Coulomb (SR)
    1.24161e+04    5.70449e+03    6.54333e+02   -5.83393e+05    0.00000e+00
      Potential    Kinetic En.   Total Energy  Conserved En.    Temperature
   -5.64618e+05    1.04956e+05   -4.59663e+05   -1.81800e+07    3.02216e+02
 Pressure (bar)   Constr. rmsd
    8.31789e+00    3.89528e-04

           Step           Time
        2750000    55000.00000

   Energies (kJ/mol)
           Bond       G96Angle  Improper Dih.        LJ (SR)   Coulomb (SR)
    1.22925e+04    5.87829e+03    5.88775e+02   -5.82948e+05    0.00000e+00
      Potential    Kinetic En.   Total Energy  Conserved En.    Temperature
   -5.64188e+05    1.06665e+05   -4.57524e+05   -1.82123e+07    3.07137e+02
 Pressure (bar)   Constr. rmsd
    3.83620e+01    3.67820e-04

           Step           Time
        2755000    55100.00000

   Energies (kJ/mol)
           Bond       G96Angle  Improper Dih.        LJ (SR)   Coulomb (SR)
    1.26276e+04    5.75652e+03    6.61678e+02   -5.82676e+05    0.00000e+00
      Potential    Kinetic En.   Total Energy  Conserved En.    Temperature
   -5.63630e+05    1.06568e+05   -4.57062e+05   -1.82447e+07    3.06859e+02
 Pressure (bar)   Constr. rmsd
    4.82729e+01    3.96953e-04

           Step           Time
        2760000    55200.00000

   Energies (kJ/mol)
           Bond       G96Angle  Improper Dih.        LJ (SR)   Coulomb (SR)
    1.22846e+04    5.65033e+03    6.28894e+02   -5.82701e+05    0.00000e+00
      Potential    Kinetic En.   Total Energy  Conserved En.    Temperature
   -5.64137e+05    1.04068e+05   -4.60069e+05   -1.82767e+07    2.99661e+02
 Pressure (bar)   Constr. rmsd
   -1.61160e+01    3.73356e-04

           Step           Time
        2765000    55300.00000

   Energies (kJ/mol)
           Bond       G96Angle  Improper Dih.        LJ (SR)   Coulomb (SR)
    1.23961e+04    5.79899e+03    6.43982e+02   -5.84068e+05    0.00000e+00
      Potential    Kinetic En.   Total Energy  Conserved En.    Temperature
   -5.65229e+05    1.05667e+05   -4.59562e+05   -1.83090e+07    3.04264e+02
 Pressure (bar)   Constr. rmsd
    3.24352e+01    3.79062e-04

           Step           Time
        2770000    55400.00000

   Energies (kJ/mol)
           Bond       G96Angle  Improper Dih.        LJ (SR)   Coulomb (SR)
    1.22690e+04    5.60730e+03    6.81054e+02   -5.84468e+05    0.00000e+00
      Potential    Kinetic En.   Total Energy  Conserved En.    Temperature
   -5.65911e+05    1.04834e+05   -4.61077e+05   -1.83410e+07    3.01865e+02
 Pressure (bar)   Constr. rmsd
    7.14328e+00    3.89329e-04

           Step           Time
        2775000    55500.00000

   Energies (kJ/mol)
           Bond       G96Angle  Improper Dih.        LJ (SR)   Coulomb (SR)
    1.22839e+04    5.69460e+03    5.85992e+02   -5.82283e+05    0.00000e+00
      Potential    Kinetic En.   Total Energy  Conserved En.    Temperature
   -5.63718e+05    1.04955e+05   -4.58763e+05   -1.83731e+07    3.02214e+02
 Pressure (bar)   Constr. rmsd
   -4.43245e-01    4.04288e-04

           Step           Time
        2780000    55600.00000

   Energies (kJ/mol)
           Bond       G96Angle  Improper Dih.        LJ (SR)   Coulomb (SR)
    1.21214e+04    5.59449e+03    6.30113e+02   -5.83784e+05    0.00000e+00
      Potential    Kinetic En.   Total Energy  Conserved En.    Temperature
   -5.65438e+05    1.06033e+05   -4.59405e+05   -1.84051e+07    3.05318e+02
 Pressure (bar)   Constr. rmsd
    2.34553e+01    4.03390e-04

           Step           Time
        2785000    55700.00000

   Energies (kJ/mol)
           Bond       G96Angle  Improper Dih.        LJ (SR)   Coulomb (SR)
    1.31615e+04    5.61078e+03    6.39212e+02   -5.83225e+05    0.00000e+00
      Potential    Kinetic En.   Total Energy  Conserved En.    Temperature
   -5.63814e+05    1.05031e+05   -4.58783e+05   -1.84373e+07    3.02432e+02
 Pressure (bar)   Constr. rmsd
    2.05675e+01    3.87598e-04

           Step           Time
        2790000    55800.00000

   Energies (kJ/mol)
           Bond       G96Angle  Improper Dih.        LJ (SR)   Coulomb (SR)
    1.22686e+04    5.68385e+03    6.17683e+02   -5.81633e+05    0.00000e+00
      Potential    Kinetic En.   Total Energy  Conserved En.    Temperature
   -5.63063e+05    1.05519e+05   -4.57544e+05   -1.84695e+07    3.03838e+02
 Pressure (bar)   Constr. rmsd
   -8.30180e+00    3.80952e-04

           Step           Time
        2795000    55900.00000

   Energies (kJ/mol)
           Bond       G96Angle  Improper Dih.        LJ (SR)   Coulomb (SR)
    1.25668e+04    5.74212e+03    6.55315e+02   -5.82858e+05    0.00000e+00
      Potential    Kinetic En.   Total Energy  Conserved En.    Temperature
   -5.63894e+05    1.05979e+05   -4.57915e+05   -1.85017e+07    3.05162e+02
 Pressure (bar)   Constr. rmsd
   -2.93964e+01    4.03417e-04

           Step           Time
        2800000    56000.00000

   Energies (kJ/mol)
           Bond       G96Angle  Improper Dih.        LJ (SR)   Coulomb (SR)
    1.26709e+04    5.45407e+03    6.58897e+02   -5.81041e+05    0.00000e+00
      Potential    Kinetic En.   Total Energy  Conserved En.    Temperature
   -5.62258e+05    1.05225e+05   -4.57033e+05   -1.85338e+07    3.02992e+02
 Pressure (bar)   Constr. rmsd
    1.14956e+01    3.92808e-04

           Step           Time
        2805000    56100.00000

   Energies (kJ/mol)
           Bond       G96Angle  Improper Dih.        LJ (SR)   Coulomb (SR)
    1.23409e+04    5.70321e+03    6.43992e+02   -5.80950e+05    0.00000e+00
      Potential    Kinetic En.   Total Energy  Conserved En.    Temperature
   -5.62262e+05    1.05497e+05   -4.56765e+05   -1.85659e+07    3.03775e+02
 Pressure (bar)   Constr. rmsd
   -6.21965e+00    3.79901e-04

           Step           Time
        2810000    56200.00000

   Energies (kJ/mol)
           Bond       G96Angle  Improper Dih.        LJ (SR)   Coulomb (SR)
    1.24563e+04    5.56773e+03    6.08672e+02   -5.82590e+05    0.00000e+00
      Potential    Kinetic En.   Total Energy  Conserved En.    Temperature
   -5.63957e+05    1.05198e+05   -4.58760e+05   -1.85980e+07    3.02913e+02
 Pressure (bar)   Constr. rmsd
    4.74435e+00    3.99284e-04

           Step           Time
        2815000    56300.00000

   Energies (kJ/mol)
           Bond       G96Angle  Improper Dih.        LJ (SR)   Coulomb (SR)
    1.24147e+04    5.80851e+03    5.72784e+02   -5.83460e+05    0.00000e+00
      Potential    Kinetic En.   Total Energy  Conserved En.    Temperature
   -5.64664e+05    1.04925e+05   -4.59738e+05   -1.86298e+07    3.02129e+02
 Pressure (bar)   Constr. rmsd
    3.06356e+01    3.96329e-04

           Step           Time
        2820000    56400.00000

   Energies (kJ/mol)
           Bond       G96Angle  Improper Dih.        LJ (SR)   Coulomb (SR)
    1.23662e+04    5.56633e+03    7.17292e+02   -5.82196e+05    0.00000e+00
      Potential    Kinetic En.   Total Energy  Conserved En.    Temperature
   -5.63546e+05    1.06185e+05   -4.57361e+05   -1.86620e+07    3.05756e+02
 Pressure (bar)   Constr. rmsd
    3.82896e+01    3.77164e-04

           Step           Time
        2825000    56500.00000

   Energies (kJ/mol)
           Bond       G96Angle  Improper Dih.        LJ (SR)   Coulomb (SR)
    1.23833e+04    5.73509e+03    6.82387e+02   -5.81082e+05    0.00000e+00
      Potential    Kinetic En.   Total Energy  Conserved En.    Temperature
   -5.62282e+05    1.06613e+05   -4.55668e+05   -1.86940e+07    3.06988e+02
 Pressure (bar)   Constr. rmsd
    3.68473e+01    4.10462e-04

           Step           Time
        2830000    56600.00000

   Energies (kJ/mol)
           Bond       G96Angle  Improper Dih.        LJ (SR)   Coulomb (SR)
    1.21367e+04    5.68418e+03    6.54592e+02   -5.81460e+05    0.00000e+00
      Potential    Kinetic En.   Total Energy  Conserved En.    Temperature
   -5.62985e+05    1.04777e+05   -4.58208e+05   -1.87262e+07    3.01701e+02
 Pressure (bar)   Constr. rmsd
   -5.88267e+01    3.84567e-04

           Step           Time
        2835000    56700.00000

   Energies (kJ/mol)
           Bond       G96Angle  Improper Dih.        LJ (SR)   Coulomb (SR)
    1.23650e+04    5.88630e+03    6.03123e+02   -5.82079e+05    0.00000e+00
      Potential    Kinetic En.   Total Energy  Conserved En.    Temperature
   -5.63224e+05    1.06299e+05   -4.56926e+05   -1.87583e+07    3.06084e+02
 Pressure (bar)   Constr. rmsd
   -2.61886e+01    3.89418e-04

           Step           Time
        2840000    56800.00000

   Energies (kJ/mol)
           Bond       G96Angle  Improper Dih.        LJ (SR)   Coulomb (SR)
    1.28778e+04    5.79178e+03    6.33563e+02   -5.85130e+05    0.00000e+00
      Potential    Kinetic En.   Total Energy  Conserved En.    Temperature
   -5.65827e+05    1.06837e+05   -4.58989e+05   -1.87904e+07    3.07634e+02
 Pressure (bar)   Constr. rmsd
    4.40930e+01    3.83961e-04

           Step           Time
        2845000    56900.00000

   Energies (kJ/mol)
           Bond       G96Angle  Improper Dih.        LJ (SR)   Coulomb (SR)
    1.21053e+04    5.55538e+03    6.53095e+02   -5.83004e+05    0.00000e+00
      Potential    Kinetic En.   Total Energy  Conserved En.    Temperature
   -5.64691e+05    1.04972e+05   -4.59719e+05   -1.88223e+07    3.02262e+02
 Pressure (bar)   Constr. rmsd
   -6.70808e+00    3.84004e-04

           Step           Time
        2850000    57000.00000

   Energies (kJ/mol)
           Bond       G96Angle  Improper Dih.        LJ (SR)   Coulomb (SR)
    1.27625e+04    5.66057e+03    5.98283e+02   -5.81867e+05    0.00000e+00
      Potential    Kinetic En.   Total Energy  Conserved En.    Temperature
   -5.62846e+05    1.05395e+05   -4.57451e+05   -1.88543e+07    3.03482e+02
 Pressure (bar)   Constr. rmsd
   -2.35958e+00    3.69228e-04

           Step           Time
        2855000    57100.00000

   Energies (kJ/mol)
           Bond       G96Angle  Improper Dih.        LJ (SR)   Coulomb (SR)
    1.25434e+04    5.50132e+03    6.22170e+02   -5.84460e+05    0.00000e+00
      Potential    Kinetic En.   Total Energy  Conserved En.    Temperature
   -5.65793e+05    1.04434e+05   -4.61359e+05   -1.88865e+07    3.00714e+02
 Pressure (bar)   Constr. rmsd
    7.58788e-01    3.67755e-04

           Step           Time
        2860000    57200.00000

   Energies (kJ/mol)
           Bond       G96Angle  Improper Dih.        LJ (SR)   Coulomb (SR)
    1.21436e+04    5.63159e+03    6.11089e+02   -5.80658e+05    0.00000e+00
      Potential    Kinetic En.   Total Energy  Conserved En.    Temperature
   -5.62272e+05    1.04490e+05   -4.57782e+05   -1.89184e+07    3.00874e+02
 Pressure (bar)   Constr. rmsd
   -4.20605e+01    3.98817e-04

           Step           Time
        2865000    57300.00000

   Energies (kJ/mol)
           Bond       G96Angle  Improper Dih.        LJ (SR)   Coulomb (SR)
    1.27551e+04    5.71148e+03    5.93520e+02   -5.83534e+05    0.00000e+00
      Potential    Kinetic En.   Total Energy  Conserved En.    Temperature
   -5.64474e+05    1.06088e+05   -4.58386e+05   -1.89505e+07    3.05475e+02
 Pressure (bar)   Constr. rmsd
    1.90971e+01    4.03702e-04

           Step           Time
        2870000    57400.00000

   Energies (kJ/mol)
           Bond       G96Angle  Improper Dih.        LJ (SR)   Coulomb (SR)
    1.25314e+04    5.69906e+03    6.45962e+02   -5.82428e+05    0.00000e+00
      Potential    Kinetic En.   Total Energy  Conserved En.    Temperature
   -5.63551e+05    1.04838e+05   -4.58713e+05   -1.89822e+07    3.01878e+02
 Pressure (bar)   Constr. rmsd
   -3.09442e+01    3.67616e-04

           Step           Time
        2875000    57500.00000

   Energies (kJ/mol)
           Bond       G96Angle  Improper Dih.        LJ (SR)   Coulomb (SR)
    1.23441e+04    5.51636e+03    6.23305e+02   -5.83453e+05    0.00000e+00
      Potential    Kinetic En.   Total Energy  Conserved En.    Temperature
   -5.64969e+05    1.06496e+05   -4.58473e+05   -1.90142e+07    3.06653e+02
 Pressure (bar)   Constr. rmsd
    4.51747e+01    4.01474e-04

           Step           Time
        2880000    57600.00000

   Energies (kJ/mol)
           Bond       G96Angle  Improper Dih.        LJ (SR)   Coulomb (SR)
    1.24114e+04    5.78232e+03    6.39516e+02   -5.81034e+05    0.00000e+00
      Potential    Kinetic En.   Total Energy  Conserved En.    Temperature
   -5.62201e+05    1.06182e+05   -4.56019e+05   -1.90463e+07    3.05748e+02
 Pressure (bar)   Constr. rmsd
    1.95655e+01    3.87451e-04

           Step           Time
        2885000    57700.00000

   Energies (kJ/mol)
           Bond       G96Angle  Improper Dih.        LJ (SR)   Coulomb (SR)
    1.22404e+04    5.55042e+03    7.23036e+02   -5.80197e+05    0.00000e+00
      Potential    Kinetic En.   Total Energy  Conserved En.    Temperature
   -5.61683e+05    1.05328e+05   -4.56355e+05   -1.90784e+07    3.03289e+02
 Pressure (bar)   Constr. rmsd
   -1.90476e+01    3.75268e-04

           Step           Time
        2890000    57800.00000

   Energies (kJ/mol)
           Bond       G96Angle  Improper Dih.        LJ (SR)   Coulomb (SR)
    1.23517e+04    5.50337e+03    6.11574e+02   -5.82580e+05    0.00000e+00
      Potential    Kinetic En.   Total Energy  Conserved En.    Temperature
   -5.64113e+05    1.05083e+05   -4.59030e+05   -1.91105e+07    3.02583e+02
 Pressure (bar)   Constr. rmsd
   -1.90246e+01    3.60921e-04

           Step           Time
        2895000    57900.00000

   Energies (kJ/mol)
           Bond       G96Angle  Improper Dih.        LJ (SR)   Coulomb (SR)
    1.21250e+04    5.47368e+03    6.45979e+02   -5.82485e+05    0.00000e+00
      Potential    Kinetic En.   Total Energy  Conserved En.    Temperature
   -5.64241e+05    1.06280e+05   -4.57960e+05   -1.91424e+07    3.06031e+02
 Pressure (bar)   Constr. rmsd
   -2.17843e+01    3.78963e-04

           Step           Time
        2900000    58000.00000

   Energies (kJ/mol)
           Bond       G96Angle  Improper Dih.        LJ (SR)   Coulomb (SR)
    1.23561e+04    5.76647e+03    5.80277e+02   -5.80641e+05    0.00000e+00
      Potential    Kinetic En.   Total Energy  Conserved En.    Temperature
   -5.61938e+05    1.05645e+05   -4.56293e+05   -1.91743e+07    3.04202e+02
 Pressure (bar)   Constr. rmsd
    1.43580e+01    3.76193e-04

           Step           Time
        2905000    58100.00000

   Energies (kJ/mol)
           Bond       G96Angle  Improper Dih.        LJ (SR)   Coulomb (SR)
    1.24624e+04    5.65055e+03    5.74772e+02   -5.81730e+05    0.00000e+00
      Potential    Kinetic En.   Total Energy  Conserved En.    Temperature
   -5.63042e+05    1.05659e+05   -4.57383e+05   -1.92064e+07    3.04240e+02
 Pressure (bar)   Constr. rmsd
    1.04133e+01    3.89653e-04

           Step           Time
        2910000    58200.00000

   Energies (kJ/mol)
           Bond       G96Angle  Improper Dih.        LJ (SR)   Coulomb (SR)
    1.24155e+04    5.40153e+03    5.99701e+02   -5.81518e+05    0.00000e+00
      Potential    Kinetic En.   Total Energy  Conserved En.    Temperature
   -5.63101e+05    1.05612e+05   -4.57489e+05   -1.92384e+07    3.04105e+02
 Pressure (bar)   Constr. rmsd
   -9.33366e+00    3.65715e-04

           Step           Time
        2915000    58300.00000

   Energies (kJ/mol)
           Bond       G96Angle  Improper Dih.        LJ (SR)   Coulomb (SR)
    1.27023e+04    5.69266e+03    6.69063e+02   -5.81903e+05    0.00000e+00
      Potential    Kinetic En.   Total Energy  Conserved En.    Temperature
   -5.62839e+05    1.05954e+05   -4.56885e+05   -1.92703e+07    3.05091e+02
 Pressure (bar)   Constr. rmsd
    9.07690e+00    3.69476e-04

           Step           Time
        2920000    58400.00000

   Energies (kJ/mol)
           Bond       G96Angle  Improper Dih.        LJ (SR)   Coulomb (SR)
    1.20499e+04    5.82436e+03    6.40891e+02   -5.80422e+05    0.00000e+00
      Potential    Kinetic En.   Total Energy  Conserved En.    Temperature
   -5.61906e+05    1.06157e+05   -4.55749e+05   -1.93023e+07    3.05676e+02
 Pressure (bar)   Constr. rmsd
    6.48762e+00    3.78841e-04

           Step           Time
        2925000    58500.00000

   Energies (kJ/mol)
           Bond       G96Angle  Improper Dih.        LJ (SR)   Coulomb (SR)
    1.23871e+04    5.70026e+03    6.04234e+02   -5.82764e+05    0.00000e+00
      Potential    Kinetic En.   Total Energy  Conserved En.    Temperature
   -5.64072e+05    1.05457e+05   -4.58616e+05   -1.93344e+07    3.03659e+02
 Pressure (bar)   Constr. rmsd
   -3.89519e+01    3.58814e-04

           Step           Time
        2930000    58600.00000

   Energies (kJ/mol)
           Bond       G96Angle  Improper Dih.        LJ (SR)   Coulomb (SR)
    1.23911e+04    5.61946e+03    6.99269e+02   -5.83034e+05    0.00000e+00
      Potential    Kinetic En.   Total Energy  Conserved En.    Temperature
   -5.64324e+05    1.06100e+05   -4.58224e+05   -1.93668e+07    3.05513e+02
 Pressure (bar)   Constr. rmsd
    5.50431e+01    3.90291e-04

           Step           Time
        2935000    58700.00000

   Energies (kJ/mol)
           Bond       G96Angle  Improper Dih.        LJ (SR)   Coulomb (SR)
    1.22141e+04    5.61725e+03    6.43808e+02   -5.81854e+05    0.00000e+00
      Potential    Kinetic En.   Total Energy  Conserved En.    Temperature
   -5.63379e+05    1.05652e+05   -4.57727e+05   -1.93988e+07    3.04220e+02
 Pressure (bar)   Constr. rmsd
   -2.69816e+01    3.65452e-04

           Step           Time
        2940000    58800.00000

   Energies (kJ/mol)
           Bond       G96Angle  Improper Dih.        LJ (SR)   Coulomb (SR)
    1.24946e+04    5.95966e+03    6.97346e+02   -5.81678e+05    0.00000e+00
      Potential    Kinetic En.   Total Energy  Conserved En.    Temperature
   -5.62526e+05    1.05338e+05   -4.57188e+05   -1.94308e+07    3.03316e+02
 Pressure (bar)   Constr. rmsd
    9.43654e-01    3.83273e-04

           Step           Time
        2945000    58900.00000

   Energies (kJ/mol)
           Bond       G96Angle  Improper Dih.        LJ (SR)   Coulomb (SR)
    1.26110e+04    5.81421e+03    7.21162e+02   -5.83044e+05    0.00000e+00
      Potential    Kinetic En.   Total Energy  Conserved En.    Temperature
   -5.63897e+05    1.05962e+05   -4.57935e+05   -1.94627e+07    3.05114e+02
 Pressure (bar)   Constr. rmsd
   -9.72782e+00    3.96108e-04

           Step           Time
        2950000    59000.00000

   Energies (kJ/mol)
           Bond       G96Angle  Improper Dih.        LJ (SR)   Coulomb (SR)
    1.23574e+04    5.64395e+03    6.08041e+02   -5.82800e+05    0.00000e+00
      Potential    Kinetic En.   Total Energy  Conserved En.    Temperature
   -5.64190e+05    1.06013e+05   -4.58178e+05   -1.94947e+07    3.05259e+02
 Pressure (bar)   Constr. rmsd
    1.61725e+01    3.86786e-04

           Step           Time
        2955000    59100.00000

   Energies (kJ/mol)
           Bond       G96Angle  Improper Dih.        LJ (SR)   Coulomb (SR)
    1.23396e+04    5.58640e+03    6.63839e+02   -5.84437e+05    0.00000e+00
      Potential    Kinetic En.   Total Energy  Conserved En.    Temperature
   -5.65847e+05    1.05370e+05   -4.60477e+05   -1.95267e+07    3.03409e+02
 Pressure (bar)   Constr. rmsd
   -1.70344e+01    3.79118e-04

           Step           Time
        2960000    59200.00000

   Energies (kJ/mol)
           Bond       G96Angle  Improper Dih.        LJ (SR)   Coulomb (SR)
    1.26784e+04    5.71851e+03    6.07596e+02   -5.85002e+05    0.00000e+00
      Potential    Kinetic En.   Total Energy  Conserved En.    Temperature
   -5.65997e+05    1.05859e+05   -4.60138e+05   -1.95586e+07    3.04817e+02
 Pressure (bar)   Constr. rmsd
    1.17935e+01    3.79622e-04

           Step           Time
        2965000    59300.00000

   Energies (kJ/mol)
           Bond       G96Angle  Improper Dih.        LJ (SR)   Coulomb (SR)
    1.22462e+04    5.71166e+03    6.06084e+02   -5.82434e+05    0.00000e+00
      Potential    Kinetic En.   Total Energy  Conserved En.    Temperature
   -5.63870e+05    1.05296e+05   -4.58574e+05   -1.95910e+07    3.03197e+02
 Pressure (bar)   Constr. rmsd
    3.19821e+00    3.63690e-04

           Step           Time
        2970000    59400.00000

   Energies (kJ/mol)
           Bond       G96Angle  Improper Dih.        LJ (SR)   Coulomb (SR)
    1.25581e+04    5.59786e+03    6.75027e+02   -5.84722e+05    0.00000e+00
      Potential    Kinetic En.   Total Energy  Conserved En.    Temperature
   -5.65891e+05    1.05841e+05   -4.60050e+05   -1.96228e+07    3.04766e+02
 Pressure (bar)   Constr. rmsd
   -3.28167e+00    3.82543e-04

           Step           Time
        2975000    59500.00000

   Energies (kJ/mol)
           Bond       G96Angle  Improper Dih.        LJ (SR)   Coulomb (SR)
    1.22657e+04    5.53094e+03    6.34414e+02   -5.82640e+05    0.00000e+00
      Potential    Kinetic En.   Total Energy  Conserved En.    Temperature
   -5.64208e+05    1.04142e+05   -4.60067e+05   -1.96549e+07    2.99873e+02
 Pressure (bar)   Constr. rmsd
   -5.25929e+01    3.95795e-04

           Step           Time
        2980000    59600.00000

   Energies (kJ/mol)
           Bond       G96Angle  Improper Dih.        LJ (SR)   Coulomb (SR)
    1.27588e+04    5.71483e+03    6.08208e+02   -5.84013e+05    0.00000e+00
      Potential    Kinetic En.   Total Energy  Conserved En.    Temperature
   -5.64932e+05    1.06036e+05   -4.58895e+05   -1.96871e+07    3.05327e+02
 Pressure (bar)   Constr. rmsd
    2.54014e+01    4.10474e-04

           Step           Time
        2985000    59700.00000

   Energies (kJ/mol)
           Bond       G96Angle  Improper Dih.        LJ (SR)   Coulomb (SR)
    1.27578e+04    5.62664e+03    6.64798e+02   -5.81997e+05    0.00000e+00
      Potential    Kinetic En.   Total Energy  Conserved En.    Temperature
   -5.62948e+05    1.06640e+05   -4.56308e+05   -1.97191e+07    3.07065e+02
 Pressure (bar)   Constr. rmsd
    3.31550e+01    3.77074e-04

           Step           Time
        2990000    59800.00000

   Energies (kJ/mol)
           Bond       G96Angle  Improper Dih.        LJ (SR)   Coulomb (SR)
    1.21065e+04    5.65800e+03    6.65361e+02   -5.82907e+05    0.00000e+00
      Potential    Kinetic En.   Total Energy  Conserved En.    Temperature
   -5.64477e+05    1.05784e+05   -4.58693e+05   -1.97510e+07    3.04601e+02
 Pressure (bar)   Constr. rmsd
   -1.74707e+01    3.72911e-04

           Step           Time
        2995000    59900.00000

   Energies (kJ/mol)
           Bond       G96Angle  Improper Dih.        LJ (SR)   Coulomb (SR)
    1.24164e+04    5.69534e+03    6.86650e+02   -5.80554e+05    0.00000e+00
      Potential    Kinetic En.   Total Energy  Conserved En.    Temperature
   -5.61756e+05    1.04157e+05   -4.57599e+05   -1.97831e+07    2.99917e+02
 Pressure (bar)   Constr. rmsd
   -1.89544e+01    3.90084e-04

           Step           Time
        3000000    60000.00000

   Energies (kJ/mol)
           Bond       G96Angle  Improper Dih.        LJ (SR)   Coulomb (SR)
    1.19437e+04    5.84301e+03    6.58497e+02   -5.81442e+05    0.00000e+00
      Potential    Kinetic En.   Total Energy  Conserved En.    Temperature
   -5.62996e+05    1.05545e+05   -4.57451e+05   -1.98152e+07    3.03913e+02
 Pressure (bar)   Constr. rmsd
   -4.26314e+01    3.57641e-04

           Step           Time
        3005000    60100.00000

   Energies (kJ/mol)
           Bond       G96Angle  Improper Dih.        LJ (SR)   Coulomb (SR)
    1.23509e+04    5.60787e+03    6.55390e+02   -5.82164e+05    0.00000e+00
      Potential    Kinetic En.   Total Energy  Conserved En.    Temperature
   -5.63550e+05    1.04677e+05   -4.58873e+05   -1.98472e+07    3.01413e+02
 Pressure (bar)   Constr. rmsd
   -4.47887e+01    3.72282e-04

           Step           Time
        3010000    60200.00000

   Energies (kJ/mol)
           Bond       G96Angle  Improper Dih.        LJ (SR)   Coulomb (SR)
    1.26515e+04    5.57520e+03    6.38010e+02   -5.80101e+05    0.00000e+00
      Potential    Kinetic En.   Total Energy  Conserved En.    Temperature
   -5.61236e+05    1.05529e+05   -4.55707e+05   -1.98793e+07    3.03868e+02
 Pressure (bar)   Constr. rmsd
   -1.20338e+01    4.02248e-04

           Step           Time
        3015000    60300.00000

   Energies (kJ/mol)
           Bond       G96Angle  Improper Dih.        LJ (SR)   Coulomb (SR)
    1.24008e+04    5.59915e+03    6.32297e+02   -5.83349e+05    0.00000e+00
      Potential    Kinetic En.   Total Energy  Conserved En.    Temperature
   -5.64717e+05    1.05254e+05   -4.59463e+05   -1.99111e+07    3.03075e+02
 Pressure (bar)   Constr. rmsd
    3.46646e+01    3.92603e-04

           Step           Time
        3020000    60400.00000

   Energies (kJ/mol)
           Bond       G96Angle  Improper Dih.        LJ (SR)   Coulomb (SR)
    1.23244e+04    5.68936e+03    6.05089e+02   -5.82498e+05    0.00000e+00
      Potential    Kinetic En.   Total Energy  Conserved En.    Temperature
   -5.63880e+05    1.05097e+05   -4.58783e+05   -1.99428e+07    3.02623e+02
 Pressure (bar)   Constr. rmsd
   -2.17557e+01    3.69063e-04

           Step           Time
        3025000    60500.00000

   Energies (kJ/mol)
           Bond       G96Angle  Improper Dih.        LJ (SR)   Coulomb (SR)
    1.26683e+04    5.53968e+03    6.84724e+02   -5.81580e+05    0.00000e+00
      Potential    Kinetic En.   Total Energy  Conserved En.    Temperature
   -5.62687e+05    1.05803e+05   -4.56884e+05   -1.99747e+07    3.04657e+02
 Pressure (bar)   Constr. rmsd
    3.67395e+01    3.83293e-04

           Step           Time
        3030000    60600.00000

   Energies (kJ/mol)
           Bond       G96Angle  Improper Dih.        LJ (SR)   Coulomb (SR)
    1.23455e+04    5.71389e+03    6.63662e+02   -5.81310e+05    0.00000e+00
      Potential    Kinetic En.   Total Energy  Conserved En.    Temperature
   -5.62586e+05    1.05114e+05   -4.57472e+05   -2.00067e+07    3.02673e+02
 Pressure (bar)   Constr. rmsd
    1.68666e+01    4.09075e-04

           Step           Time
        3035000    60700.00000

   Energies (kJ/mol)
           Bond       G96Angle  Improper Dih.        LJ (SR)   Coulomb (SR)
    1.22873e+04    5.59851e+03    6.51620e+02   -5.81158e+05    0.00000e+00
      Potential    Kinetic En.   Total Energy  Conserved En.    Temperature
   -5.62621e+05    1.05650e+05   -4.56971e+05   -2.00388e+07    3.04215e+02
 Pressure (bar)   Constr. rmsd
   -1.13104e+01    3.88630e-04

           Step           Time
        3040000    60800.00000

   Energies (kJ/mol)
           Bond       G96Angle  Improper Dih.        LJ (SR)   Coulomb (SR)
    1.23955e+04    5.87801e+03    6.60047e+02   -5.81634e+05    0.00000e+00
      Potential    Kinetic En.   Total Energy  Conserved En.    Temperature
   -5.62700e+05    1.05388e+05   -4.57312e+05   -2.00706e+07    3.03460e+02
 Pressure (bar)   Constr. rmsd
   -2.68767e+00    4.05980e-04

           Step           Time
        3045000    60900.00000

   Energies (kJ/mol)
           Bond       G96Angle  Improper Dih.        LJ (SR)   Coulomb (SR)
    1.23949e+04    5.50904e+03    6.53969e+02   -5.82331e+05    0.00000e+00
      Potential    Kinetic En.   Total Energy  Conserved En.    Temperature
   -5.63773e+05    1.05306e+05   -4.58468e+05   -2.01026e+07    3.03224e+02
 Pressure (bar)   Constr. rmsd
    1.01466e+01    3.90998e-04

           Step           Time
        3050000    61000.00000

   Energies (kJ/mol)
           Bond       G96Angle  Improper Dih.        LJ (SR)   Coulomb (SR)
    1.20032e+04    5.67106e+03    6.54374e+02   -5.81678e+05    0.00000e+00
      Potential    Kinetic En.   Total Energy  Conserved En.    Temperature
   -5.63349e+05    1.05490e+05   -4.57859e+05   -2.01346e+07    3.03754e+02
 Pressure (bar)   Constr. rmsd
   -2.87945e+01    3.67189e-04

           Step           Time
        3055000    61100.00000

   Energies (kJ/mol)
           Bond       G96Angle  Improper Dih.        LJ (SR)   Coulomb (SR)
    1.22498e+04    5.78272e+03    6.65956e+02   -5.82988e+05    0.00000e+00
      Potential    Kinetic En.   Total Energy  Conserved En.    Temperature
   -5.64289e+05    1.05497e+05   -4.58792e+05   -2.01667e+07    3.03774e+02
 Pressure (bar)   Constr. rmsd
   -2.36085e+01    3.74884e-04

           Step           Time
        3060000    61200.00000

   Energies (kJ/mol)
           Bond       G96Angle  Improper Dih.        LJ (SR)   Coulomb (SR)
    1.24844e+04    5.61737e+03    6.71798e+02   -5.83466e+05    0.00000e+00
      Potential    Kinetic En.   Total Energy  Conserved En.    Temperature
   -5.64693e+05    1.05768e+05   -4.58925e+05   -2.01988e+07    3.04555e+02
 Pressure (bar)   Constr. rmsd
   -1.68536e+01    3.69800e-04

           Step           Time
        3065000    61300.00000

   Energies (kJ/mol)
           Bond       G96Angle  Improper Dih.        LJ (SR)   Coulomb (SR)
    1.21827e+04    5.67145e+03    6.46144e+02   -5.82345e+05    0.00000e+00
      Potential    Kinetic En.   Total Energy  Conserved En.    Temperature
   -5.63845e+05    1.06118e+05   -4.57726e+05   -2.02307e+07    3.05564e+02
 Pressure (bar)   Constr. rmsd
    5.89511e-01    3.75701e-04

           Step           Time
        3070000    61400.00000

   Energies (kJ/mol)
           Bond       G96Angle  Improper Dih.        LJ (SR)   Coulomb (SR)
    1.23671e+04    5.59705e+03    6.75601e+02   -5.82348e+05    0.00000e+00
      Potential    Kinetic En.   Total Energy  Conserved En.    Temperature
   -5.63708e+05    1.06518e+05   -4.57190e+05   -2.02629e+07    3.06714e+02
 Pressure (bar)   Constr. rmsd
   -1.56181e+01    3.78650e-04

           Step           Time
        3075000    61500.00000

   Energies (kJ/mol)
           Bond       G96Angle  Improper Dih.        LJ (SR)   Coulomb (SR)
    1.23721e+04    5.81912e+03    6.35984e+02   -5.81381e+05    0.00000e+00
      Potential    Kinetic En.   Total Energy  Conserved En.    Temperature
   -5.62554e+05    1.05757e+05   -4.56797e+05   -2.02950e+07    3.04522e+02
 Pressure (bar)   Constr. rmsd
   -5.98807e-01    3.73091e-04

           Step           Time
        3080000    61600.00000

   Energies (kJ/mol)
           Bond       G96Angle  Improper Dih.        LJ (SR)   Coulomb (SR)
    1.23124e+04    5.65980e+03    5.91888e+02   -5.81037e+05    0.00000e+00
      Potential    Kinetic En.   Total Energy  Conserved En.    Temperature
   -5.62473e+05    1.05067e+05   -4.57406e+05   -2.03271e+07    3.02537e+02
 Pressure (bar)   Constr. rmsd
   -2.43410e+01    3.62583e-04

           Step           Time
        3085000    61700.00000

   Energies (kJ/mol)
           Bond       G96Angle  Improper Dih.        LJ (SR)   Coulomb (SR)
    1.21695e+04    5.54088e+03    6.35783e+02   -5.81902e+05    0.00000e+00
      Potential    Kinetic En.   Total Energy  Conserved En.    Temperature
   -5.63556e+05    1.05089e+05   -4.58467e+05   -2.03592e+07    3.02601e+02
 Pressure (bar)   Constr. rmsd
   -1.33222e+01    3.90945e-04

           Step           Time
        3090000    61800.00000

   Energies (kJ/mol)
           Bond       G96Angle  Improper Dih.        LJ (SR)   Coulomb (SR)
    1.23854e+04    5.77245e+03    6.14898e+02   -5.81145e+05    0.00000e+00
      Potential    Kinetic En.   Total Energy  Conserved En.    Temperature
   -5.62372e+05    1.05999e+05   -4.56373e+05   -2.03913e+07    3.05222e+02
 Pressure (bar)   Constr. rmsd
   -4.00426e+01    3.62465e-04

           Step           Time
        3095000    61900.00000

   Energies (kJ/mol)
           Bond       G96Angle  Improper Dih.        LJ (SR)   Coulomb (SR)
    1.23160e+04    5.76792e+03    6.98967e+02   -5.83053e+05    0.00000e+00
      Potential    Kinetic En.   Total Energy  Conserved En.    Temperature
   -5.64270e+05    1.04622e+05   -4.59648e+05   -2.04232e+07    3.01257e+02
 Pressure (bar)   Constr. rmsd
   -5.15067e+01    3.89742e-04

           Step           Time
        3100000    62000.00000

   Energies (kJ/mol)
           Bond       G96Angle  Improper Dih.        LJ (SR)   Coulomb (SR)
    1.25367e+04    5.72886e+03    6.17346e+02   -5.81380e+05    0.00000e+00
      Potential    Kinetic En.   Total Energy  Conserved En.    Temperature
   -5.62497e+05    1.05587e+05   -4.56910e+05   -2.04552e+07    3.04034e+02
 Pressure (bar)   Constr. rmsd
   -1.23622e+01    3.78596e-04

           Step           Time
        3105000    62100.00000

   Energies (kJ/mol)
           Bond       G96Angle  Improper Dih.        LJ (SR)   Coulomb (SR)
    1.29228e+04    5.43313e+03    6.76419e+02   -5.80730e+05    0.00000e+00
      Potential    Kinetic En.   Total Energy  Conserved En.    Temperature
   -5.61697e+05    1.06342e+05   -4.55355e+05   -2.04871e+07    3.06208e+02
 Pressure (bar)   Constr. rmsd
   -3.38465e-01    3.83534e-04

           Step           Time
        3110000    62200.00000

   Energies (kJ/mol)
           Bond       G96Angle  Improper Dih.        LJ (SR)   Coulomb (SR)
    1.21164e+04    5.61427e+03    6.21814e+02   -5.83531e+05    0.00000e+00
      Potential    Kinetic En.   Total Energy  Conserved En.    Temperature
   -5.65178e+05    1.04764e+05   -4.60415e+05   -2.05191e+07    3.01664e+02
 Pressure (bar)   Constr. rmsd
   -1.05676e+01    3.68573e-04

           Step           Time
        3115000    62300.00000

   Energies (kJ/mol)
           Bond       G96Angle  Improper Dih.        LJ (SR)   Coulomb (SR)
    1.26220e+04    5.73334e+03    6.03804e+02   -5.82399e+05    0.00000e+00
      Potential    Kinetic En.   Total Energy  Conserved En.    Temperature
   -5.63440e+05    1.05097e+05   -4.58343e+05   -2.05513e+07    3.02623e+02
 Pressure (bar)   Constr. rmsd
   -2.93509e+01    3.78904e-04

           Step           Time
        3120000    62400.00000

   Energies (kJ/mol)
           Bond       G96Angle  Improper Dih.        LJ (SR)   Coulomb (SR)
    1.23631e+04    5.58920e+03    6.71122e+02   -5.83818e+05    0.00000e+00
      Potential    Kinetic En.   Total Energy  Conserved En.    Temperature
   -5.65195e+05    1.04877e+05   -4.60318e+05   -2.05835e+07    3.01991e+02
 Pressure (bar)   Constr. rmsd
   -1.28403e+01    3.82499e-04

           Step           Time
        3125000    62500.00000

   Energies (kJ/mol)
           Bond       G96Angle  Improper Dih.        LJ (SR)   Coulomb (SR)
    1.25966e+04    5.59201e+03    6.03995e+02   -5.82892e+05    0.00000e+00
      Potential    Kinetic En.   Total Energy  Conserved En.    Temperature
   -5.64099e+05    1.05542e+05   -4.58557e+05   -2.06155e+07    3.03904e+02
 Pressure (bar)   Constr. rmsd
    1.18819e+01    3.86561e-04

           Step           Time
        3130000    62600.00000

   Energies (kJ/mol)
           Bond       G96Angle  Improper Dih.        LJ (SR)   Coulomb (SR)
    1.20335e+04    5.63924e+03    5.84085e+02   -5.82470e+05    0.00000e+00
      Potential    Kinetic En.   Total Energy  Conserved En.    Temperature
   -5.64214e+05    1.06308e+05   -4.57906e+05   -2.06472e+07    3.06109e+02
 Pressure (bar)   Constr. rmsd
    7.50382e+00    3.69043e-04

           Step           Time
        3135000    62700.00000

   Energies (kJ/mol)
           Bond       G96Angle  Improper Dih.        LJ (SR)   Coulomb (SR)
    1.24823e+04    5.49308e+03    5.99285e+02   -5.81435e+05    0.00000e+00
      Potential    Kinetic En.   Total Energy  Conserved En.    Temperature
   -5.62860e+05    1.06229e+05   -4.56632e+05   -2.06789e+07    3.05882e+02
 Pressure (bar)   Constr. rmsd
   -1.19923e+01    3.79892e-04

           Step           Time
        3140000    62800.00000

   Energies (kJ/mol)
           Bond       G96Angle  Improper Dih.        LJ (SR)   Coulomb (SR)
    1.25573e+04    5.65060e+03    6.36498e+02   -5.82504e+05    0.00000e+00
      Potential    Kinetic En.   Total Energy  Conserved En.    Temperature
   -5.63660e+05    1.05924e+05   -4.57735e+05   -2.07109e+07    3.05005e+02
 Pressure (bar)   Constr. rmsd
    9.00980e+00    3.66073e-04

           Step           Time
        3145000    62900.00000

   Energies (kJ/mol)
           Bond       G96Angle  Improper Dih.        LJ (SR)   Coulomb (SR)
    1.28132e+04    5.64036e+03    6.21824e+02   -5.83027e+05    0.00000e+00
      Potential    Kinetic En.   Total Energy  Conserved En.    Temperature
   -5.63952e+05    1.05972e+05   -4.57980e+05   -2.07431e+07    3.05142e+02
 Pressure (bar)   Constr. rmsd
    2.19647e+01    3.78602e-04

           Step           Time
        3150000    63000.00000

   Energies (kJ/mol)
           Bond       G96Angle  Improper Dih.        LJ (SR)   Coulomb (SR)
    1.27243e+04    5.50516e+03    6.29619e+02   -5.82535e+05    0.00000e+00
      Potential    Kinetic En.   Total Energy  Conserved En.    Temperature
   -5.63676e+05    1.05543e+05   -4.58133e+05   -2.07751e+07    3.03908e+02
 Pressure (bar)   Constr. rmsd
    4.70063e+00    3.78608e-04

           Step           Time
        3155000    63100.00000

   Energies (kJ/mol)
           Bond       G96Angle  Improper Dih.        LJ (SR)   Coulomb (SR)
    1.22145e+04    5.68427e+03    6.43193e+02   -5.82265e+05    0.00000e+00
      Potential    Kinetic En.   Total Energy  Conserved En.    Temperature
   -5.63723e+05    1.05853e+05   -4.57869e+05   -2.08073e+07    3.04801e+02
 Pressure (bar)   Constr. rmsd
    9.31934e+00    3.87659e-04

           Step           Time
        3160000    63200.00000

   Energies (kJ/mol)
           Bond       G96Angle  Improper Dih.        LJ (SR)   Coulomb (SR)
    1.22461e+04    5.66771e+03    6.79755e+02   -5.80787e+05    0.00000e+00
      Potential    Kinetic En.   Total Energy  Conserved En.    Temperature
   -5.62193e+05    1.05605e+05   -4.56589e+05   -2.08397e+07    3.04085e+02
 Pressure (bar)   Constr. rmsd
   -1.73803e+01    4.09430e-04

           Step           Time
        3165000    63300.00000

   Energies (kJ/mol)
           Bond       G96Angle  Improper Dih.        LJ (SR)   Coulomb (SR)
    1.23731e+04    5.76077e+03    6.40631e+02   -5.86425e+05    0.00000e+00
      Potential    Kinetic En.   Total Energy  Conserved En.    Temperature
   -5.67650e+05    1.05014e+05   -4.62636e+05   -2.08717e+07    3.02385e+02
 Pressure (bar)   Constr. rmsd
    3.43712e+01    3.89294e-04

           Step           Time
        3170000    63400.00000

   Energies (kJ/mol)
           Bond       G96Angle  Improper Dih.        LJ (SR)   Coulomb (SR)
    1.25468e+04    5.76920e+03    6.44514e+02   -5.81937e+05    0.00000e+00
      Potential    Kinetic En.   Total Energy  Conserved En.    Temperature
   -5.62977e+05    1.04565e+05   -4.58412e+05   -2.09035e+07    3.01091e+02
 Pressure (bar)   Constr. rmsd
    3.47133e+00    3.83217e-04

           Step           Time
        3175000    63500.00000

   Energies (kJ/mol)
           Bond       G96Angle  Improper Dih.        LJ (SR)   Coulomb (SR)
    1.22144e+04    5.76542e+03    6.76035e+02   -5.80561e+05    0.00000e+00
      Potential    Kinetic En.   Total Energy  Conserved En.    Temperature
   -5.61905e+05    1.05842e+05   -4.56063e+05   -2.09355e+07    3.04769e+02
 Pressure (bar)   Constr. rmsd
    1.04687e+00    3.86111e-04

           Step           Time
        3180000    63600.00000

   Energies (kJ/mol)
           Bond       G96Angle  Improper Dih.        LJ (SR)   Coulomb (SR)
    1.29154e+04    5.80925e+03    6.72861e+02   -5.82912e+05    0.00000e+00
      Potential    Kinetic En.   Total Energy  Conserved En.    Temperature
   -5.63515e+05    1.06124e+05   -4.57391e+05   -2.09674e+07    3.05579e+02
 Pressure (bar)   Constr. rmsd
   -8.28844e+00    3.63634e-04

           Step           Time
        3185000    63700.00000

   Energies (kJ/mol)
           Bond       G96Angle  Improper Dih.        LJ (SR)   Coulomb (SR)
    1.22627e+04    5.68726e+03    6.31832e+02   -5.85697e+05    0.00000e+00
      Potential    Kinetic En.   Total Energy  Conserved En.    Temperature
   -5.67115e+05    1.04424e+05   -4.62691e+05   -2.09993e+07    3.00685e+02
 Pressure (bar)   Constr. rmsd
   -6.40081e+00    3.72166e-04

           Step           Time
        3190000    63800.00000

   Energies (kJ/mol)
           Bond       G96Angle  Improper Dih.        LJ (SR)   Coulomb (SR)
    1.23195e+04    5.83871e+03    6.61861e+02   -5.81717e+05    0.00000e+00
      Potential    Kinetic En.   Total Energy  Conserved En.    Temperature
   -5.62897e+05    1.04898e+05   -4.57999e+05   -2.10315e+07    3.02052e+02
 Pressure (bar)   Constr. rmsd
   -2.91015e+01    3.92911e-04

           Step           Time
        3195000    63900.00000

   Energies (kJ/mol)
           Bond       G96Angle  Improper Dih.        LJ (SR)   Coulomb (SR)
    1.24612e+04    5.59838e+03    7.05249e+02   -5.82485e+05    0.00000e+00
      Potential    Kinetic En.   Total Energy  Conserved En.    Temperature
   -5.63721e+05    1.04603e+05   -4.59118e+05   -2.10635e+07    3.01200e+02
 Pressure (bar)   Constr. rmsd
   -3.30529e+01    3.94250e-04

           Step           Time
        3200000    64000.00000

   Energies (kJ/mol)
           Bond       G96Angle  Improper Dih.        LJ (SR)   Coulomb (SR)
    1.24289e+04    5.77597e+03    6.30296e+02   -5.83093e+05    0.00000e+00
      Potential    Kinetic En.   Total Energy  Conserved En.    Temperature
   -5.64258e+05    1.05130e+05   -4.59128e+05   -2.10954e+07    3.02719e+02
 Pressure (bar)   Constr. rmsd
   -3.28701e+00    3.73841e-04

           Step           Time
        3205000    64100.00000

   Energies (kJ/mol)
           Bond       G96Angle  Improper Dih.        LJ (SR)   Coulomb (SR)
    1.21706e+04    5.63603e+03    5.99396e+02   -5.82885e+05    0.00000e+00
      Potential    Kinetic En.   Total Energy  Conserved En.    Temperature
   -5.64479e+05    1.07281e+05   -4.57198e+05   -2.11276e+07    3.08911e+02
 Pressure (bar)   Constr. rmsd
    4.83566e+01    3.80107e-04

           Step           Time
        3210000    64200.00000

   Energies (kJ/mol)
           Bond       G96Angle  Improper Dih.        LJ (SR)   Coulomb (SR)
    1.20651e+04    5.83946e+03    6.73101e+02   -5.82123e+05    0.00000e+00
      Potential    Kinetic En.   Total Energy  Conserved En.    Temperature
   -5.63546e+05    1.05528e+05   -4.58018e+05   -2.11597e+07    3.03865e+02
 Pressure (bar)   Constr. rmsd
    1.37904e+01    3.90256e-04

           Step           Time
        3215000    64300.00000

   Energies (kJ/mol)
           Bond       G96Angle  Improper Dih.        LJ (SR)   Coulomb (SR)
    1.24521e+04    5.58466e+03    6.51979e+02   -5.80620e+05    0.00000e+00
      Potential    Kinetic En.   Total Energy  Conserved En.    Temperature
   -5.61932e+05    1.06313e+05   -4.55619e+05   -2.11917e+07    3.06124e+02
 Pressure (bar)   Constr. rmsd
   -3.30224e+01    3.75545e-04

           Step           Time
        3220000    64400.00000

   Energies (kJ/mol)
           Bond       G96Angle  Improper Dih.        LJ (SR)   Coulomb (SR)
    1.28312e+04    5.59788e+03    6.36601e+02   -5.83018e+05    0.00000e+00
      Potential    Kinetic En.   Total Energy  Conserved En.    Temperature
   -5.63952e+05    1.05069e+05   -4.58883e+05   -2.12238e+07    3.02542e+02
 Pressure (bar)   Constr. rmsd
   -1.67531e+01    4.06163e-04

           Step           Time
        3225000    64500.00000

   Energies (kJ/mol)
           Bond       G96Angle  Improper Dih.        LJ (SR)   Coulomb (SR)
    1.23571e+04    5.55521e+03    6.17104e+02   -5.81720e+05    0.00000e+00
      Potential    Kinetic En.   Total Energy  Conserved En.    Temperature
   -5.63190e+05    1.05190e+05   -4.58000e+05   -2.12559e+07    3.02891e+02
 Pressure (bar)   Constr. rmsd
    2.59258e+01    3.95479e-04

           Step           Time
        3230000    64600.00000

   Energies (kJ/mol)
           Bond       G96Angle  Improper Dih.        LJ (SR)   Coulomb (SR)
    1.25985e+04    5.67154e+03    6.27119e+02   -5.81571e+05    0.00000e+00
      Potential    Kinetic En.   Total Energy  Conserved En.    Temperature
   -5.62674e+05    1.06342e+05   -4.56331e+05   -2.12881e+07    3.06209e+02
 Pressure (bar)   Constr. rmsd
    1.23630e+01    3.85017e-04

           Step           Time
        3235000    64700.00000

   Energies (kJ/mol)
           Bond       G96Angle  Improper Dih.        LJ (SR)   Coulomb (SR)
    1.23453e+04    5.56929e+03    6.18242e+02   -5.80320e+05    0.00000e+00
      Potential    Kinetic En.   Total Energy  Conserved En.    Temperature
   -5.61787e+05    1.06454e+05   -4.55332e+05   -2.13200e+07    3.06532e+02
 Pressure (bar)   Constr. rmsd
   -5.04991e+00    3.76791e-04

           Step           Time
        3240000    64800.00000

   Energies (kJ/mol)
           Bond       G96Angle  Improper Dih.        LJ (SR)   Coulomb (SR)
    1.21633e+04    5.71645e+03    6.82416e+02   -5.80868e+05    0.00000e+00
      Potential    Kinetic En.   Total Energy  Conserved En.    Temperature
   -5.62306e+05    1.04844e+05   -4.57462e+05   -2.13520e+07    3.01894e+02
 Pressure (bar)   Constr. rmsd
   -2.68132e+01    3.43967e-04

           Step           Time
        3245000    64900.00000

   Energies (kJ/mol)
           Bond       G96Angle  Improper Dih.        LJ (SR)   Coulomb (SR)
    1.23112e+04    5.57526e+03    6.59116e+02   -5.83775e+05    0.00000e+00
      Potential    Kinetic En.   Total Energy  Conserved En.    Temperature
   -5.65230e+05    1.05599e+05   -4.59631e+05   -2.13841e+07    3.04068e+02
 Pressure (bar)   Constr. rmsd
    3.60244e+01    3.80125e-04

           Step           Time
        3250000    65000.00000

   Energies (kJ/mol)
           Bond       G96Angle  Improper Dih.        LJ (SR)   Coulomb (SR)
    1.25150e+04    5.61847e+03    5.76461e+02   -5.83724e+05    0.00000e+00
      Potential    Kinetic En.   Total Energy  Conserved En.    Temperature
   -5.65014e+05    1.05542e+05   -4.59472e+05   -2.14161e+07    3.03904e+02
 Pressure (bar)   Constr. rmsd
   -6.78671e-01    3.79439e-04

           Step           Time
        3255000    65100.00000

   Energies (kJ/mol)
           Bond       G96Angle  Improper Dih.        LJ (SR)   Coulomb (SR)
    1.23877e+04    5.65461e+03    6.76904e+02   -5.81882e+05    0.00000e+00
      Potential    Kinetic En.   Total Energy  Conserved En.    Temperature
   -5.63162e+05    1.05615e+05   -4.57547e+05   -2.14483e+07    3.04115e+02
 Pressure (bar)   Constr. rmsd
    1.55118e+00    3.93770e-04

           Step           Time
        3260000    65200.00000

   Energies (kJ/mol)
           Bond       G96Angle  Improper Dih.        LJ (SR)   Coulomb (SR)
    1.23004e+04    5.64213e+03    6.11206e+02   -5.83682e+05    0.00000e+00
      Potential    Kinetic En.   Total Energy  Conserved En.    Temperature
   -5.65128e+05    1.04384e+05   -4.60744e+05   -2.14804e+07    3.00569e+02
 Pressure (bar)   Constr. rmsd
    2.66922e-01    3.80292e-04

           Step           Time
        3265000    65300.00000

   Energies (kJ/mol)
           Bond       G96Angle  Improper Dih.        LJ (SR)   Coulomb (SR)
    1.24404e+04    5.60094e+03    6.15823e+02   -5.83684e+05    0.00000e+00
      Potential    Kinetic En.   Total Energy  Conserved En.    Temperature
   -5.65027e+05    1.05642e+05   -4.59385e+05   -2.15129e+07    3.04191e+02
 Pressure (bar)   Constr. rmsd
   -1.61843e+01    3.92654e-04

           Step           Time
        3270000    65400.00000

   Energies (kJ/mol)
           Bond       G96Angle  Improper Dih.        LJ (SR)   Coulomb (SR)
    1.26987e+04    5.83891e+03    6.70338e+02   -5.81718e+05    0.00000e+00
      Potential    Kinetic En.   Total Energy  Conserved En.    Temperature
   -5.62510e+05    1.06144e+05   -4.56366e+05   -2.15451e+07    3.05638e+02
 Pressure (bar)   Constr. rmsd
    6.83966e+00    3.86510e-04

           Step           Time
        3275000    65500.00000

   Energies (kJ/mol)
           Bond       G96Angle  Improper Dih.        LJ (SR)   Coulomb (SR)
    1.24815e+04    5.87894e+03    5.49217e+02   -5.81781e+05    0.00000e+00
      Potential    Kinetic En.   Total Energy  Conserved En.    Temperature
   -5.62871e+05    1.06199e+05   -4.56673e+05   -2.15772e+07    3.05796e+02
 Pressure (bar)   Constr. rmsd
    3.25111e+01    3.84266e-04

           Step           Time
        3280000    65600.00000

   Energies (kJ/mol)
           Bond       G96Angle  Improper Dih.        LJ (SR)   Coulomb (SR)
    1.22209e+04    5.75996e+03    6.65162e+02   -5.83292e+05    0.00000e+00
      Potential    Kinetic En.   Total Energy  Conserved En.    Temperature
   -5.64646e+05    1.05753e+05   -4.58893e+05   -2.16093e+07    3.04511e+02
 Pressure (bar)   Constr. rmsd
   -3.24046e-01    3.86464e-04

           Step           Time
        3285000    65700.00000

   Energies (kJ/mol)
           Bond       G96Angle  Improper Dih.        LJ (SR)   Coulomb (SR)
    1.25550e+04    5.65452e+03    6.27838e+02   -5.81753e+05    0.00000e+00
      Potential    Kinetic En.   Total Energy  Conserved En.    Temperature
   -5.62916e+05    1.05169e+05   -4.57746e+05   -2.16415e+07    3.02831e+02
 Pressure (bar)   Constr. rmsd
   -1.82625e+01    3.91699e-04

           Step           Time
        3290000    65800.00000

   Energies (kJ/mol)
           Bond       G96Angle  Improper Dih.        LJ (SR)   Coulomb (SR)
    1.23290e+04    5.76120e+03    6.18308e+02   -5.81173e+05    0.00000e+00
      Potential    Kinetic En.   Total Energy  Conserved En.    Temperature
   -5.62465e+05    1.05727e+05   -4.56738e+05   -2.16739e+07    3.04437e+02
 Pressure (bar)   Constr. rmsd
    4.58342e+01    3.98605e-04

           Step           Time
        3295000    65900.00000

   Energies (kJ/mol)
           Bond       G96Angle  Improper Dih.        LJ (SR)   Coulomb (SR)
    1.19294e+04    5.32171e+03    6.75022e+02   -5.82275e+05    0.00000e+00
      Potential    Kinetic En.   Total Energy  Conserved En.    Temperature
   -5.64349e+05    1.06290e+05   -4.58059e+05   -2.17061e+07    3.06058e+02
 Pressure (bar)   Constr. rmsd
   -1.29615e+00    3.66489e-04

           Step           Time
        3300000    66000.00000

   Energies (kJ/mol)
           Bond       G96Angle  Improper Dih.        LJ (SR)   Coulomb (SR)
    1.25876e+04    5.66951e+03    6.31212e+02   -5.85349e+05    0.00000e+00
      Potential    Kinetic En.   Total Energy  Conserved En.    Temperature
   -5.66461e+05    1.04767e+05   -4.61694e+05   -2.17383e+07    3.01672e+02
 Pressure (bar)   Constr. rmsd
   -1.57234e+00    3.84054e-04

           Step           Time
        3305000    66100.00000

   Energies (kJ/mol)
           Bond       G96Angle  Improper Dih.        LJ (SR)   Coulomb (SR)
    1.23514e+04    5.71076e+03    6.37961e+02   -5.82541e+05    0.00000e+00
      Potential    Kinetic En.   Total Energy  Conserved En.    Temperature
   -5.63841e+05    1.05296e+05   -4.58544e+05   -2.17708e+07    3.03197e+02
 Pressure (bar)   Constr. rmsd
    3.73849e+00    3.88487e-04

           Step           Time
        3310000    66200.00000

   Energies (kJ/mol)
           Bond       G96Angle  Improper Dih.        LJ (SR)   Coulomb (SR)
    1.23865e+04    5.58694e+03    6.46759e+02   -5.83242e+05    0.00000e+00
      Potential    Kinetic En.   Total Energy  Conserved En.    Temperature
   -5.64622e+05    1.04842e+05   -4.59780e+05   -2.18026e+07    3.01888e+02
 Pressure (bar)   Constr. rmsd
   -3.19000e+01    3.55901e-04

           Step           Time
        3315000    66300.00000

   Energies (kJ/mol)
           Bond       G96Angle  Improper Dih.        LJ (SR)   Coulomb (SR)
    1.28809e+04    5.66860e+03    6.39701e+02   -5.83439e+05    0.00000e+00
      Potential    Kinetic En.   Total Energy  Conserved En.    Temperature
   -5.64250e+05    1.05253e+05   -4.58997e+05   -2.18345e+07    3.03071e+02
 Pressure (bar)   Constr. rmsd
   -5.82893e+00    3.88364e-04

           Step           Time
        3320000    66400.00000

   Energies (kJ/mol)
           Bond       G96Angle  Improper Dih.        LJ (SR)   Coulomb (SR)
    1.24117e+04    5.66717e+03    6.37033e+02   -5.82798e+05    0.00000e+00
      Potential    Kinetic En.   Total Energy  Conserved En.    Temperature
   -5.64082e+05    1.05580e+05   -4.58502e+05   -2.18667e+07    3.04013e+02
 Pressure (bar)   Constr. rmsd
   -3.82976e+00    3.83517e-04

           Step           Time
        3325000    66500.00000

   Energies (kJ/mol)
           Bond       G96Angle  Improper Dih.        LJ (SR)   Coulomb (SR)
    1.25033e+04    5.78541e+03    7.18765e+02   -5.82623e+05    0.00000e+00
      Potential    Kinetic En.   Total Energy  Conserved En.    Temperature
   -5.63616e+05    1.05484e+05   -4.58132e+05   -2.18988e+07    3.03736e+02
 Pressure (bar)   Constr. rmsd
   -2.44196e+00    3.80742e-04

           Step           Time
        3330000    66600.00000

   Energies (kJ/mol)
           Bond       G96Angle  Improper Dih.        LJ (SR)   Coulomb (SR)
    1.24802e+04    5.51010e+03    6.53498e+02   -5.81982e+05    0.00000e+00
      Potential    Kinetic En.   Total Energy  Conserved En.    Temperature
   -5.63339e+05    1.05438e+05   -4.57901e+05   -2.19308e+07    3.03604e+02
 Pressure (bar)   Constr. rmsd
   -2.41442e+01    3.87385e-04

           Step           Time
        3335000    66700.00000

   Energies (kJ/mol)
           Bond       G96Angle  Improper Dih.        LJ (SR)   Coulomb (SR)
    1.25682e+04    5.76628e+03    5.84642e+02   -5.82147e+05    0.00000e+00
      Potential    Kinetic En.   Total Energy  Conserved En.    Temperature
   -5.63228e+05    1.05459e+05   -4.57769e+05   -2.19627e+07    3.03666e+02
 Pressure (bar)   Constr. rmsd
    1.95533e+01    3.97139e-04

           Step           Time
        3340000    66800.00000

   Energies (kJ/mol)
           Bond       G96Angle  Improper Dih.        LJ (SR)   Coulomb (SR)
    1.24989e+04    5.79870e+03    6.43984e+02   -5.82246e+05    0.00000e+00
      Potential    Kinetic En.   Total Energy  Conserved En.    Temperature
   -5.63304e+05    1.05156e+05   -4.58148e+05   -2.19946e+07    3.02794e+02
 Pressure (bar)   Constr. rmsd
   -9.49262e+00    3.75683e-04

           Step           Time
        3345000    66900.00000

   Energies (kJ/mol)
           Bond       G96Angle  Improper Dih.        LJ (SR)   Coulomb (SR)
    1.22785e+04    5.65009e+03    6.05631e+02   -5.81712e+05    0.00000e+00
      Potential    Kinetic En.   Total Energy  Conserved En.    Temperature
   -5.63177e+05    1.05639e+05   -4.57539e+05   -2.20265e+07    3.04183e+02
 Pressure (bar)   Constr. rmsd
   -2.82470e+01    3.89396e-04

           Step           Time
        3350000    67000.00000

   Energies (kJ/mol)
           Bond       G96Angle  Improper Dih.        LJ (SR)   Coulomb (SR)
    1.24785e+04    5.58956e+03    5.93328e+02   -5.80548e+05    0.00000e+00
      Potential    Kinetic En.   Total Energy  Conserved En.    Temperature
   -5.61887e+05    1.05582e+05   -4.56304e+05   -2.20587e+07    3.04021e+02
 Pressure (bar)   Constr. rmsd
   -1.22773e+01    3.66849e-04

           Step           Time
        3355000    67100.00000

   Energies (kJ/mol)
           Bond       G96Angle  Improper Dih.        LJ (SR)   Coulomb (SR)
    1.22744e+04    5.84467e+03    6.24340e+02   -5.80416e+05    0.00000e+00
      Potential    Kinetic En.   Total Energy  Conserved En.    Temperature
   -5.61672e+05    1.06588e+05   -4.55084e+05   -2.20905e+07    3.06917e+02
 Pressure (bar)   Constr. rmsd
    2.48652e+01    3.92772e-04

           Step           Time
        3360000    67200.00000

   Energies (kJ/mol)
           Bond       G96Angle  Improper Dih.        LJ (SR)   Coulomb (SR)
    1.22209e+04    5.58261e+03    6.30374e+02   -5.81576e+05    0.00000e+00
      Potential    Kinetic En.   Total Energy  Conserved En.    Temperature
   -5.63142e+05    1.05225e+05   -4.57917e+05   -2.21226e+07    3.02991e+02
 Pressure (bar)   Constr. rmsd
   -3.17717e+01    3.55699e-04

           Step           Time
        3365000    67300.00000

   Energies (kJ/mol)
           Bond       G96Angle  Improper Dih.        LJ (SR)   Coulomb (SR)
    1.23565e+04    5.72011e+03    6.87411e+02   -5.84723e+05    0.00000e+00
      Potential    Kinetic En.   Total Energy  Conserved En.    Temperature
   -5.65959e+05    1.04253e+05   -4.61706e+05   -2.21547e+07    3.00193e+02
 Pressure (bar)   Constr. rmsd
   -4.96436e+00    3.86417e-04

           Step           Time
        3370000    67400.00000

   Energies (kJ/mol)
           Bond       G96Angle  Improper Dih.        LJ (SR)   Coulomb (SR)
    1.26760e+04    5.61638e+03    6.33991e+02   -5.82184e+05    0.00000e+00
      Potential    Kinetic En.   Total Energy  Conserved En.    Temperature
   -5.63258e+05    1.06006e+05   -4.57251e+05   -2.21862e+07    3.05241e+02
 Pressure (bar)   Constr. rmsd
    2.96865e+01    3.93389e-04

           Step           Time
        3375000    67500.00000

   Energies (kJ/mol)
           Bond       G96Angle  Improper Dih.        LJ (SR)   Coulomb (SR)
    1.21959e+04    5.89697e+03    6.35129e+02   -5.81923e+05    0.00000e+00
      Potential    Kinetic En.   Total Energy  Conserved En.    Temperature
   -5.63195e+05    1.05336e+05   -4.57859e+05   -2.22181e+07    3.03311e+02
 Pressure (bar)   Constr. rmsd
   -2.03672e+01    4.04280e-04

           Step           Time
        3380000    67600.00000

   Energies (kJ/mol)
           Bond       G96Angle  Improper Dih.        LJ (SR)   Coulomb (SR)
    1.22069e+04    5.63575e+03    5.98535e+02   -5.82561e+05    0.00000e+00
      Potential    Kinetic En.   Total Energy  Conserved En.    Temperature
   -5.64120e+05    1.06412e+05   -4.57707e+05   -2.22502e+07    3.06411e+02
 Pressure (bar)   Constr. rmsd
   -8.55601e-01    3.72514e-04

           Step           Time
        3385000    67700.00000

   Energies (kJ/mol)
           Bond       G96Angle  Improper Dih.        LJ (SR)   Coulomb (SR)
    1.23517e+04    5.68607e+03    5.84974e+02   -5.83475e+05    0.00000e+00
      Potential    Kinetic En.   Total Energy  Conserved En.    Temperature
   -5.64852e+05    1.05065e+05   -4.59788e+05   -2.22824e+07    3.02530e+02
 Pressure (bar)   Constr. rmsd
   -3.28955e+01    3.85402e-04

           Step           Time
        3390000    67800.00000

   Energies (kJ/mol)
           Bond       G96Angle  Improper Dih.        LJ (SR)   Coulomb (SR)
    1.25538e+04    5.63182e+03    6.32267e+02   -5.81047e+05    0.00000e+00
      Potential    Kinetic En.   Total Energy  Conserved En.    Temperature
   -5.62230e+05    1.05674e+05   -4.56555e+05   -2.23145e+07    3.04285e+02
 Pressure (bar)   Constr. rmsd
   -3.21311e+01    3.98522e-04

           Step           Time
        3395000    67900.00000

   Energies (kJ/mol)
           Bond       G96Angle  Improper Dih.        LJ (SR)   Coulomb (SR)
    1.27718e+04    5.90844e+03    6.35084e+02   -5.82996e+05    0.00000e+00
      Potential    Kinetic En.   Total Energy  Conserved En.    Temperature
   -5.63681e+05    1.06542e+05   -4.57139e+05   -2.23465e+07    3.06784e+02
 Pressure (bar)   Constr. rmsd
    3.22715e+01    4.00479e-04

           Step           Time
        3400000    68000.00000

   Energies (kJ/mol)
           Bond       G96Angle  Improper Dih.        LJ (SR)   Coulomb (SR)
    1.23450e+04    5.73338e+03    7.10541e+02   -5.79888e+05    0.00000e+00
      Potential    Kinetic En.   Total Energy  Conserved En.    Temperature
   -5.61099e+05    1.05273e+05   -4.55826e+05   -2.23783e+07    3.03129e+02
 Pressure (bar)   Constr. rmsd
   -1.70693e+01    3.84874e-04

           Step           Time
        3405000    68100.00000

   Energies (kJ/mol)
           Bond       G96Angle  Improper Dih.        LJ (SR)   Coulomb (SR)
    1.20370e+04    5.65605e+03    6.88123e+02   -5.81424e+05    0.00000e+00
      Potential    Kinetic En.   Total Energy  Conserved En.    Temperature
   -5.63043e+05    1.05557e+05   -4.57486e+05   -2.24101e+07    3.03947e+02
 Pressure (bar)   Constr. rmsd
   -3.76700e+01    3.68653e-04

           Step           Time
        3410000    68200.00000

   Energies (kJ/mol)
           Bond       G96Angle  Improper Dih.        LJ (SR)   Coulomb (SR)
    1.23326e+04    5.72183e+03    7.30990e+02   -5.80340e+05    0.00000e+00
      Potential    Kinetic En.   Total Energy  Conserved En.    Temperature
   -5.61554e+05    1.06009e+05   -4.55545e+05   -2.24418e+07    3.05249e+02
 Pressure (bar)   Constr. rmsd
   -2.87176e+01    3.76402e-04

           Step           Time
        3415000    68300.00000

   Energies (kJ/mol)
           Bond       G96Angle  Improper Dih.        LJ (SR)   Coulomb (SR)
    1.19955e+04    5.62192e+03    6.40070e+02   -5.81477e+05    0.00000e+00
      Potential    Kinetic En.   Total Energy  Conserved En.    Temperature
   -5.63219e+05    1.05963e+05   -4.57256e+05   -2.24739e+07    3.05118e+02
 Pressure (bar)   Constr. rmsd
   -6.45035e+00    3.65567e-04

           Step           Time
        3420000    68400.00000

   Energies (kJ/mol)
           Bond       G96Angle  Improper Dih.        LJ (SR)   Coulomb (SR)
    1.27152e+04    5.79817e+03    6.58727e+02   -5.81458e+05    0.00000e+00
      Potential    Kinetic En.   Total Energy  Conserved En.    Temperature
   -5.62286e+05    1.06703e+05   -4.55583e+05   -2.25059e+07    3.07248e+02
 Pressure (bar)   Constr. rmsd
   -4.69943e+00    3.63172e-04

           Step           Time
        3425000    68500.00000

   Energies (kJ/mol)
           Bond       G96Angle  Improper Dih.        LJ (SR)   Coulomb (SR)
    1.26507e+04    5.71841e+03    6.08249e+02   -5.81423e+05    0.00000e+00
      Potential    Kinetic En.   Total Energy  Conserved En.    Temperature
   -5.62446e+05    1.06191e+05   -4.56255e+05   -2.25379e+07    3.05773e+02
 Pressure (bar)   Constr. rmsd
   -1.36734e+01    3.73327e-04

           Step           Time
        3430000    68600.00000

   Energies (kJ/mol)
           Bond       G96Angle  Improper Dih.        LJ (SR)   Coulomb (SR)
    1.23972e+04    5.83488e+03    6.66709e+02   -5.81670e+05    0.00000e+00
      Potential    Kinetic En.   Total Energy  Conserved En.    Temperature
   -5.62771e+05    1.06694e+05   -4.56077e+05   -2.25698e+07    3.07223e+02
 Pressure (bar)   Constr. rmsd
   -2.17618e+01    3.69841e-04

           Step           Time
        3435000    68700.00000

   Energies (kJ/mol)
           Bond       G96Angle  Improper Dih.        LJ (SR)   Coulomb (SR)
    1.24725e+04    5.94660e+03    6.45695e+02   -5.81047e+05    0.00000e+00
      Potential    Kinetic En.   Total Energy  Conserved En.    Temperature
   -5.61982e+05    1.05992e+05   -4.55990e+05   -2.26018e+07    3.05200e+02
 Pressure (bar)   Constr. rmsd
    7.01270e+00    3.84563e-04

           Step           Time
        3440000    68800.00000

   Energies (kJ/mol)
           Bond       G96Angle  Improper Dih.        LJ (SR)   Coulomb (SR)
    1.20706e+04    5.87622e+03    6.17780e+02   -5.82259e+05    0.00000e+00
      Potential    Kinetic En.   Total Energy  Conserved En.    Temperature
   -5.63694e+05    1.06045e+05   -4.57649e+05   -2.26338e+07    3.05352e+02
 Pressure (bar)   Constr. rmsd
    5.83312e-02    3.72956e-04

           Step           Time
        3445000    68900.00000

   Energies (kJ/mol)
           Bond       G96Angle  Improper Dih.        LJ (SR)   Coulomb (SR)
    1.24078e+04    5.72692e+03    6.63855e+02   -5.81176e+05    0.00000e+00
      Potential    Kinetic En.   Total Energy  Conserved En.    Temperature
   -5.62377e+05    1.06226e+05   -4.56152e+05   -2.26657e+07    3.05873e+02
 Pressure (bar)   Constr. rmsd
   -3.43874e+01    3.70247e-04

           Step           Time
        3450000    69000.00000

   Energies (kJ/mol)
           Bond       G96Angle  Improper Dih.        LJ (SR)   Coulomb (SR)
    1.22408e+04    5.65837e+03    5.73732e+02   -5.79981e+05    0.00000e+00
      Potential    Kinetic En.   Total Energy  Conserved En.    Temperature
   -5.61508e+05    1.05783e+05   -4.55726e+05   -2.26974e+07    3.04597e+02
 Pressure (bar)   Constr. rmsd
   -1.42657e+01    3.82740e-04

           Step           Time
        3455000    69100.00000

   Energies (kJ/mol)
           Bond       G96Angle  Improper Dih.        LJ (SR)   Coulomb (SR)
    1.26610e+04    5.83469e+03    6.54352e+02   -5.83098e+05    0.00000e+00
      Potential    Kinetic En.   Total Energy  Conserved En.    Temperature
   -5.63948e+05    1.06480e+05   -4.57467e+05   -2.27294e+07    3.06606e+02
 Pressure (bar)   Constr. rmsd
    2.47148e+01    3.81325e-04

           Step           Time
        3460000    69200.00000

   Energies (kJ/mol)
           Bond       G96Angle  Improper Dih.        LJ (SR)   Coulomb (SR)
    1.23931e+04    5.68102e+03    5.97219e+02   -5.82263e+05    0.00000e+00
      Potential    Kinetic En.   Total Energy  Conserved En.    Temperature
   -5.63592e+05    1.06731e+05   -4.56861e+05   -2.27616e+07    3.07327e+02
 Pressure (bar)   Constr. rmsd
   -3.43582e+01    3.66245e-04

           Step           Time
        3465000    69300.00000

   Energies (kJ/mol)
           Bond       G96Angle  Improper Dih.        LJ (SR)   Coulomb (SR)
    1.21740e+04    5.57063e+03    5.86957e+02   -5.81476e+05    0.00000e+00
      Potential    Kinetic En.   Total Energy  Conserved En.    Temperature
   -5.63144e+05    1.06542e+05   -4.56602e+05   -2.27938e+07    3.06784e+02
 Pressure (bar)   Constr. rmsd
   -4.62111e+01    3.82969e-04

           Step           Time
        3470000    69400.00000

   Energies (kJ/mol)
           Bond       G96Angle  Improper Dih.        LJ (SR)   Coulomb (SR)
    1.23702e+04    5.75526e+03    6.56164e+02   -5.83083e+05    0.00000e+00
      Potential    Kinetic En.   Total Energy  Conserved En.    Temperature
   -5.64301e+05    1.04744e+05   -4.59557e+05   -2.28258e+07    3.01608e+02
 Pressure (bar)   Constr. rmsd
   -3.51035e+01    3.68222e-04

           Step           Time
        3475000    69500.00000

   Energies (kJ/mol)
           Bond       G96Angle  Improper Dih.        LJ (SR)   Coulomb (SR)
    1.22719e+04    5.69888e+03    6.58074e+02   -5.83825e+05    0.00000e+00
      Potential    Kinetic En.   Total Energy  Conserved En.    Temperature
   -5.65197e+05    1.05442e+05   -4.59754e+05   -2.28576e+07    3.03617e+02
 Pressure (bar)   Constr. rmsd
    3.25735e+01    3.98099e-04

           Step           Time
        3480000    69600.00000

   Energies (kJ/mol)
           Bond       G96Angle  Improper Dih.        LJ (SR)   Coulomb (SR)
    1.23638e+04    5.71789e+03    6.88155e+02   -5.80257e+05    0.00000e+00
      Potential    Kinetic En.   Total Energy  Conserved En.    Temperature
   -5.61487e+05    1.05605e+05   -4.55882e+05   -2.28895e+07    3.04085e+02
 Pressure (bar)   Constr. rmsd
    8.72846e+00    3.94233e-04

           Step           Time
        3485000    69700.00000

   Energies (kJ/mol)
           Bond       G96Angle  Improper Dih.        LJ (SR)   Coulomb (SR)
    1.20359e+04    5.60036e+03    6.31083e+02   -5.81687e+05    0.00000e+00
      Potential    Kinetic En.   Total Energy  Conserved En.    Temperature
   -5.63420e+05    1.06213e+05   -4.57207e+05   -2.29216e+07    3.05835e+02
 Pressure (bar)   Constr. rmsd
   -2.81660e+01    4.01508e-04

           Step           Time
        3490000    69800.00000

   Energies (kJ/mol)
           Bond       G96Angle  Improper Dih.        LJ (SR)   Coulomb (SR)
    1.26303e+04    5.77347e+03    6.95609e+02   -5.81961e+05    0.00000e+00
      Potential    Kinetic En.   Total Energy  Conserved En.    Temperature
   -5.62862e+05    1.05400e+05   -4.57462e+05   -2.29535e+07    3.03496e+02
 Pressure (bar)   Constr. rmsd
   -1.36190e+01    3.53407e-04

           Step           Time
        3495000    69900.00000

   Energies (kJ/mol)
           Bond       G96Angle  Improper Dih.        LJ (SR)   Coulomb (SR)
    1.26825e+04    5.59706e+03    6.28371e+02   -5.82808e+05    0.00000e+00
      Potential    Kinetic En.   Total Energy  Conserved En.    Temperature
   -5.63900e+05    1.05634e+05   -4.58266e+05   -2.29855e+07    3.04169e+02
 Pressure (bar)   Constr. rmsd
    2.59137e+01    3.87952e-04

           Step           Time
        3500000    70000.00000

   Energies (kJ/mol)
           Bond       G96Angle  Improper Dih.        LJ (SR)   Coulomb (SR)
    1.25961e+04    5.50845e+03    6.45835e+02   -5.82230e+05    0.00000e+00
      Potential    Kinetic En.   Total Energy  Conserved En.    Temperature
   -5.63480e+05    1.06763e+05   -4.56717e+05   -2.30172e+07    3.07420e+02
 Pressure (bar)   Constr. rmsd
    5.70755e+00    3.89022e-04

           Step           Time
        3505000    70100.00000

   Energies (kJ/mol)
           Bond       G96Angle  Improper Dih.        LJ (SR)   Coulomb (SR)
    1.25857e+04    5.72772e+03    6.18840e+02   -5.83293e+05    0.00000e+00
      Potential    Kinetic En.   Total Energy  Conserved En.    Temperature
   -5.64361e+05    1.05533e+05   -4.58828e+05   -2.30491e+07    3.03879e+02
 Pressure (bar)   Constr. rmsd
    4.08371e+01    3.75723e-04

           Step           Time
        3510000    70200.00000

   Energies (kJ/mol)
           Bond       G96Angle  Improper Dih.        LJ (SR)   Coulomb (SR)
    1.23748e+04    5.64080e+03    6.00302e+02   -5.81650e+05    0.00000e+00
      Potential    Kinetic En.   Total Energy  Conserved En.    Temperature
   -5.63034e+05    1.06056e+05   -4.56978e+05   -2.30809e+07    3.05384e+02
 Pressure (bar)   Constr. rmsd
    5.60108e-01    3.83931e-04

           Step           Time
        3515000    70300.00000

   Energies (kJ/mol)
           Bond       G96Angle  Improper Dih.        LJ (SR)   Coulomb (SR)
    1.21294e+04    5.64504e+03    6.33233e+02   -5.78826e+05    0.00000e+00
      Potential    Kinetic En.   Total Energy  Conserved En.    Temperature
   -5.60418e+05    1.05722e+05   -4.54696e+05   -2.31129e+07    3.04423e+02
 Pressure (bar)   Constr. rmsd
    1.79890e-01    3.72083e-04

Writing checkpoint, step 3515675 at Fri Feb 24 18:51:17 2023


           Step           Time
        3520000    70400.00000

   Energies (kJ/mol)
           Bond       G96Angle  Improper Dih.        LJ (SR)   Coulomb (SR)
    1.21984e+04    5.82560e+03    6.79748e+02   -5.82562e+05    0.00000e+00
      Potential    Kinetic En.   Total Energy  Conserved En.    Temperature
   -5.63858e+05    1.04980e+05   -4.58878e+05   -2.31448e+07    3.02286e+02
 Pressure (bar)   Constr. rmsd
    1.70908e+01    3.85626e-04

           Step           Time
        3525000    70500.00000

   Energies (kJ/mol)
           Bond       G96Angle  Improper Dih.        LJ (SR)   Coulomb (SR)
    1.23696e+04    6.04429e+03    6.37725e+02   -5.80392e+05    0.00000e+00
      Potential    Kinetic En.   Total Energy  Conserved En.    Temperature
   -5.61340e+05    1.05254e+05   -4.56086e+05   -2.31767e+07    3.03076e+02
 Pressure (bar)   Constr. rmsd
   -2.10975e+01    3.61224e-04

           Step           Time
        3530000    70600.00000

   Energies (kJ/mol)
           Bond       G96Angle  Improper Dih.        LJ (SR)   Coulomb (SR)
    1.26070e+04    5.73319e+03    6.92054e+02   -5.80037e+05    0.00000e+00
      Potential    Kinetic En.   Total Energy  Conserved En.    Temperature
   -5.61005e+05    1.05236e+05   -4.55769e+05   -2.32085e+07    3.03023e+02
 Pressure (bar)   Constr. rmsd
    1.24707e+01    3.77319e-04

           Step           Time
        3535000    70700.00000

   Energies (kJ/mol)
           Bond       G96Angle  Improper Dih.        LJ (SR)   Coulomb (SR)
    1.24288e+04    5.66820e+03    6.66084e+02   -5.83350e+05    0.00000e+00
      Potential    Kinetic En.   Total Energy  Conserved En.    Temperature
   -5.64587e+05    1.05969e+05   -4.58618e+05   -2.32404e+07    3.05134e+02
 Pressure (bar)   Constr. rmsd
    2.10242e+01    3.87701e-04

           Step           Time
        3540000    70800.00000

   Energies (kJ/mol)
           Bond       G96Angle  Improper Dih.        LJ (SR)   Coulomb (SR)
    1.29821e+04    5.84362e+03    5.80137e+02   -5.82401e+05    0.00000e+00
      Potential    Kinetic En.   Total Energy  Conserved En.    Temperature
   -5.62995e+05    1.06656e+05   -4.56339e+05   -2.32724e+07    3.07112e+02
 Pressure (bar)   Constr. rmsd
   -3.06393e+01    3.86897e-04

           Step           Time
        3545000    70900.00000

   Energies (kJ/mol)
           Bond       G96Angle  Improper Dih.        LJ (SR)   Coulomb (SR)
    1.25713e+04    5.56213e+03    6.74545e+02   -5.81778e+05    0.00000e+00
      Potential    Kinetic En.   Total Energy  Conserved En.    Temperature
   -5.62970e+05    1.05113e+05   -4.57857e+05   -2.33042e+07    3.02670e+02
 Pressure (bar)   Constr. rmsd
    1.29628e+01    3.77561e-04

           Step           Time
        3550000    71000.00000

   Energies (kJ/mol)
           Bond       G96Angle  Improper Dih.        LJ (SR)   Coulomb (SR)
    1.22451e+04    5.60270e+03    6.95592e+02   -5.81915e+05    0.00000e+00
      Potential    Kinetic En.   Total Energy  Conserved En.    Temperature
   -5.63372e+05    1.05947e+05   -4.57424e+05   -2.33362e+07    3.05072e+02
 Pressure (bar)   Constr. rmsd
   -2.16664e+01    3.77854e-04

           Step           Time
        3555000    71100.00000

   Energies (kJ/mol)
           Bond       G96Angle  Improper Dih.        LJ (SR)   Coulomb (SR)
    1.21195e+04    5.66325e+03    6.26838e+02   -5.83267e+05    0.00000e+00
      Potential    Kinetic En.   Total Energy  Conserved En.    Temperature
   -5.64857e+05    1.05183e+05   -4.59674e+05   -2.33680e+07    3.02871e+02
 Pressure (bar)   Constr. rmsd
   -8.18908e+00    3.77791e-04

           Step           Time
        3560000    71200.00000

   Energies (kJ/mol)
           Bond       G96Angle  Improper Dih.        LJ (SR)   Coulomb (SR)
    1.23224e+04    5.78796e+03    6.52943e+02   -5.81723e+05    0.00000e+00
      Potential    Kinetic En.   Total Energy  Conserved En.    Temperature
   -5.62960e+05    1.04788e+05   -4.58172e+05   -2.34000e+07    3.01734e+02
 Pressure (bar)   Constr. rmsd
   -2.60656e+01    3.69852e-04

           Step           Time
        3565000    71300.00000

   Energies (kJ/mol)
           Bond       G96Angle  Improper Dih.        LJ (SR)   Coulomb (SR)
    1.26009e+04    5.54331e+03    7.14189e+02   -5.82640e+05    0.00000e+00
      Potential    Kinetic En.   Total Energy  Conserved En.    Temperature
   -5.63782e+05    1.05879e+05   -4.57903e+05   -2.34319e+07    3.04874e+02
 Pressure (bar)   Constr. rmsd
    1.35178e+01    3.74863e-04

           Step           Time
        3570000    71400.00000

   Energies (kJ/mol)
           Bond       G96Angle  Improper Dih.        LJ (SR)   Coulomb (SR)
    1.24920e+04    5.72720e+03    5.93919e+02   -5.80228e+05    0.00000e+00
      Potential    Kinetic En.   Total Energy  Conserved En.    Temperature
   -5.61415e+05    1.06833e+05   -4.54582e+05   -2.34638e+07    3.07623e+02
 Pressure (bar)   Constr. rmsd
    1.85832e+01    3.59025e-04

           Step           Time
        3575000    71500.00000

   Energies (kJ/mol)
           Bond       G96Angle  Improper Dih.        LJ (SR)   Coulomb (SR)
    1.23065e+04    5.70608e+03    5.83957e+02   -5.80438e+05    0.00000e+00
      Potential    Kinetic En.   Total Energy  Conserved En.    Temperature
   -5.61842e+05    1.05927e+05   -4.55915e+05   -2.34957e+07    3.05012e+02
 Pressure (bar)   Constr. rmsd
   -2.15081e+01    3.74528e-04

           Step           Time
        3580000    71600.00000

   Energies (kJ/mol)
           Bond       G96Angle  Improper Dih.        LJ (SR)   Coulomb (SR)
    1.24705e+04    5.62582e+03    5.45894e+02   -5.82356e+05    0.00000e+00
      Potential    Kinetic En.   Total Energy  Conserved En.    Temperature
   -5.63714e+05    1.05923e+05   -4.57791e+05   -2.35277e+07    3.05001e+02
 Pressure (bar)   Constr. rmsd
    4.59125e+00    4.03957e-04

           Step           Time
        3585000    71700.00000

   Energies (kJ/mol)
           Bond       G96Angle  Improper Dih.        LJ (SR)   Coulomb (SR)
    1.25299e+04    5.59434e+03    6.16751e+02   -5.81123e+05    0.00000e+00
      Potential    Kinetic En.   Total Energy  Conserved En.    Temperature
   -5.62382e+05    1.05703e+05   -4.56679e+05   -2.35597e+07    3.04367e+02
 Pressure (bar)   Constr. rmsd
   -1.54332e+00    3.86095e-04

           Step           Time
        3590000    71800.00000

   Energies (kJ/mol)
           Bond       G96Angle  Improper Dih.        LJ (SR)   Coulomb (SR)
    1.22154e+04    5.51572e+03    6.47275e+02   -5.84150e+05    0.00000e+00
      Potential    Kinetic En.   Total Energy  Conserved En.    Temperature
   -5.65772e+05    1.05202e+05   -4.60570e+05   -2.35915e+07    3.02926e+02
 Pressure (bar)   Constr. rmsd
    4.41309e+00    3.77404e-04

           Step           Time
        3595000    71900.00000

   Energies (kJ/mol)
           Bond       G96Angle  Improper Dih.        LJ (SR)   Coulomb (SR)
    1.22326e+04    5.60602e+03    6.60967e+02   -5.81122e+05    0.00000e+00
      Potential    Kinetic En.   Total Energy  Conserved En.    Temperature
   -5.62623e+05    1.06398e+05   -4.56225e+05   -2.36236e+07    3.06370e+02
 Pressure (bar)   Constr. rmsd
   -1.80435e+01    3.66961e-04

           Step           Time
        3600000    72000.00000

   Energies (kJ/mol)
           Bond       G96Angle  Improper Dih.        LJ (SR)   Coulomb (SR)
    1.25045e+04    5.45609e+03    5.87232e+02   -5.80659e+05    0.00000e+00
      Potential    Kinetic En.   Total Energy  Conserved En.    Temperature
   -5.62111e+05    1.06590e+05   -4.55521e+05   -2.36559e+07    3.06921e+02
 Pressure (bar)   Constr. rmsd
    2.32896e+01    3.80911e-04

           Step           Time
        3605000    72100.00000

   Energies (kJ/mol)
           Bond       G96Angle  Improper Dih.        LJ (SR)   Coulomb (SR)
    1.28079e+04    5.64333e+03    6.41305e+02   -5.82032e+05    0.00000e+00
      Potential    Kinetic En.   Total Energy  Conserved En.    Temperature
   -5.62940e+05    1.06192e+05   -4.56748e+05   -2.36877e+07    3.05775e+02
 Pressure (bar)   Constr. rmsd
    1.82942e+01    3.79419e-04

           Step           Time
        3610000    72200.00000

   Energies (kJ/mol)
           Bond       G96Angle  Improper Dih.        LJ (SR)   Coulomb (SR)
    1.24940e+04    5.65133e+03    5.32105e+02   -5.83471e+05    0.00000e+00
      Potential    Kinetic En.   Total Energy  Conserved En.    Temperature
   -5.64794e+05    1.05509e+05   -4.59284e+05   -2.37198e+07    3.03810e+02
 Pressure (bar)   Constr. rmsd
   -5.79335e+00    3.71106e-04

           Step           Time
        3615000    72300.00000

   Energies (kJ/mol)
           Bond       G96Angle  Improper Dih.        LJ (SR)   Coulomb (SR)
    1.24167e+04    5.70423e+03    6.19907e+02   -5.84837e+05    0.00000e+00
      Potential    Kinetic En.   Total Energy  Conserved En.    Temperature
   -5.66096e+05    1.05688e+05   -4.60408e+05   -2.37520e+07    3.04324e+02
 Pressure (bar)   Constr. rmsd
    1.89201e+01    3.86171e-04

           Step           Time
        3620000    72400.00000

   Energies (kJ/mol)
           Bond       G96Angle  Improper Dih.        LJ (SR)   Coulomb (SR)
    1.26036e+04    5.74842e+03    6.35472e+02   -5.82715e+05    0.00000e+00
      Potential    Kinetic En.   Total Energy  Conserved En.    Temperature
   -5.63728e+05    1.05384e+05   -4.58343e+05   -2.37840e+07    3.03450e+02
 Pressure (bar)   Constr. rmsd
   -2.33315e+00    3.78957e-04

           Step           Time
        3625000    72500.00000

   Energies (kJ/mol)
           Bond       G96Angle  Improper Dih.        LJ (SR)   Coulomb (SR)
    1.21961e+04    5.62261e+03    7.15297e+02   -5.83436e+05    0.00000e+00
      Potential    Kinetic En.   Total Energy  Conserved En.    Temperature
   -5.64902e+05    1.04585e+05   -4.60318e+05   -2.38161e+07    3.01148e+02
 Pressure (bar)   Constr. rmsd
   -2.26867e+01    3.43718e-04

           Step           Time
        3630000    72600.00000

   Energies (kJ/mol)
           Bond       G96Angle  Improper Dih.        LJ (SR)   Coulomb (SR)
    1.28668e+04    5.57356e+03    6.26759e+02   -5.82376e+05    0.00000e+00
      Potential    Kinetic En.   Total Energy  Conserved En.    Temperature
   -5.63308e+05    1.05927e+05   -4.57382e+05   -2.38481e+07    3.05012e+02
 Pressure (bar)   Constr. rmsd
    1.79098e+01    3.86678e-04

           Step           Time
        3635000    72700.00000

   Energies (kJ/mol)
           Bond       G96Angle  Improper Dih.        LJ (SR)   Coulomb (SR)
    1.23779e+04    5.51035e+03    5.74951e+02   -5.82352e+05    0.00000e+00
      Potential    Kinetic En.   Total Energy  Conserved En.    Temperature
   -5.63889e+05    1.05212e+05   -4.58676e+05   -2.38803e+07    3.02956e+02
 Pressure (bar)   Constr. rmsd
   -3.08489e+01    3.72644e-04

           Step           Time
        3640000    72800.00000

   Energies (kJ/mol)
           Bond       G96Angle  Improper Dih.        LJ (SR)   Coulomb (SR)
    1.25088e+04    5.58855e+03    6.59873e+02   -5.81350e+05    0.00000e+00
      Potential    Kinetic En.   Total Energy  Conserved En.    Temperature
   -5.62592e+05    1.05491e+05   -4.57101e+05   -2.39124e+07    3.03757e+02
 Pressure (bar)   Constr. rmsd
   -2.45114e+00    4.01879e-04

           Step           Time
        3645000    72900.00000

   Energies (kJ/mol)
           Bond       G96Angle  Improper Dih.        LJ (SR)   Coulomb (SR)
    1.25924e+04    5.84516e+03    5.93302e+02   -5.83376e+05    0.00000e+00
      Potential    Kinetic En.   Total Energy  Conserved En.    Temperature
   -5.64346e+05    1.05977e+05   -4.58369e+05   -2.39449e+07    3.05156e+02
 Pressure (bar)   Constr. rmsd
    1.81969e+01    3.83018e-04

           Step           Time
        3650000    73000.00000

   Energies (kJ/mol)
           Bond       G96Angle  Improper Dih.        LJ (SR)   Coulomb (SR)
    1.25013e+04    5.75357e+03    6.58255e+02   -5.82828e+05    0.00000e+00
      Potential    Kinetic En.   Total Energy  Conserved En.    Temperature
   -5.63914e+05    1.05012e+05   -4.58903e+05   -2.39767e+07    3.02378e+02
 Pressure (bar)   Constr. rmsd
   -2.33584e+01    3.92866e-04

           Step           Time
        3655000    73100.00000

   Energies (kJ/mol)
           Bond       G96Angle  Improper Dih.        LJ (SR)   Coulomb (SR)
    1.23055e+04    5.91911e+03    6.99955e+02   -5.82696e+05    0.00000e+00
      Potential    Kinetic En.   Total Energy  Conserved En.    Temperature
   -5.63771e+05    1.05457e+05   -4.58314e+05   -2.40086e+07    3.03661e+02
 Pressure (bar)   Constr. rmsd
   -1.47679e+00    3.72024e-04

           Step           Time
        3660000    73200.00000

   Energies (kJ/mol)
           Bond       G96Angle  Improper Dih.        LJ (SR)   Coulomb (SR)
    1.24411e+04    5.45086e+03    6.37077e+02   -5.81897e+05    0.00000e+00
      Potential    Kinetic En.   Total Energy  Conserved En.    Temperature
   -5.63368e+05    1.05128e+05   -4.58240e+05   -2.40407e+07    3.02711e+02
 Pressure (bar)   Constr. rmsd
   -2.61508e+01    3.63324e-04

           Step           Time
        3665000    73300.00000

   Energies (kJ/mol)
           Bond       G96Angle  Improper Dih.        LJ (SR)   Coulomb (SR)
    1.23069e+04    5.50157e+03    6.77559e+02   -5.81262e+05    0.00000e+00
      Potential    Kinetic En.   Total Energy  Conserved En.    Temperature
   -5.62776e+05    1.05334e+05   -4.57443e+05   -2.40727e+07    3.03305e+02
 Pressure (bar)   Constr. rmsd
   -2.69388e+01    3.79326e-04

           Step           Time
        3670000    73400.00000

   Energies (kJ/mol)
           Bond       G96Angle  Improper Dih.        LJ (SR)   Coulomb (SR)
    1.23493e+04    5.87063e+03    6.54133e+02   -5.83587e+05    0.00000e+00
      Potential    Kinetic En.   Total Energy  Conserved En.    Temperature
   -5.64713e+05    1.05565e+05   -4.59148e+05   -2.41048e+07    3.03971e+02
 Pressure (bar)   Constr. rmsd
    1.55160e+01    4.00635e-04

           Step           Time
        3675000    73500.00000

   Energies (kJ/mol)
           Bond       G96Angle  Improper Dih.        LJ (SR)   Coulomb (SR)
    1.22325e+04    5.88321e+03    6.64562e+02   -5.82263e+05    0.00000e+00
      Potential    Kinetic En.   Total Energy  Conserved En.    Temperature
   -5.63483e+05    1.04604e+05   -4.58879e+05   -2.41365e+07    3.01203e+02
 Pressure (bar)   Constr. rmsd
   -3.86779e+01    3.52421e-04

           Step           Time
        3680000    73600.00000

   Energies (kJ/mol)
           Bond       G96Angle  Improper Dih.        LJ (SR)   Coulomb (SR)
    1.23217e+04    5.96683e+03    6.55617e+02   -5.82678e+05    0.00000e+00
      Potential    Kinetic En.   Total Energy  Conserved En.    Temperature
   -5.63734e+05    1.06006e+05   -4.57729e+05   -2.41683e+07    3.05240e+02
 Pressure (bar)   Constr. rmsd
    5.09426e+00    3.89033e-04

           Step           Time
        3685000    73700.00000

   Energies (kJ/mol)
           Bond       G96Angle  Improper Dih.        LJ (SR)   Coulomb (SR)
    1.24772e+04    5.75455e+03    6.71490e+02   -5.82352e+05    0.00000e+00
      Potential    Kinetic En.   Total Energy  Conserved En.    Temperature
   -5.63449e+05    1.07117e+05   -4.56332e+05   -2.42004e+07    3.08441e+02
 Pressure (bar)   Constr. rmsd
    3.30995e+01    3.74587e-04

           Step           Time
        3690000    73800.00000

   Energies (kJ/mol)
           Bond       G96Angle  Improper Dih.        LJ (SR)   Coulomb (SR)
    1.24686e+04    5.76064e+03    5.99827e+02   -5.80842e+05    0.00000e+00
      Potential    Kinetic En.   Total Energy  Conserved En.    Temperature
   -5.62013e+05    1.05901e+05   -4.56112e+05   -2.42327e+07    3.04939e+02
 Pressure (bar)   Constr. rmsd
   -2.23024e+01    3.90089e-04

           Step           Time
        3695000    73900.00000

   Energies (kJ/mol)
           Bond       G96Angle  Improper Dih.        LJ (SR)   Coulomb (SR)
    1.23127e+04    5.76493e+03    5.86359e+02   -5.81748e+05    0.00000e+00
      Potential    Kinetic En.   Total Energy  Conserved En.    Temperature
   -5.63084e+05    1.06201e+05   -4.56882e+05   -2.42647e+07    3.05803e+02
 Pressure (bar)   Constr. rmsd
   -2.01034e+01    3.70661e-04

           Step           Time
        3700000    74000.00000

   Energies (kJ/mol)
           Bond       G96Angle  Improper Dih.        LJ (SR)   Coulomb (SR)
    1.22843e+04    5.71204e+03    6.09205e+02   -5.81542e+05    0.00000e+00
      Potential    Kinetic En.   Total Energy  Conserved En.    Temperature
   -5.62936e+05    1.05829e+05   -4.57108e+05   -2.42967e+07    3.04731e+02
 Pressure (bar)   Constr. rmsd
   -7.10654e+00    3.73522e-04

           Step           Time
        3705000    74100.00000

   Energies (kJ/mol)
           Bond       G96Angle  Improper Dih.        LJ (SR)   Coulomb (SR)
    1.19622e+04    5.61760e+03    6.08386e+02   -5.80958e+05    0.00000e+00
      Potential    Kinetic En.   Total Energy  Conserved En.    Temperature
   -5.62770e+05    1.05201e+05   -4.57569e+05   -2.43289e+07    3.02922e+02
 Pressure (bar)   Constr. rmsd
   -8.32625e+00    3.93250e-04

           Step           Time
        3710000    74200.00000

   Energies (kJ/mol)
           Bond       G96Angle  Improper Dih.        LJ (SR)   Coulomb (SR)
    1.25234e+04    5.59250e+03    6.04260e+02   -5.82985e+05    0.00000e+00
      Potential    Kinetic En.   Total Energy  Conserved En.    Temperature
   -5.64265e+05    1.06016e+05   -4.58248e+05   -2.43608e+07    3.05270e+02
 Pressure (bar)   Constr. rmsd
    1.45972e+01    3.77499e-04

           Step           Time
        3715000    74300.00000

   Energies (kJ/mol)
           Bond       G96Angle  Improper Dih.        LJ (SR)   Coulomb (SR)
    1.22625e+04    5.80289e+03    6.24675e+02   -5.81460e+05    0.00000e+00
      Potential    Kinetic En.   Total Energy  Conserved En.    Temperature
   -5.62770e+05    1.06219e+05   -4.56552e+05   -2.43928e+07    3.05852e+02
 Pressure (bar)   Constr. rmsd
    2.77676e+01    4.12531e-04

           Step           Time
        3720000    74400.00000

   Energies (kJ/mol)
           Bond       G96Angle  Improper Dih.        LJ (SR)   Coulomb (SR)
    1.22624e+04    5.75614e+03    7.11015e+02   -5.81086e+05    0.00000e+00
      Potential    Kinetic En.   Total Energy  Conserved En.    Temperature
   -5.62356e+05    1.04211e+05   -4.58144e+05   -2.44251e+07    3.00073e+02
 Pressure (bar)   Constr. rmsd
   -2.33938e+01    3.84501e-04

           Step           Time
        3725000    74500.00000

   Energies (kJ/mol)
           Bond       G96Angle  Improper Dih.        LJ (SR)   Coulomb (SR)
    1.25774e+04    5.67324e+03    6.48976e+02   -5.81206e+05    0.00000e+00
      Potential    Kinetic En.   Total Energy  Conserved En.    Temperature
   -5.62307e+05    1.05945e+05   -4.56361e+05   -2.44574e+07    3.05066e+02
 Pressure (bar)   Constr. rmsd
   -3.33395e+01    4.05650e-04

           Step           Time
        3730000    74600.00000

   Energies (kJ/mol)
           Bond       G96Angle  Improper Dih.        LJ (SR)   Coulomb (SR)
    1.25553e+04    5.77944e+03    5.67492e+02   -5.82912e+05    0.00000e+00
      Potential    Kinetic En.   Total Energy  Conserved En.    Temperature
   -5.64010e+05    1.05429e+05   -4.58581e+05   -2.44896e+07    3.03578e+02
 Pressure (bar)   Constr. rmsd
    1.02411e+01    3.86321e-04

           Step           Time
        3735000    74700.00000

   Energies (kJ/mol)
           Bond       G96Angle  Improper Dih.        LJ (SR)   Coulomb (SR)
    1.23832e+04    5.78939e+03    6.99208e+02   -5.82130e+05    0.00000e+00
      Potential    Kinetic En.   Total Energy  Conserved En.    Temperature
   -5.63258e+05    1.05347e+05   -4.57912e+05   -2.45220e+07    3.03342e+02
 Pressure (bar)   Constr. rmsd
   -1.08993e+01    3.88619e-04

           Step           Time
        3740000    74800.00000

   Energies (kJ/mol)
           Bond       G96Angle  Improper Dih.        LJ (SR)   Coulomb (SR)
    1.24078e+04    5.66053e+03    6.19979e+02   -5.81960e+05    0.00000e+00
      Potential    Kinetic En.   Total Energy  Conserved En.    Temperature
   -5.63271e+05    1.04942e+05   -4.58329e+05   -2.45540e+07    3.02178e+02
 Pressure (bar)   Constr. rmsd
   -3.03784e+01    3.83756e-04

           Step           Time
        3745000    74900.00000

   Energies (kJ/mol)
           Bond       G96Angle  Improper Dih.        LJ (SR)   Coulomb (SR)
    1.22273e+04    5.65825e+03    6.86907e+02   -5.82898e+05    0.00000e+00
      Potential    Kinetic En.   Total Energy  Conserved En.    Temperature
   -5.64326e+05    1.06964e+05   -4.57362e+05   -2.45861e+07    3.07998e+02
 Pressure (bar)   Constr. rmsd
    2.57032e+01    3.88701e-04

           Step           Time
        3750000    75000.00000

   Energies (kJ/mol)
           Bond       G96Angle  Improper Dih.        LJ (SR)   Coulomb (SR)
    1.25970e+04    5.82963e+03    5.81478e+02   -5.84074e+05    0.00000e+00
      Potential    Kinetic En.   Total Energy  Conserved En.    Temperature
   -5.65066e+05    1.06150e+05   -4.58917e+05   -2.46184e+07    3.05654e+02
 Pressure (bar)   Constr. rmsd
    3.06260e+00    3.71445e-04

           Step           Time
        3755000    75100.00000

   Energies (kJ/mol)
           Bond       G96Angle  Improper Dih.        LJ (SR)   Coulomb (SR)
    1.27044e+04    6.06203e+03    6.29433e+02   -5.81746e+05    0.00000e+00
      Potential    Kinetic En.   Total Energy  Conserved En.    Temperature
   -5.62350e+05    1.06300e+05   -4.56050e+05   -2.46508e+07    3.06087e+02
 Pressure (bar)   Constr. rmsd
    1.19216e+00    3.95466e-04

           Step           Time
        3760000    75200.00000

   Energies (kJ/mol)
           Bond       G96Angle  Improper Dih.        LJ (SR)   Coulomb (SR)
    1.24149e+04    5.61253e+03    6.91587e+02   -5.82607e+05    0.00000e+00
      Potential    Kinetic En.   Total Energy  Conserved En.    Temperature
   -5.63888e+05    1.05766e+05   -4.58122e+05   -2.46830e+07    3.04549e+02
 Pressure (bar)   Constr. rmsd
   -2.25344e+01    3.76018e-04

           Step           Time
        3765000    75300.00000

   Energies (kJ/mol)
           Bond       G96Angle  Improper Dih.        LJ (SR)   Coulomb (SR)
    1.21726e+04    5.68730e+03    5.97255e+02   -5.82564e+05    0.00000e+00
      Potential    Kinetic En.   Total Energy  Conserved En.    Temperature
   -5.64106e+05    1.05222e+05   -4.58884e+05   -2.47150e+07    3.02984e+02
 Pressure (bar)   Constr. rmsd
   -4.43022e+01    3.85806e-04

           Step           Time
        3770000    75400.00000

   Energies (kJ/mol)
           Bond       G96Angle  Improper Dih.        LJ (SR)   Coulomb (SR)
    1.25121e+04    5.61004e+03    6.62648e+02   -5.81787e+05    0.00000e+00
      Potential    Kinetic En.   Total Energy  Conserved En.    Temperature
   -5.63003e+05    1.06119e+05   -4.56883e+05   -2.47472e+07    3.05566e+02
 Pressure (bar)   Constr. rmsd
   -4.18050e+01    3.57215e-04

           Step           Time
        3775000    75500.00000

   Energies (kJ/mol)
           Bond       G96Angle  Improper Dih.        LJ (SR)   Coulomb (SR)
    1.25788e+04    5.84860e+03    7.03498e+02   -5.82182e+05    0.00000e+00
      Potential    Kinetic En.   Total Energy  Conserved En.    Temperature
   -5.63051e+05    1.05535e+05   -4.57516e+05   -2.47793e+07    3.03884e+02
 Pressure (bar)   Constr. rmsd
   -6.85714e+00    4.01527e-04

           Step           Time
        3780000    75600.00000

   Energies (kJ/mol)
           Bond       G96Angle  Improper Dih.        LJ (SR)   Coulomb (SR)
    1.30560e+04    5.81848e+03    6.35433e+02   -5.82740e+05    0.00000e+00
      Potential    Kinetic En.   Total Energy  Conserved En.    Temperature
   -5.63230e+05    1.05455e+05   -4.57775e+05   -2.48115e+07    3.03655e+02
 Pressure (bar)   Constr. rmsd
    5.57340e+01    3.94801e-04

           Step           Time
        3785000    75700.00000

   Energies (kJ/mol)
           Bond       G96Angle  Improper Dih.        LJ (SR)   Coulomb (SR)
    1.21984e+04    5.58433e+03    6.11481e+02   -5.81496e+05    0.00000e+00
      Potential    Kinetic En.   Total Energy  Conserved En.    Temperature
   -5.63102e+05    1.04999e+05   -4.58103e+05   -2.48437e+07    3.02341e+02
 Pressure (bar)   Constr. rmsd
   -1.61938e+01    3.94706e-04

           Step           Time
        3790000    75800.00000

   Energies (kJ/mol)
           Bond       G96Angle  Improper Dih.        LJ (SR)   Coulomb (SR)
    1.24956e+04    5.88546e+03    5.59699e+02   -5.81906e+05    0.00000e+00
      Potential    Kinetic En.   Total Energy  Conserved En.    Temperature
   -5.62965e+05    1.06599e+05   -4.56366e+05   -2.48757e+07    3.06949e+02
 Pressure (bar)   Constr. rmsd
    2.15584e+01    3.83644e-04

           Step           Time
        3795000    75900.00000

   Energies (kJ/mol)
           Bond       G96Angle  Improper Dih.        LJ (SR)   Coulomb (SR)
    1.25558e+04    6.02881e+03    6.03811e+02   -5.81879e+05    0.00000e+00
      Potential    Kinetic En.   Total Energy  Conserved En.    Temperature
   -5.62690e+05    1.05880e+05   -4.56810e+05   -2.49078e+07    3.04878e+02
 Pressure (bar)   Constr. rmsd
    1.96409e+00    3.70643e-04

           Step           Time
        3800000    76000.00000

   Energies (kJ/mol)
           Bond       G96Angle  Improper Dih.        LJ (SR)   Coulomb (SR)
    1.22579e+04    5.94154e+03    6.79605e+02   -5.80776e+05    0.00000e+00
      Potential    Kinetic En.   Total Energy  Conserved En.    Temperature
   -5.61897e+05    1.05600e+05   -4.56297e+05   -2.49399e+07    3.04070e+02
 Pressure (bar)   Constr. rmsd
   -1.99953e+01    3.78134e-04

           Step           Time
        3805000    76100.00000

   Energies (kJ/mol)
           Bond       G96Angle  Improper Dih.        LJ (SR)   Coulomb (SR)
    1.24995e+04    5.68037e+03    6.79508e+02   -5.81523e+05    0.00000e+00
      Potential    Kinetic En.   Total Energy  Conserved En.    Temperature
   -5.62664e+05    1.05670e+05   -4.56994e+05   -2.49720e+07    3.04273e+02
 Pressure (bar)   Constr. rmsd
    3.59612e+01    3.82239e-04

           Step           Time
        3810000    76200.00000

   Energies (kJ/mol)
           Bond       G96Angle  Improper Dih.        LJ (SR)   Coulomb (SR)
    1.28678e+04    5.82199e+03    6.21626e+02   -5.81495e+05    0.00000e+00
      Potential    Kinetic En.   Total Energy  Conserved En.    Temperature
   -5.62184e+05    1.05517e+05   -4.56666e+05   -2.50039e+07    3.03833e+02
 Pressure (bar)   Constr. rmsd
    2.77858e+01    4.12183e-04

           Step           Time
        3815000    76300.00000

   Energies (kJ/mol)
           Bond       G96Angle  Improper Dih.        LJ (SR)   Coulomb (SR)
    1.24252e+04    5.66604e+03    6.10248e+02   -5.82203e+05    0.00000e+00
      Potential    Kinetic En.   Total Energy  Conserved En.    Temperature
   -5.63502e+05    1.05936e+05   -4.57566e+05   -2.50357e+07    3.05038e+02
 Pressure (bar)   Constr. rmsd
   -7.21724e+00    3.96541e-04

           Step           Time
        3820000    76400.00000

   Energies (kJ/mol)
           Bond       G96Angle  Improper Dih.        LJ (SR)   Coulomb (SR)
    1.21883e+04    5.66092e+03    6.93310e+02   -5.83573e+05    0.00000e+00
      Potential    Kinetic En.   Total Energy  Conserved En.    Temperature
   -5.65031e+05    1.05233e+05   -4.59797e+05   -2.50678e+07    3.03016e+02
 Pressure (bar)   Constr. rmsd
   -5.27673e+01    3.88389e-04

           Step           Time
        3825000    76500.00000

   Energies (kJ/mol)
           Bond       G96Angle  Improper Dih.        LJ (SR)   Coulomb (SR)
    1.24760e+04    5.60137e+03    6.23299e+02   -5.83644e+05    0.00000e+00
      Potential    Kinetic En.   Total Energy  Conserved En.    Temperature
   -5.64944e+05    1.06280e+05   -4.58664e+05   -2.50997e+07    3.06030e+02
 Pressure (bar)   Constr. rmsd
    2.73271e+01    3.82651e-04

           Step           Time
        3830000    76600.00000

   Energies (kJ/mol)
           Bond       G96Angle  Improper Dih.        LJ (SR)   Coulomb (SR)
    1.23265e+04    5.91227e+03    6.76058e+02   -5.83697e+05    0.00000e+00
      Potential    Kinetic En.   Total Energy  Conserved En.    Temperature
   -5.64782e+05    1.04900e+05   -4.59882e+05   -2.51316e+07    3.02056e+02
 Pressure (bar)   Constr. rmsd
    3.09824e+01    4.19743e-04

           Step           Time
        3835000    76700.00000

   Energies (kJ/mol)
           Bond       G96Angle  Improper Dih.        LJ (SR)   Coulomb (SR)
    1.24309e+04    5.73151e+03    6.07378e+02   -5.80753e+05    0.00000e+00
      Potential    Kinetic En.   Total Energy  Conserved En.    Temperature
   -5.61983e+05    1.05478e+05   -4.56505e+05   -2.51634e+07    3.03719e+02
 Pressure (bar)   Constr. rmsd
   -2.48857e+01    3.94608e-04

           Step           Time
        3840000    76800.00000

   Energies (kJ/mol)
           Bond       G96Angle  Improper Dih.        LJ (SR)   Coulomb (SR)
    1.22867e+04    5.68631e+03    6.16566e+02   -5.81619e+05    0.00000e+00
      Potential    Kinetic En.   Total Energy  Conserved En.    Temperature
   -5.63029e+05    1.05578e+05   -4.57451e+05   -2.51952e+07    3.04008e+02
 Pressure (bar)   Constr. rmsd
    9.33773e-01    3.72573e-04

           Step           Time
        3845000    76900.00000

   Energies (kJ/mol)
           Bond       G96Angle  Improper Dih.        LJ (SR)   Coulomb (SR)
    1.23874e+04    5.62063e+03    6.46971e+02   -5.81675e+05    0.00000e+00
      Potential    Kinetic En.   Total Energy  Conserved En.    Temperature
   -5.63020e+05    1.05595e+05   -4.57425e+05   -2.52272e+07    3.04056e+02
 Pressure (bar)   Constr. rmsd
   -7.17319e+00    3.93796e-04

           Step           Time
        3850000    77000.00000

   Energies (kJ/mol)
           Bond       G96Angle  Improper Dih.        LJ (SR)   Coulomb (SR)
    1.26636e+04    5.72378e+03    6.00269e+02   -5.80593e+05    0.00000e+00
      Potential    Kinetic En.   Total Energy  Conserved En.    Temperature
   -5.61605e+05    1.04865e+05   -4.56741e+05   -2.52591e+07    3.01954e+02
 Pressure (bar)   Constr. rmsd
   -5.86507e+00    3.73704e-04

           Step           Time
        3855000    77100.00000

   Energies (kJ/mol)
           Bond       G96Angle  Improper Dih.        LJ (SR)   Coulomb (SR)
    1.27559e+04    5.86396e+03    6.93386e+02   -5.81475e+05    0.00000e+00
      Potential    Kinetic En.   Total Energy  Conserved En.    Temperature
   -5.62162e+05    1.05838e+05   -4.56325e+05   -2.52910e+07    3.04756e+02
 Pressure (bar)   Constr. rmsd
   -1.95227e+01    3.76619e-04

           Step           Time
        3860000    77200.00000

   Energies (kJ/mol)
           Bond       G96Angle  Improper Dih.        LJ (SR)   Coulomb (SR)
    1.25913e+04    5.79670e+03    7.11938e+02   -5.81753e+05    0.00000e+00
      Potential    Kinetic En.   Total Energy  Conserved En.    Temperature
   -5.62653e+05    1.06454e+05   -4.56199e+05   -2.53227e+07    3.06530e+02
 Pressure (bar)   Constr. rmsd
    3.43989e+01    3.82480e-04

           Step           Time
        3865000    77300.00000

   Energies (kJ/mol)
           Bond       G96Angle  Improper Dih.        LJ (SR)   Coulomb (SR)
    1.27811e+04    5.71739e+03    7.24673e+02   -5.81233e+05    0.00000e+00
      Potential    Kinetic En.   Total Energy  Conserved En.    Temperature
   -5.62010e+05    1.06725e+05   -4.55285e+05   -2.53547e+07    3.07311e+02
 Pressure (bar)   Constr. rmsd
   -5.32617e+01    3.49490e-04

           Step           Time
        3870000    77400.00000

   Energies (kJ/mol)
           Bond       G96Angle  Improper Dih.        LJ (SR)   Coulomb (SR)
    1.24757e+04    5.80696e+03    5.43680e+02   -5.83502e+05    0.00000e+00
      Potential    Kinetic En.   Total Energy  Conserved En.    Temperature
   -5.64676e+05    1.05825e+05   -4.58851e+05   -2.53865e+07    3.04719e+02
 Pressure (bar)   Constr. rmsd
   -1.34129e+01    3.87455e-04

           Step           Time
        3875000    77500.00000

   Energies (kJ/mol)
           Bond       G96Angle  Improper Dih.        LJ (SR)   Coulomb (SR)
    1.27478e+04    5.74371e+03    6.68180e+02   -5.83036e+05    0.00000e+00
      Potential    Kinetic En.   Total Energy  Conserved En.    Temperature
   -5.63876e+05    1.05766e+05   -4.58109e+05   -2.54182e+07    3.04551e+02
 Pressure (bar)   Constr. rmsd
    2.80667e+01    3.90143e-04

           Step           Time
        3880000    77600.00000

   Energies (kJ/mol)
           Bond       G96Angle  Improper Dih.        LJ (SR)   Coulomb (SR)
    1.23765e+04    5.84754e+03    6.63303e+02   -5.80146e+05    0.00000e+00
      Potential    Kinetic En.   Total Energy  Conserved En.    Temperature
   -5.61258e+05    1.05114e+05   -4.56144e+05   -2.54503e+07    3.02671e+02
 Pressure (bar)   Constr. rmsd
   -4.88079e+00    4.02883e-04

           Step           Time
        3885000    77700.00000

   Energies (kJ/mol)
           Bond       G96Angle  Improper Dih.        LJ (SR)   Coulomb (SR)
    1.25646e+04    5.85807e+03    6.65402e+02   -5.82026e+05    0.00000e+00
      Potential    Kinetic En.   Total Energy  Conserved En.    Temperature
   -5.62938e+05    1.05980e+05   -4.56958e+05   -2.54824e+07    3.05165e+02
 Pressure (bar)   Constr. rmsd
    3.89042e+01    3.97255e-04

           Step           Time
        3890000    77800.00000

   Energies (kJ/mol)
           Bond       G96Angle  Improper Dih.        LJ (SR)   Coulomb (SR)
    1.24050e+04    5.59216e+03    6.34277e+02   -5.82898e+05    0.00000e+00
      Potential    Kinetic En.   Total Energy  Conserved En.    Temperature
   -5.64267e+05    1.06494e+05   -4.57772e+05   -2.55144e+07    3.06646e+02
 Pressure (bar)   Constr. rmsd
    1.65190e+01    3.73329e-04

           Step           Time
        3895000    77900.00000

   Energies (kJ/mol)
           Bond       G96Angle  Improper Dih.        LJ (SR)   Coulomb (SR)
    1.24524e+04    5.66451e+03    7.07240e+02   -5.82487e+05    0.00000e+00
      Potential    Kinetic En.   Total Energy  Conserved En.    Temperature
   -5.63662e+05    1.05598e+05   -4.58064e+05   -2.55465e+07    3.04066e+02
 Pressure (bar)   Constr. rmsd
    1.30502e+01    3.89784e-04

           Step           Time
        3900000    78000.00000

   Energies (kJ/mol)
           Bond       G96Angle  Improper Dih.        LJ (SR)   Coulomb (SR)
    1.25507e+04    5.84568e+03    5.90887e+02   -5.82574e+05    0.00000e+00
      Potential    Kinetic En.   Total Energy  Conserved En.    Temperature
   -5.63587e+05    1.04869e+05   -4.58718e+05   -2.55788e+07    3.01965e+02
 Pressure (bar)   Constr. rmsd
    3.73443e+01    3.91716e-04

           Step           Time
        3905000    78100.00000

   Energies (kJ/mol)
           Bond       G96Angle  Improper Dih.        LJ (SR)   Coulomb (SR)
    1.23450e+04    5.69461e+03    6.52996e+02   -5.81925e+05    0.00000e+00
      Potential    Kinetic En.   Total Energy  Conserved En.    Temperature
   -5.63232e+05    1.05411e+05   -4.57822e+05   -2.56108e+07    3.03526e+02
 Pressure (bar)   Constr. rmsd
   -2.35890e+01    3.71910e-04

           Step           Time
        3910000    78200.00000

   Energies (kJ/mol)
           Bond       G96Angle  Improper Dih.        LJ (SR)   Coulomb (SR)
    1.23801e+04    5.79815e+03    6.28783e+02   -5.82084e+05    0.00000e+00
      Potential    Kinetic En.   Total Energy  Conserved En.    Temperature
   -5.63277e+05    1.05132e+05   -4.58145e+05   -2.56428e+07    3.02724e+02
 Pressure (bar)   Constr. rmsd
   -3.04871e+01    3.87594e-04

           Step           Time
        3915000    78300.00000

   Energies (kJ/mol)
           Bond       G96Angle  Improper Dih.        LJ (SR)   Coulomb (SR)
    1.25332e+04    5.48987e+03    5.95775e+02   -5.82583e+05    0.00000e+00
      Potential    Kinetic En.   Total Energy  Conserved En.    Temperature
   -5.63964e+05    1.06171e+05   -4.57793e+05   -2.56749e+07    3.05715e+02
 Pressure (bar)   Constr. rmsd
   -1.30640e+01    3.74569e-04

           Step           Time
        3920000    78400.00000

   Energies (kJ/mol)
           Bond       G96Angle  Improper Dih.        LJ (SR)   Coulomb (SR)
    1.21328e+04    5.87412e+03    6.73884e+02   -5.79280e+05    0.00000e+00
      Potential    Kinetic En.   Total Energy  Conserved En.    Temperature
   -5.60600e+05    1.05179e+05   -4.55421e+05   -2.57072e+07    3.02859e+02
 Pressure (bar)   Constr. rmsd
   -2.62887e+01    3.86889e-04

           Step           Time
        3925000    78500.00000

   Energies (kJ/mol)
           Bond       G96Angle  Improper Dih.        LJ (SR)   Coulomb (SR)
    1.23665e+04    5.77197e+03    7.15076e+02   -5.83150e+05    0.00000e+00
      Potential    Kinetic En.   Total Energy  Conserved En.    Temperature
   -5.64297e+05    1.06477e+05   -4.57820e+05   -2.57394e+07    3.06596e+02
 Pressure (bar)   Constr. rmsd
    2.65490e+01    3.65536e-04

           Step           Time
        3930000    78600.00000

   Energies (kJ/mol)
           Bond       G96Angle  Improper Dih.        LJ (SR)   Coulomb (SR)
    1.23273e+04    5.74717e+03    6.09394e+02   -5.82138e+05    0.00000e+00
      Potential    Kinetic En.   Total Energy  Conserved En.    Temperature
   -5.63454e+05    1.05122e+05   -4.58332e+05   -2.57714e+07    3.02696e+02
 Pressure (bar)   Constr. rmsd
   -4.50626e+01    3.74971e-04

           Step           Time
        3935000    78700.00000

   Energies (kJ/mol)
           Bond       G96Angle  Improper Dih.        LJ (SR)   Coulomb (SR)
    1.28671e+04    5.98817e+03    6.00072e+02   -5.83995e+05    0.00000e+00
      Potential    Kinetic En.   Total Energy  Conserved En.    Temperature
   -5.64540e+05    1.05525e+05   -4.59015e+05   -2.58035e+07    3.03856e+02
 Pressure (bar)   Constr. rmsd
   -1.63476e-01    3.93091e-04

           Step           Time
        3940000    78800.00000

   Energies (kJ/mol)
           Bond       G96Angle  Improper Dih.        LJ (SR)   Coulomb (SR)
    1.25312e+04    5.72947e+03    6.74956e+02   -5.79887e+05    0.00000e+00
      Potential    Kinetic En.   Total Energy  Conserved En.    Temperature
   -5.60952e+05    1.06181e+05   -4.54770e+05   -2.58356e+07    3.05745e+02
 Pressure (bar)   Constr. rmsd
   -3.27878e+01    3.74739e-04

           Step           Time
        3945000    78900.00000

   Energies (kJ/mol)
           Bond       G96Angle  Improper Dih.        LJ (SR)   Coulomb (SR)
    1.22620e+04    5.83707e+03    5.87850e+02   -5.82260e+05    0.00000e+00
      Potential    Kinetic En.   Total Energy  Conserved En.    Temperature
   -5.63573e+05    1.05818e+05   -4.57755e+05   -2.58677e+07    3.04700e+02
 Pressure (bar)   Constr. rmsd
    9.27641e+00    3.79833e-04

           Step           Time
        3950000    79000.00000

   Energies (kJ/mol)
           Bond       G96Angle  Improper Dih.        LJ (SR)   Coulomb (SR)
    1.25293e+04    5.62308e+03    6.52800e+02   -5.82123e+05    0.00000e+00
      Potential    Kinetic En.   Total Energy  Conserved En.    Temperature
   -5.63318e+05    1.05306e+05   -4.58012e+05   -2.58997e+07    3.03226e+02
 Pressure (bar)   Constr. rmsd
    2.10837e+01    3.71435e-04

           Step           Time
        3955000    79100.00000

   Energies (kJ/mol)
           Bond       G96Angle  Improper Dih.        LJ (SR)   Coulomb (SR)
    1.24096e+04    5.64591e+03    6.65925e+02   -5.83981e+05    0.00000e+00
      Potential    Kinetic En.   Total Energy  Conserved En.    Temperature
   -5.65260e+05    1.06034e+05   -4.59225e+05   -2.59319e+07    3.05322e+02
 Pressure (bar)   Constr. rmsd
    1.43984e+01    3.86837e-04

           Step           Time
        3960000    79200.00000

   Energies (kJ/mol)
           Bond       G96Angle  Improper Dih.        LJ (SR)   Coulomb (SR)
    1.20884e+04    5.49683e+03    6.18149e+02   -5.81598e+05    0.00000e+00
      Potential    Kinetic En.   Total Energy  Conserved En.    Temperature
   -5.63394e+05    1.05716e+05   -4.57679e+05   -2.59642e+07    3.04404e+02
 Pressure (bar)   Constr. rmsd
   -1.83484e+01    3.81012e-04

           Step           Time
        3965000    79300.00000

   Energies (kJ/mol)
           Bond       G96Angle  Improper Dih.        LJ (SR)   Coulomb (SR)
    1.25103e+04    5.68370e+03    6.07574e+02   -5.80512e+05    0.00000e+00
      Potential    Kinetic En.   Total Energy  Conserved En.    Temperature
   -5.61710e+05    1.06202e+05   -4.55508e+05   -2.59961e+07    3.05805e+02
 Pressure (bar)   Constr. rmsd
   -1.61747e+01    3.59808e-04

           Step           Time
        3970000    79400.00000

   Energies (kJ/mol)
           Bond       G96Angle  Improper Dih.        LJ (SR)   Coulomb (SR)
    1.23231e+04    5.71964e+03    7.20510e+02   -5.82467e+05    0.00000e+00
      Potential    Kinetic En.   Total Energy  Conserved En.    Temperature
   -5.63704e+05    1.05133e+05   -4.58571e+05   -2.60282e+07    3.02725e+02
 Pressure (bar)   Constr. rmsd
   -1.31465e+01    3.75429e-04

           Step           Time
        3975000    79500.00000

   Energies (kJ/mol)
           Bond       G96Angle  Improper Dih.        LJ (SR)   Coulomb (SR)
    1.24020e+04    5.74098e+03    6.07683e+02   -5.81710e+05    0.00000e+00
      Potential    Kinetic En.   Total Energy  Conserved En.    Temperature
   -5.62959e+05    1.04102e+05   -4.58857e+05   -2.60602e+07    2.99758e+02
 Pressure (bar)   Constr. rmsd
   -8.22995e+00    3.71699e-04

           Step           Time
        3980000    79600.00000

   Energies (kJ/mol)
           Bond       G96Angle  Improper Dih.        LJ (SR)   Coulomb (SR)
    1.29031e+04    5.75548e+03    6.94377e+02   -5.83243e+05    0.00000e+00
      Potential    Kinetic En.   Total Energy  Conserved En.    Temperature
   -5.63890e+05    1.06026e+05   -4.57863e+05   -2.60923e+07    3.05299e+02
 Pressure (bar)   Constr. rmsd
    3.50690e+01    3.83862e-04

           Step           Time
        3985000    79700.00000

   Energies (kJ/mol)
           Bond       G96Angle  Improper Dih.        LJ (SR)   Coulomb (SR)
    1.22628e+04    5.58622e+03    6.94487e+02   -5.82950e+05    0.00000e+00
      Potential    Kinetic En.   Total Energy  Conserved En.    Temperature
   -5.64407e+05    1.04722e+05   -4.59684e+05   -2.61243e+07    3.01544e+02
 Pressure (bar)   Constr. rmsd
    1.72560e+01    3.74294e-04

           Step           Time
        3990000    79800.00000

   Energies (kJ/mol)
           Bond       G96Angle  Improper Dih.        LJ (SR)   Coulomb (SR)
    1.22360e+04    5.68135e+03    5.93625e+02   -5.81630e+05    0.00000e+00
      Potential    Kinetic En.   Total Energy  Conserved En.    Temperature
   -5.63119e+05    1.06481e+05   -4.56638e+05   -2.61563e+07    3.06610e+02
 Pressure (bar)   Constr. rmsd
    4.06383e+00    3.90938e-04

           Step           Time
        3995000    79900.00000

   Energies (kJ/mol)
           Bond       G96Angle  Improper Dih.        LJ (SR)   Coulomb (SR)
    1.24644e+04    5.98871e+03    6.12632e+02   -5.82730e+05    0.00000e+00
      Potential    Kinetic En.   Total Energy  Conserved En.    Temperature
   -5.63664e+05    1.04154e+05   -4.59511e+05   -2.61883e+07    2.99906e+02
 Pressure (bar)   Constr. rmsd
   -1.29909e+01    4.05846e-04

           Step           Time
        4000000    80000.00000

   Energies (kJ/mol)
           Bond       G96Angle  Improper Dih.        LJ (SR)   Coulomb (SR)
    1.25581e+04    5.73123e+03    6.06090e+02   -5.81923e+05    0.00000e+00
      Potential    Kinetic En.   Total Energy  Conserved En.    Temperature
   -5.63028e+05    1.06073e+05   -4.56955e+05   -2.62205e+07    3.05433e+02
 Pressure (bar)   Constr. rmsd
   -1.02739e+00    3.68991e-04

           Step           Time
        4005000    80100.00000

   Energies (kJ/mol)
           Bond       G96Angle  Improper Dih.        LJ (SR)   Coulomb (SR)
    1.28650e+04    5.70736e+03    6.03042e+02   -5.82750e+05    0.00000e+00
      Potential    Kinetic En.   Total Energy  Conserved En.    Temperature
   -5.63574e+05    1.06712e+05   -4.56863e+05   -2.62525e+07    3.07272e+02
 Pressure (bar)   Constr. rmsd
   -1.88167e+01    3.90732e-04

           Step           Time
        4010000    80200.00000

   Energies (kJ/mol)
           Bond       G96Angle  Improper Dih.        LJ (SR)   Coulomb (SR)
    1.21161e+04    5.47411e+03    6.41595e+02   -5.83210e+05    0.00000e+00
      Potential    Kinetic En.   Total Energy  Conserved En.    Temperature
   -5.64978e+05    1.05485e+05   -4.59493e+05   -2.62848e+07    3.03741e+02
 Pressure (bar)   Constr. rmsd
   -3.90282e+00    3.69936e-04

           Step           Time
        4015000    80300.00000

   Energies (kJ/mol)
           Bond       G96Angle  Improper Dih.        LJ (SR)   Coulomb (SR)
    1.22094e+04    5.56297e+03    6.60527e+02   -5.82116e+05    0.00000e+00
      Potential    Kinetic En.   Total Energy  Conserved En.    Temperature
   -5.63683e+05    1.05075e+05   -4.58608e+05   -2.63171e+07    3.02558e+02
 Pressure (bar)   Constr. rmsd
    1.22613e-01    3.90374e-04

           Step           Time
        4020000    80400.00000

   Energies (kJ/mol)
           Bond       G96Angle  Improper Dih.        LJ (SR)   Coulomb (SR)
    1.26321e+04    5.52669e+03    6.07028e+02   -5.82953e+05    0.00000e+00
      Potential    Kinetic En.   Total Energy  Conserved En.    Temperature
   -5.64188e+05    1.06235e+05   -4.57953e+05   -2.63491e+07    3.05899e+02
 Pressure (bar)   Constr. rmsd
   -4.68811e+00    3.88253e-04

           Step           Time
        4025000    80500.00000

   Energies (kJ/mol)
           Bond       G96Angle  Improper Dih.        LJ (SR)   Coulomb (SR)
    1.24596e+04    5.59131e+03    6.30354e+02   -5.81741e+05    0.00000e+00
      Potential    Kinetic En.   Total Energy  Conserved En.    Temperature
   -5.63059e+05    1.05416e+05   -4.57643e+05   -2.63809e+07    3.03542e+02
 Pressure (bar)   Constr. rmsd
    3.92338e+00    3.64037e-04

           Step           Time
        4030000    80600.00000

   Energies (kJ/mol)
           Bond       G96Angle  Improper Dih.        LJ (SR)   Coulomb (SR)
    1.24388e+04    5.75733e+03    6.10133e+02   -5.81625e+05    0.00000e+00
      Potential    Kinetic En.   Total Energy  Conserved En.    Temperature
   -5.62819e+05    1.05992e+05   -4.56827e+05   -2.64131e+07    3.05201e+02
 Pressure (bar)   Constr. rmsd
   -2.27149e+00    3.79844e-04

           Step           Time
        4035000    80700.00000

   Energies (kJ/mol)
           Bond       G96Angle  Improper Dih.        LJ (SR)   Coulomb (SR)
    1.26530e+04    5.73141e+03    6.20801e+02   -5.83128e+05    0.00000e+00
      Potential    Kinetic En.   Total Energy  Conserved En.    Temperature
   -5.64123e+05    1.06075e+05   -4.58048e+05   -2.64450e+07    3.05440e+02
 Pressure (bar)   Constr. rmsd
    5.60739e+01    3.78354e-04

           Step           Time
        4040000    80800.00000

   Energies (kJ/mol)
           Bond       G96Angle  Improper Dih.        LJ (SR)   Coulomb (SR)
    1.25048e+04    5.58803e+03    6.60292e+02   -5.82904e+05    0.00000e+00
      Potential    Kinetic En.   Total Energy  Conserved En.    Temperature
   -5.64151e+05    1.06581e+05   -4.57571e+05   -2.64769e+07    3.06895e+02
 Pressure (bar)   Constr. rmsd
   -1.20010e+01    3.89673e-04

           Step           Time
        4045000    80900.00000

   Energies (kJ/mol)
           Bond       G96Angle  Improper Dih.        LJ (SR)   Coulomb (SR)
    1.21795e+04    5.46878e+03    5.94383e+02   -5.82763e+05    0.00000e+00
      Potential    Kinetic En.   Total Energy  Conserved En.    Temperature
   -5.64520e+05    1.06095e+05   -4.58425e+05   -2.65091e+07    3.05498e+02
 Pressure (bar)   Constr. rmsd
    2.94646e+01    3.79672e-04

           Step           Time
        4050000    81000.00000

   Energies (kJ/mol)
           Bond       G96Angle  Improper Dih.        LJ (SR)   Coulomb (SR)
    1.24071e+04    5.67922e+03    6.12033e+02   -5.81910e+05    0.00000e+00
      Potential    Kinetic En.   Total Energy  Conserved En.    Temperature
   -5.63212e+05    1.05484e+05   -4.57728e+05   -2.65413e+07    3.03738e+02
 Pressure (bar)   Constr. rmsd
   -1.90693e+01    3.70662e-04

           Step           Time
        4055000    81100.00000

   Energies (kJ/mol)
           Bond       G96Angle  Improper Dih.        LJ (SR)   Coulomb (SR)
    1.24487e+04    5.45518e+03    6.33497e+02   -5.80701e+05    0.00000e+00
      Potential    Kinetic En.   Total Energy  Conserved En.    Temperature
   -5.62164e+05    1.05239e+05   -4.56925e+05   -2.65734e+07    3.03031e+02
 Pressure (bar)   Constr. rmsd
    1.39699e+01    3.74483e-04

           Step           Time
        4060000    81200.00000

   Energies (kJ/mol)
           Bond       G96Angle  Improper Dih.        LJ (SR)   Coulomb (SR)
    1.25448e+04    5.53768e+03    6.70403e+02   -5.81462e+05    0.00000e+00
      Potential    Kinetic En.   Total Energy  Conserved En.    Temperature
   -5.62709e+05    1.05752e+05   -4.56957e+05   -2.66054e+07    3.04510e+02
 Pressure (bar)   Constr. rmsd
    3.61087e+01    3.67667e-04

           Step           Time
        4065000    81300.00000

   Energies (kJ/mol)
           Bond       G96Angle  Improper Dih.        LJ (SR)   Coulomb (SR)
    1.25502e+04    5.67793e+03    6.26177e+02   -5.83006e+05    0.00000e+00
      Potential    Kinetic En.   Total Energy  Conserved En.    Temperature
   -5.64151e+05    1.05601e+05   -4.58550e+05   -2.66377e+07    3.04075e+02
 Pressure (bar)   Constr. rmsd
    3.56558e+01    3.92328e-04

           Step           Time
        4070000    81400.00000

   Energies (kJ/mol)
           Bond       G96Angle  Improper Dih.        LJ (SR)   Coulomb (SR)
    1.26861e+04    5.60114e+03    6.33934e+02   -5.81625e+05    0.00000e+00
      Potential    Kinetic En.   Total Energy  Conserved En.    Temperature
   -5.62704e+05    1.05623e+05   -4.57080e+05   -2.66699e+07    3.04139e+02
 Pressure (bar)   Constr. rmsd
   -1.20945e+01    3.87887e-04

           Step           Time
        4075000    81500.00000

   Energies (kJ/mol)
           Bond       G96Angle  Improper Dih.        LJ (SR)   Coulomb (SR)
    1.23279e+04    5.59538e+03    6.08101e+02   -5.81872e+05    0.00000e+00
      Potential    Kinetic En.   Total Energy  Conserved En.    Temperature
   -5.63341e+05    1.05684e+05   -4.57657e+05   -2.67018e+07    3.04313e+02
 Pressure (bar)   Constr. rmsd
   -1.71498e+01    3.93768e-04

           Step           Time
        4080000    81600.00000

   Energies (kJ/mol)
           Bond       G96Angle  Improper Dih.        LJ (SR)   Coulomb (SR)
    1.28100e+04    5.60878e+03    6.58019e+02   -5.81320e+05    0.00000e+00
      Potential    Kinetic En.   Total Energy  Conserved En.    Temperature
   -5.62243e+05    1.06936e+05   -4.55307e+05   -2.67339e+07    3.07919e+02
 Pressure (bar)   Constr. rmsd
   -3.49384e+01    3.78965e-04

           Step           Time
        4085000    81700.00000

   Energies (kJ/mol)
           Bond       G96Angle  Improper Dih.        LJ (SR)   Coulomb (SR)
    1.22736e+04    5.61950e+03    6.07260e+02   -5.80937e+05    0.00000e+00
      Potential    Kinetic En.   Total Energy  Conserved En.    Temperature
   -5.62437e+05    1.05045e+05   -4.57391e+05   -2.67658e+07    3.02474e+02
 Pressure (bar)   Constr. rmsd
   -8.58307e+00    3.73844e-04

           Step           Time
        4090000    81800.00000

   Energies (kJ/mol)
           Bond       G96Angle  Improper Dih.        LJ (SR)   Coulomb (SR)
    1.23181e+04    5.78167e+03    6.90582e+02   -5.82435e+05    0.00000e+00
      Potential    Kinetic En.   Total Energy  Conserved En.    Temperature
   -5.63644e+05    1.05401e+05   -4.58243e+05   -2.67977e+07    3.03500e+02
 Pressure (bar)   Constr. rmsd
   -1.61148e+01    3.77360e-04

           Step           Time
        4095000    81900.00000

   Energies (kJ/mol)
           Bond       G96Angle  Improper Dih.        LJ (SR)   Coulomb (SR)
    1.20593e+04    5.90058e+03    6.42753e+02   -5.78728e+05    0.00000e+00
      Potential    Kinetic En.   Total Energy  Conserved En.    Temperature
   -5.60126e+05    1.05357e+05   -4.54768e+05   -2.68297e+07    3.03372e+02
 Pressure (bar)   Constr. rmsd
   -3.75406e+01    3.89305e-04

           Step           Time
        4100000    82000.00000

   Energies (kJ/mol)
           Bond       G96Angle  Improper Dih.        LJ (SR)   Coulomb (SR)
    1.24124e+04    5.77496e+03    6.19771e+02   -5.83016e+05    0.00000e+00
      Potential    Kinetic En.   Total Energy  Conserved En.    Temperature
   -5.64209e+05    1.05452e+05   -4.58757e+05   -2.68617e+07    3.03645e+02
 Pressure (bar)   Constr. rmsd
    2.37935e+01    4.03441e-04

           Step           Time
        4105000    82100.00000

   Energies (kJ/mol)
           Bond       G96Angle  Improper Dih.        LJ (SR)   Coulomb (SR)
    1.31816e+04    5.77386e+03    6.09526e+02   -5.82740e+05    0.00000e+00
      Potential    Kinetic En.   Total Energy  Conserved En.    Temperature
   -5.63175e+05    1.07087e+05   -4.56089e+05   -2.68940e+07    3.08352e+02
 Pressure (bar)   Constr. rmsd
    2.34751e+01    3.98637e-04

           Step           Time
        4110000    82200.00000

   Energies (kJ/mol)
           Bond       G96Angle  Improper Dih.        LJ (SR)   Coulomb (SR)
    1.25716e+04    5.66386e+03    6.30513e+02   -5.81690e+05    0.00000e+00
      Potential    Kinetic En.   Total Energy  Conserved En.    Temperature
   -5.62824e+05    1.05842e+05   -4.56982e+05   -2.69260e+07    3.04769e+02
 Pressure (bar)   Constr. rmsd
   -2.77205e+01    3.58703e-04

           Step           Time
        4115000    82300.00000

   Energies (kJ/mol)
           Bond       G96Angle  Improper Dih.        LJ (SR)   Coulomb (SR)
    1.24995e+04    5.65369e+03    6.56054e+02   -5.81086e+05    0.00000e+00
      Potential    Kinetic En.   Total Energy  Conserved En.    Temperature
   -5.62277e+05    1.06461e+05   -4.55816e+05   -2.69582e+07    3.06552e+02
 Pressure (bar)   Constr. rmsd
    2.90895e+01    3.94563e-04

           Step           Time
        4120000    82400.00000

   Energies (kJ/mol)
           Bond       G96Angle  Improper Dih.        LJ (SR)   Coulomb (SR)
    1.26214e+04    5.56216e+03    6.41570e+02   -5.83809e+05    0.00000e+00
      Potential    Kinetic En.   Total Energy  Conserved En.    Temperature
   -5.64984e+05    1.04547e+05   -4.60438e+05   -2.69905e+07    3.01038e+02
 Pressure (bar)   Constr. rmsd
    3.77619e+00    3.91403e-04

           Step           Time
        4125000    82500.00000

   Energies (kJ/mol)
           Bond       G96Angle  Improper Dih.        LJ (SR)   Coulomb (SR)
    1.28807e+04    5.58672e+03    6.38931e+02   -5.83166e+05    0.00000e+00
      Potential    Kinetic En.   Total Energy  Conserved En.    Temperature
   -5.64059e+05    1.06287e+05   -4.57772e+05   -2.70228e+07    3.06049e+02
 Pressure (bar)   Constr. rmsd
    5.36791e+01    4.03151e-04

           Step           Time
        4130000    82600.00000

   Energies (kJ/mol)
           Bond       G96Angle  Improper Dih.        LJ (SR)   Coulomb (SR)
    1.25279e+04    5.47463e+03    6.49283e+02   -5.82009e+05    0.00000e+00
      Potential    Kinetic En.   Total Energy  Conserved En.    Temperature
   -5.63357e+05    1.05690e+05   -4.57667e+05   -2.70550e+07    3.04331e+02
 Pressure (bar)   Constr. rmsd
   -2.96772e+01    3.68755e-04

           Step           Time
        4135000    82700.00000

   Energies (kJ/mol)
           Bond       G96Angle  Improper Dih.        LJ (SR)   Coulomb (SR)
    1.24914e+04    5.43311e+03    6.42976e+02   -5.80649e+05    0.00000e+00
      Potential    Kinetic En.   Total Energy  Conserved En.    Temperature
   -5.62082e+05    1.04881e+05   -4.57200e+05   -2.70868e+07    3.02002e+02
 Pressure (bar)   Constr. rmsd
   -1.05528e+01    3.79430e-04

           Step           Time
        4140000    82800.00000

   Energies (kJ/mol)
           Bond       G96Angle  Improper Dih.        LJ (SR)   Coulomb (SR)
    1.23241e+04    5.58635e+03    6.35481e+02   -5.82840e+05    0.00000e+00
      Potential    Kinetic En.   Total Energy  Conserved En.    Temperature
   -5.64295e+05    1.05589e+05   -4.58706e+05   -2.71187e+07    3.04039e+02
 Pressure (bar)   Constr. rmsd
    1.37736e+01    3.70178e-04

           Step           Time
        4145000    82900.00000

   Energies (kJ/mol)
           Bond       G96Angle  Improper Dih.        LJ (SR)   Coulomb (SR)
    1.22034e+04    5.66961e+03    6.23030e+02   -5.81715e+05    0.00000e+00
      Potential    Kinetic En.   Total Energy  Conserved En.    Temperature
   -5.63219e+05    1.04850e+05   -4.58369e+05   -2.71508e+07    3.01913e+02
 Pressure (bar)   Constr. rmsd
    3.85171e+01    3.73296e-04

           Step           Time
        4150000    83000.00000

   Energies (kJ/mol)
           Bond       G96Angle  Improper Dih.        LJ (SR)   Coulomb (SR)
    1.25044e+04    5.65956e+03    6.10087e+02   -5.80843e+05    0.00000e+00
      Potential    Kinetic En.   Total Energy  Conserved En.    Temperature
   -5.62069e+05    1.05826e+05   -4.56243e+05   -2.71828e+07    3.04724e+02
 Pressure (bar)   Constr. rmsd
    1.65033e+01    3.94920e-04

           Step           Time
        4155000    83100.00000

   Energies (kJ/mol)
           Bond       G96Angle  Improper Dih.        LJ (SR)   Coulomb (SR)
    1.24322e+04    5.81918e+03    6.48465e+02   -5.82202e+05    0.00000e+00
      Potential    Kinetic En.   Total Energy  Conserved En.    Temperature
   -5.63302e+05    1.05608e+05   -4.57695e+05   -2.72149e+07    3.04094e+02
 Pressure (bar)   Constr. rmsd
    2.61399e+01    3.73311e-04

           Step           Time
        4160000    83200.00000

   Energies (kJ/mol)
           Bond       G96Angle  Improper Dih.        LJ (SR)   Coulomb (SR)
    1.25585e+04    5.75976e+03    6.88804e+02   -5.80397e+05    0.00000e+00
      Potential    Kinetic En.   Total Energy  Conserved En.    Temperature
   -5.61390e+05    1.05730e+05   -4.55660e+05   -2.72468e+07    3.04445e+02
 Pressure (bar)   Constr. rmsd
    1.37650e+01    3.93401e-04

           Step           Time
        4165000    83300.00000

   Energies (kJ/mol)
           Bond       G96Angle  Improper Dih.        LJ (SR)   Coulomb (SR)
    1.21527e+04    5.67579e+03    6.62651e+02   -5.82171e+05    0.00000e+00
      Potential    Kinetic En.   Total Energy  Conserved En.    Temperature
   -5.63679e+05    1.04378e+05   -4.59301e+05   -2.72790e+07    3.00554e+02
 Pressure (bar)   Constr. rmsd
   -3.90627e+01    3.82008e-04

           Step           Time
        4170000    83400.00000

   Energies (kJ/mol)
           Bond       G96Angle  Improper Dih.        LJ (SR)   Coulomb (SR)
    1.25819e+04    5.71927e+03    6.83758e+02   -5.82599e+05    0.00000e+00
      Potential    Kinetic En.   Total Energy  Conserved En.    Temperature
   -5.63614e+05    1.05881e+05   -4.57734e+05   -2.73112e+07    3.04880e+02
 Pressure (bar)   Constr. rmsd
   -1.92970e+01    3.93701e-04

Writing checkpoint, step 4171900 at Fri Feb 24 19:06:17 2023


           Step           Time
        4175000    83500.00000

   Energies (kJ/mol)
           Bond       G96Angle  Improper Dih.        LJ (SR)   Coulomb (SR)
    1.27815e+04    5.47689e+03    6.27761e+02   -5.82245e+05    0.00000e+00
      Potential    Kinetic En.   Total Energy  Conserved En.    Temperature
   -5.63359e+05    1.05359e+05   -4.58000e+05   -2.73434e+07    3.03377e+02
 Pressure (bar)   Constr. rmsd
   -2.00958e+01    3.85229e-04

           Step           Time
        4180000    83600.00000

   Energies (kJ/mol)
           Bond       G96Angle  Improper Dih.        LJ (SR)   Coulomb (SR)
    1.28481e+04    5.52656e+03    6.99267e+02   -5.82165e+05    0.00000e+00
      Potential    Kinetic En.   Total Energy  Conserved En.    Temperature
   -5.63091e+05    1.05534e+05   -4.57556e+05   -2.73754e+07    3.03882e+02
 Pressure (bar)   Constr. rmsd
   -3.27074e+00    3.67982e-04

           Step           Time
        4185000    83700.00000

   Energies (kJ/mol)
           Bond       G96Angle  Improper Dih.        LJ (SR)   Coulomb (SR)
    1.21834e+04    5.51656e+03    6.49143e+02   -5.82332e+05    0.00000e+00
      Potential    Kinetic En.   Total Energy  Conserved En.    Temperature
   -5.63983e+05    1.04616e+05   -4.59367e+05   -2.74077e+07    3.01237e+02
 Pressure (bar)   Constr. rmsd
   -3.83623e+01    3.97779e-04

           Step           Time
        4190000    83800.00000

   Energies (kJ/mol)
           Bond       G96Angle  Improper Dih.        LJ (SR)   Coulomb (SR)
    1.25130e+04    5.49400e+03    6.65081e+02   -5.82408e+05    0.00000e+00
      Potential    Kinetic En.   Total Energy  Conserved En.    Temperature
   -5.63736e+05    1.05469e+05   -4.58266e+05   -2.74397e+07    3.03695e+02
 Pressure (bar)   Constr. rmsd
    1.06450e+01    3.80451e-04

           Step           Time
        4195000    83900.00000

   Energies (kJ/mol)
           Bond       G96Angle  Improper Dih.        LJ (SR)   Coulomb (SR)
    1.23480e+04    5.73729e+03    6.55314e+02   -5.82024e+05    0.00000e+00
      Potential    Kinetic En.   Total Energy  Conserved En.    Temperature
   -5.63284e+05    1.04616e+05   -4.58667e+05   -2.74719e+07    3.01239e+02
 Pressure (bar)   Constr. rmsd
   -1.65660e+01    3.66037e-04

           Step           Time
        4200000    84000.00000

   Energies (kJ/mol)
           Bond       G96Angle  Improper Dih.        LJ (SR)   Coulomb (SR)
    1.23799e+04    5.53038e+03    6.28046e+02   -5.83672e+05    0.00000e+00
      Potential    Kinetic En.   Total Energy  Conserved En.    Temperature
   -5.65134e+05    1.04769e+05   -4.60365e+05   -2.75038e+07    3.01679e+02
 Pressure (bar)   Constr. rmsd
    5.85533e+00    3.87447e-04

           Step           Time
        4205000    84100.00000

   Energies (kJ/mol)
           Bond       G96Angle  Improper Dih.        LJ (SR)   Coulomb (SR)
    1.21902e+04    5.65054e+03    5.86198e+02   -5.81493e+05    0.00000e+00
      Potential    Kinetic En.   Total Energy  Conserved En.    Temperature
   -5.63066e+05    1.05335e+05   -4.57732e+05   -2.75360e+07    3.03308e+02
 Pressure (bar)   Constr. rmsd
    4.85556e+00    3.69888e-04

           Step           Time
        4210000    84200.00000

   Energies (kJ/mol)
           Bond       G96Angle  Improper Dih.        LJ (SR)   Coulomb (SR)
    1.22250e+04    5.76900e+03    6.51530e+02   -5.82603e+05    0.00000e+00
      Potential    Kinetic En.   Total Energy  Conserved En.    Temperature
   -5.63958e+05    1.05434e+05   -4.58524e+05   -2.75680e+07    3.03593e+02
 Pressure (bar)   Constr. rmsd
    1.41911e+01    3.93550e-04

           Step           Time
        4215000    84300.00000

   Energies (kJ/mol)
           Bond       G96Angle  Improper Dih.        LJ (SR)   Coulomb (SR)
    1.24757e+04    5.76547e+03    5.79581e+02   -5.83637e+05    0.00000e+00
      Potential    Kinetic En.   Total Energy  Conserved En.    Temperature
   -5.64816e+05    1.06192e+05   -4.58624e+05   -2.76001e+07    3.05775e+02
 Pressure (bar)   Constr. rmsd
   -1.35989e+01    3.74391e-04

           Step           Time
        4220000    84400.00000

   Energies (kJ/mol)
           Bond       G96Angle  Improper Dih.        LJ (SR)   Coulomb (SR)
    1.22623e+04    5.68278e+03    5.98856e+02   -5.82141e+05    0.00000e+00
      Potential    Kinetic En.   Total Energy  Conserved En.    Temperature
   -5.63597e+05    1.06151e+05   -4.57446e+05   -2.76323e+07    3.05657e+02
 Pressure (bar)   Constr. rmsd
   -3.73333e+00    3.59442e-04

           Step           Time
        4225000    84500.00000

   Energies (kJ/mol)
           Bond       G96Angle  Improper Dih.        LJ (SR)   Coulomb (SR)
    1.22151e+04    5.54084e+03    6.80530e+02   -5.82627e+05    0.00000e+00
      Potential    Kinetic En.   Total Energy  Conserved En.    Temperature
   -5.64191e+05    1.05823e+05   -4.58368e+05   -2.76643e+07    3.04712e+02
 Pressure (bar)   Constr. rmsd
   -3.57669e+01    4.02899e-04

           Step           Time
        4230000    84600.00000

   Energies (kJ/mol)
           Bond       G96Angle  Improper Dih.        LJ (SR)   Coulomb (SR)
    1.25891e+04    5.83354e+03    6.38790e+02   -5.82650e+05    0.00000e+00
      Potential    Kinetic En.   Total Energy  Conserved En.    Temperature
   -5.63589e+05    1.04874e+05   -4.58715e+05   -2.76961e+07    3.01980e+02
 Pressure (bar)   Constr. rmsd
    1.70193e+01    4.01250e-04

           Step           Time
        4235000    84700.00000

   Energies (kJ/mol)
           Bond       G96Angle  Improper Dih.        LJ (SR)   Coulomb (SR)
    1.23104e+04    5.69497e+03    5.99909e+02   -5.84403e+05    0.00000e+00
      Potential    Kinetic En.   Total Energy  Conserved En.    Temperature
   -5.65798e+05    1.05166e+05   -4.60632e+05   -2.77282e+07    3.02822e+02
 Pressure (bar)   Constr. rmsd
    2.92798e+01    3.82461e-04

           Step           Time
        4240000    84800.00000

   Energies (kJ/mol)
           Bond       G96Angle  Improper Dih.        LJ (SR)   Coulomb (SR)
    1.23321e+04    5.61667e+03    6.71298e+02   -5.80128e+05    0.00000e+00
      Potential    Kinetic En.   Total Energy  Conserved En.    Temperature
   -5.61508e+05    1.05424e+05   -4.56084e+05   -2.77601e+07    3.03565e+02
 Pressure (bar)   Constr. rmsd
   -1.08379e+01    3.94282e-04

           Step           Time
        4245000    84900.00000

   Energies (kJ/mol)
           Bond       G96Angle  Improper Dih.        LJ (SR)   Coulomb (SR)
    1.23723e+04    5.74654e+03    6.81980e+02   -5.81701e+05    0.00000e+00
      Potential    Kinetic En.   Total Energy  Conserved En.    Temperature
   -5.62900e+05    1.05775e+05   -4.57125e+05   -2.77922e+07    3.04576e+02
 Pressure (bar)   Constr. rmsd
   -8.99625e-01    3.67762e-04

           Step           Time
        4250000    85000.00000

   Energies (kJ/mol)
           Bond       G96Angle  Improper Dih.        LJ (SR)   Coulomb (SR)
    1.21158e+04    5.84657e+03    7.23821e+02   -5.82826e+05    0.00000e+00
      Potential    Kinetic En.   Total Energy  Conserved En.    Temperature
   -5.64140e+05    1.04953e+05   -4.59187e+05   -2.78243e+07    3.02207e+02
 Pressure (bar)   Constr. rmsd
    8.08160e+00    3.77601e-04

           Step           Time
        4255000    85100.00000

   Energies (kJ/mol)
           Bond       G96Angle  Improper Dih.        LJ (SR)   Coulomb (SR)
    1.23168e+04    5.87666e+03    7.37107e+02   -5.81073e+05    0.00000e+00
      Potential    Kinetic En.   Total Energy  Conserved En.    Temperature
   -5.62142e+05    1.05668e+05   -4.56474e+05   -2.78563e+07    3.04267e+02
 Pressure (bar)   Constr. rmsd
   -3.96552e+01    3.68557e-04

           Step           Time
        4260000    85200.00000

   Energies (kJ/mol)
           Bond       G96Angle  Improper Dih.        LJ (SR)   Coulomb (SR)
    1.20831e+04    5.44748e+03    5.82010e+02   -5.80316e+05    0.00000e+00
      Potential    Kinetic En.   Total Energy  Conserved En.    Temperature
   -5.62203e+05    1.05380e+05   -4.56823e+05   -2.78886e+07    3.03438e+02
 Pressure (bar)   Constr. rmsd
   -1.95919e+00    3.87949e-04

           Step           Time
        4265000    85300.00000

   Energies (kJ/mol)
           Bond       G96Angle  Improper Dih.        LJ (SR)   Coulomb (SR)
    1.25863e+04    5.74572e+03    6.84092e+02   -5.81869e+05    0.00000e+00
      Potential    Kinetic En.   Total Energy  Conserved En.    Temperature
   -5.62853e+05    1.04828e+05   -4.58025e+05   -2.79206e+07    3.01849e+02
 Pressure (bar)   Constr. rmsd
   -1.05065e+01    3.89531e-04

           Step           Time
        4270000    85400.00000

   Energies (kJ/mol)
           Bond       G96Angle  Improper Dih.        LJ (SR)   Coulomb (SR)
    1.22196e+04    5.68136e+03    6.51499e+02   -5.82281e+05    0.00000e+00
      Potential    Kinetic En.   Total Energy  Conserved En.    Temperature
   -5.63728e+05    1.05822e+05   -4.57906e+05   -2.79525e+07    3.04711e+02
 Pressure (bar)   Constr. rmsd
    1.30486e+01    3.66980e-04

           Step           Time
        4275000    85500.00000

   Energies (kJ/mol)
           Bond       G96Angle  Improper Dih.        LJ (SR)   Coulomb (SR)
    1.24682e+04    5.79980e+03    6.65068e+02   -5.81777e+05    0.00000e+00
      Potential    Kinetic En.   Total Energy  Conserved En.    Temperature
   -5.62844e+05    1.05463e+05   -4.57381e+05   -2.79848e+07    3.03677e+02
 Pressure (bar)   Constr. rmsd
   -3.72535e+01    3.84124e-04

           Step           Time
        4280000    85600.00000

   Energies (kJ/mol)
           Bond       G96Angle  Improper Dih.        LJ (SR)   Coulomb (SR)
    1.24816e+04    5.71461e+03    6.16351e+02   -5.82344e+05    0.00000e+00
      Potential    Kinetic En.   Total Energy  Conserved En.    Temperature
   -5.63532e+05    1.05654e+05   -4.57878e+05   -2.80170e+07    3.04226e+02
 Pressure (bar)   Constr. rmsd
    2.56250e+01    3.73847e-04

           Step           Time
        4285000    85700.00000

   Energies (kJ/mol)
           Bond       G96Angle  Improper Dih.        LJ (SR)   Coulomb (SR)
    1.21050e+04    5.83761e+03    7.32038e+02   -5.80188e+05    0.00000e+00
      Potential    Kinetic En.   Total Energy  Conserved En.    Temperature
   -5.61513e+05    1.03465e+05   -4.58048e+05   -2.80491e+07    2.97923e+02
 Pressure (bar)   Constr. rmsd
   -4.45562e+01    3.72263e-04

           Step           Time
        4290000    85800.00000

   Energies (kJ/mol)
           Bond       G96Angle  Improper Dih.        LJ (SR)   Coulomb (SR)
    1.25165e+04    5.50889e+03    6.87071e+02   -5.80110e+05    0.00000e+00
      Potential    Kinetic En.   Total Energy  Conserved En.    Temperature
   -5.61397e+05    1.06064e+05   -4.55333e+05   -2.80813e+07    3.05409e+02
 Pressure (bar)   Constr. rmsd
   -4.58195e+01    3.85784e-04

           Step           Time
        4295000    85900.00000

   Energies (kJ/mol)
           Bond       G96Angle  Improper Dih.        LJ (SR)   Coulomb (SR)
    1.24200e+04    5.87754e+03    6.53759e+02   -5.81861e+05    0.00000e+00
      Potential    Kinetic En.   Total Energy  Conserved En.    Temperature
   -5.62910e+05    1.06269e+05   -4.56641e+05   -2.81134e+07    3.05997e+02
 Pressure (bar)   Constr. rmsd
    5.27690e+00    3.74309e-04

           Step           Time
        4300000    86000.00000

   Energies (kJ/mol)
           Bond       G96Angle  Improper Dih.        LJ (SR)   Coulomb (SR)
    1.23314e+04    5.84582e+03    6.11789e+02   -5.81050e+05    0.00000e+00
      Potential    Kinetic En.   Total Energy  Conserved En.    Temperature
   -5.62261e+05    1.04713e+05   -4.57548e+05   -2.81453e+07    3.01517e+02
 Pressure (bar)   Constr. rmsd
   -7.50689e+00    3.77019e-04

           Step           Time
        4305000    86100.00000

   Energies (kJ/mol)
           Bond       G96Angle  Improper Dih.        LJ (SR)   Coulomb (SR)
    1.23892e+04    5.48206e+03    5.94458e+02   -5.82139e+05    0.00000e+00
      Potential    Kinetic En.   Total Energy  Conserved En.    Temperature
   -5.63674e+05    1.05219e+05   -4.58455e+05   -2.81776e+07    3.02973e+02
 Pressure (bar)   Constr. rmsd
   -1.96118e+01    3.66232e-04

           Step           Time
        4310000    86200.00000

   Energies (kJ/mol)
           Bond       G96Angle  Improper Dih.        LJ (SR)   Coulomb (SR)
    1.23635e+04    5.68134e+03    5.89263e+02   -5.81178e+05    0.00000e+00
      Potential    Kinetic En.   Total Energy  Conserved En.    Temperature
   -5.62544e+05    1.06083e+05   -4.56461e+05   -2.82097e+07    3.05462e+02
 Pressure (bar)   Constr. rmsd
   -2.53286e+01    3.71439e-04

           Step           Time
        4315000    86300.00000

   Energies (kJ/mol)
           Bond       G96Angle  Improper Dih.        LJ (SR)   Coulomb (SR)
    1.25339e+04    5.83325e+03    6.27387e+02   -5.83336e+05    0.00000e+00
      Potential    Kinetic En.   Total Energy  Conserved En.    Temperature
   -5.64341e+05    1.06694e+05   -4.57646e+05   -2.82419e+07    3.07223e+02
 Pressure (bar)   Constr. rmsd
    1.31295e+01    3.89476e-04

           Step           Time
        4320000    86400.00000

   Energies (kJ/mol)
           Bond       G96Angle  Improper Dih.        LJ (SR)   Coulomb (SR)
    1.26338e+04    5.69640e+03    6.80709e+02   -5.84232e+05    0.00000e+00
      Potential    Kinetic En.   Total Energy  Conserved En.    Temperature
   -5.65221e+05    1.05586e+05   -4.59635e+05   -2.82739e+07    3.04032e+02
 Pressure (bar)   Constr. rmsd
    2.37945e+01    3.79809e-04

           Step           Time
        4325000    86500.00000

   Energies (kJ/mol)
           Bond       G96Angle  Improper Dih.        LJ (SR)   Coulomb (SR)
    1.22667e+04    5.70509e+03    7.16761e+02   -5.82616e+05    0.00000e+00
      Potential    Kinetic En.   Total Energy  Conserved En.    Temperature
   -5.63927e+05    1.06167e+05   -4.57761e+05   -2.83060e+07    3.05703e+02
 Pressure (bar)   Constr. rmsd
   -1.11402e+01    3.78009e-04

           Step           Time
        4330000    86600.00000

   Energies (kJ/mol)
           Bond       G96Angle  Improper Dih.        LJ (SR)   Coulomb (SR)
    1.23919e+04    5.58511e+03    6.21424e+02   -5.82544e+05    0.00000e+00
      Potential    Kinetic En.   Total Energy  Conserved En.    Temperature
   -5.63945e+05    1.03700e+05   -4.60245e+05   -2.83380e+07    2.98602e+02
 Pressure (bar)   Constr. rmsd
   -2.20459e+01    3.67219e-04

           Step           Time
        4335000    86700.00000

   Energies (kJ/mol)
           Bond       G96Angle  Improper Dih.        LJ (SR)   Coulomb (SR)
    1.23413e+04    5.49923e+03    6.34536e+02   -5.83555e+05    0.00000e+00
      Potential    Kinetic En.   Total Energy  Conserved En.    Temperature
   -5.65080e+05    1.05441e+05   -4.59639e+05   -2.83699e+07    3.03613e+02
 Pressure (bar)   Constr. rmsd
    8.91609e+00    3.72372e-04

           Step           Time
        4340000    86800.00000

   Energies (kJ/mol)
           Bond       G96Angle  Improper Dih.        LJ (SR)   Coulomb (SR)
    1.21274e+04    5.76342e+03    7.37112e+02   -5.80236e+05    0.00000e+00
      Potential    Kinetic En.   Total Energy  Conserved En.    Temperature
   -5.61608e+05    1.05137e+05   -4.56472e+05   -2.84019e+07    3.02737e+02
 Pressure (bar)   Constr. rmsd
   -3.05113e+01    3.80901e-04

           Step           Time
        4345000    86900.00000

   Energies (kJ/mol)
           Bond       G96Angle  Improper Dih.        LJ (SR)   Coulomb (SR)
    1.24459e+04    5.69919e+03    5.92336e+02   -5.82533e+05    0.00000e+00
      Potential    Kinetic En.   Total Energy  Conserved En.    Temperature
   -5.63796e+05    1.06079e+05   -4.57717e+05   -2.84341e+07    3.05449e+02
 Pressure (bar)   Constr. rmsd
    2.98033e+01    3.62560e-04

           Step           Time
        4350000    87000.00000

   Energies (kJ/mol)
           Bond       G96Angle  Improper Dih.        LJ (SR)   Coulomb (SR)
    1.26425e+04    5.65374e+03    6.37149e+02   -5.82561e+05    0.00000e+00
      Potential    Kinetic En.   Total Energy  Conserved En.    Temperature
   -5.63628e+05    1.06402e+05   -4.57226e+05   -2.84662e+07    3.06381e+02
 Pressure (bar)   Constr. rmsd
    4.18070e+01    3.94142e-04

           Step           Time
        4355000    87100.00000

   Energies (kJ/mol)
           Bond       G96Angle  Improper Dih.        LJ (SR)   Coulomb (SR)
    1.24612e+04    5.61513e+03    6.68332e+02   -5.84128e+05    0.00000e+00
      Potential    Kinetic En.   Total Energy  Conserved En.    Temperature
   -5.65383e+05    1.04842e+05   -4.60541e+05   -2.84983e+07    3.01890e+02
 Pressure (bar)   Constr. rmsd
    6.38853e+00    3.91393e-04

           Step           Time
        4360000    87200.00000

   Energies (kJ/mol)
           Bond       G96Angle  Improper Dih.        LJ (SR)   Coulomb (SR)
    1.25557e+04    5.84936e+03    6.45437e+02   -5.82603e+05    0.00000e+00
      Potential    Kinetic En.   Total Energy  Conserved En.    Temperature
   -5.63553e+05    1.06204e+05   -4.57349e+05   -2.85305e+07    3.05809e+02
 Pressure (bar)   Constr. rmsd
   -8.17204e+00    3.94263e-04

           Step           Time
        4365000    87300.00000

   Energies (kJ/mol)
           Bond       G96Angle  Improper Dih.        LJ (SR)   Coulomb (SR)
    1.27426e+04    5.75991e+03    6.02565e+02   -5.82357e+05    0.00000e+00
      Potential    Kinetic En.   Total Energy  Conserved En.    Temperature
   -5.63252e+05    1.05165e+05   -4.58087e+05   -2.85627e+07    3.02818e+02
 Pressure (bar)   Constr. rmsd
    2.89265e+01    3.91529e-04

           Step           Time
        4370000    87400.00000

   Energies (kJ/mol)
           Bond       G96Angle  Improper Dih.        LJ (SR)   Coulomb (SR)
    1.23010e+04    5.78190e+03    6.64396e+02   -5.80817e+05    0.00000e+00
      Potential    Kinetic En.   Total Energy  Conserved En.    Temperature
   -5.62070e+05    1.05352e+05   -4.56718e+05   -2.85948e+07    3.03357e+02
 Pressure (bar)   Constr. rmsd
    4.03716e+00    4.06263e-04

           Step           Time
        4375000    87500.00000

   Energies (kJ/mol)
           Bond       G96Angle  Improper Dih.        LJ (SR)   Coulomb (SR)
    1.23471e+04    5.77436e+03    6.11832e+02   -5.82181e+05    0.00000e+00
      Potential    Kinetic En.   Total Energy  Conserved En.    Temperature
   -5.63448e+05    1.06309e+05   -4.57139e+05   -2.86269e+07    3.06114e+02
 Pressure (bar)   Constr. rmsd
   -9.09049e+00    4.00004e-04

           Step           Time
        4380000    87600.00000

   Energies (kJ/mol)
           Bond       G96Angle  Improper Dih.        LJ (SR)   Coulomb (SR)
    1.18946e+04    5.62376e+03    6.47270e+02   -5.82588e+05    0.00000e+00
      Potential    Kinetic En.   Total Energy  Conserved En.    Temperature
   -5.64422e+05    1.03555e+05   -4.60867e+05   -2.86592e+07    2.98183e+02
 Pressure (bar)   Constr. rmsd
    9.32317e+00    3.55756e-04

           Step           Time
        4385000    87700.00000

   Energies (kJ/mol)
           Bond       G96Angle  Improper Dih.        LJ (SR)   Coulomb (SR)
    1.26477e+04    5.64075e+03    6.28055e+02   -5.81690e+05    0.00000e+00
      Potential    Kinetic En.   Total Energy  Conserved En.    Temperature
   -5.62773e+05    1.06482e+05   -4.56291e+05   -2.86913e+07    3.06612e+02
 Pressure (bar)   Constr. rmsd
    8.14372e+00    3.59343e-04

           Step           Time
        4390000    87800.00000

   Energies (kJ/mol)
           Bond       G96Angle  Improper Dih.        LJ (SR)   Coulomb (SR)
    1.25806e+04    5.70732e+03    6.36351e+02   -5.81565e+05    0.00000e+00
      Potential    Kinetic En.   Total Energy  Conserved En.    Temperature
   -5.62641e+05    1.05372e+05   -4.57269e+05   -2.87233e+07    3.03415e+02
 Pressure (bar)   Constr. rmsd
   -2.74761e+01    3.80878e-04

           Step           Time
        4395000    87900.00000

   Energies (kJ/mol)
           Bond       G96Angle  Improper Dih.        LJ (SR)   Coulomb (SR)
    1.22053e+04    6.06296e+03    5.80921e+02   -5.82429e+05    0.00000e+00
      Potential    Kinetic En.   Total Energy  Conserved En.    Temperature
   -5.63580e+05    1.05068e+05   -4.58512e+05   -2.87554e+07    3.02538e+02
 Pressure (bar)   Constr. rmsd
   -6.00737e+00    3.73918e-04

           Step           Time
        4400000    88000.00000

   Energies (kJ/mol)
           Bond       G96Angle  Improper Dih.        LJ (SR)   Coulomb (SR)
    1.24281e+04    5.58506e+03    6.64240e+02   -5.82063e+05    0.00000e+00
      Potential    Kinetic En.   Total Energy  Conserved En.    Temperature
   -5.63386e+05    1.06281e+05   -4.57105e+05   -2.87874e+07    3.06032e+02
 Pressure (bar)   Constr. rmsd
    1.03449e+01    3.74693e-04

           Step           Time
        4405000    88100.00000

   Energies (kJ/mol)
           Bond       G96Angle  Improper Dih.        LJ (SR)   Coulomb (SR)
    1.26584e+04    5.76449e+03    6.25659e+02   -5.81510e+05    0.00000e+00
      Potential    Kinetic En.   Total Energy  Conserved En.    Temperature
   -5.62461e+05    1.05668e+05   -4.56793e+05   -2.88194e+07    3.04268e+02
 Pressure (bar)   Constr. rmsd
    1.69998e+01    3.83221e-04

           Step           Time
        4410000    88200.00000

   Energies (kJ/mol)
           Bond       G96Angle  Improper Dih.        LJ (SR)   Coulomb (SR)
    1.22094e+04    5.89199e+03    6.20097e+02   -5.80879e+05    0.00000e+00
      Potential    Kinetic En.   Total Energy  Conserved En.    Temperature
   -5.62158e+05    1.05421e+05   -4.56736e+05   -2.88517e+07    3.03557e+02
 Pressure (bar)   Constr. rmsd
    6.23457e+00    3.65378e-04

           Step           Time
        4415000    88300.00000

   Energies (kJ/mol)
           Bond       G96Angle  Improper Dih.        LJ (SR)   Coulomb (SR)
    1.23512e+04    5.73807e+03    6.22205e+02   -5.80961e+05    0.00000e+00
      Potential    Kinetic En.   Total Energy  Conserved En.    Temperature
   -5.62250e+05    1.05303e+05   -4.56947e+05   -2.88838e+07    3.03215e+02
 Pressure (bar)   Constr. rmsd
    1.25083e+01    3.85536e-04

           Step           Time
        4420000    88400.00000

   Energies (kJ/mol)
           Bond       G96Angle  Improper Dih.        LJ (SR)   Coulomb (SR)
    1.23397e+04    5.73784e+03    6.65295e+02   -5.83599e+05    0.00000e+00
      Potential    Kinetic En.   Total Energy  Conserved En.    Temperature
   -5.64856e+05    1.04952e+05   -4.59904e+05   -2.89158e+07    3.02206e+02
 Pressure (bar)   Constr. rmsd
   -2.14458e+01    3.84427e-04

           Step           Time
        4425000    88500.00000

   Energies (kJ/mol)
           Bond       G96Angle  Improper Dih.        LJ (SR)   Coulomb (SR)
    1.27876e+04    5.75841e+03    6.61829e+02   -5.81842e+05    0.00000e+00
      Potential    Kinetic En.   Total Energy  Conserved En.    Temperature
   -5.62634e+05    1.06016e+05   -4.56619e+05   -2.89480e+07    3.05268e+02
 Pressure (bar)   Constr. rmsd
    2.57414e+01    3.88319e-04

           Step           Time
        4430000    88600.00000

   Energies (kJ/mol)
           Bond       G96Angle  Improper Dih.        LJ (SR)   Coulomb (SR)
    1.23365e+04    5.54737e+03    6.57231e+02   -5.83717e+05    0.00000e+00
      Potential    Kinetic En.   Total Energy  Conserved En.    Temperature
   -5.65176e+05    1.04517e+05   -4.60658e+05   -2.89798e+07    3.00953e+02
 Pressure (bar)   Constr. rmsd
   -2.39591e+01    3.92389e-04

           Step           Time
        4435000    88700.00000

   Energies (kJ/mol)
           Bond       G96Angle  Improper Dih.        LJ (SR)   Coulomb (SR)
    1.20413e+04    5.72959e+03    6.20480e+02   -5.82823e+05    0.00000e+00
      Potential    Kinetic En.   Total Energy  Conserved En.    Temperature
   -5.64431e+05    1.05891e+05   -4.58541e+05   -2.90117e+07    3.04908e+02
 Pressure (bar)   Constr. rmsd
    2.56952e+01    3.83704e-04

           Step           Time
        4440000    88800.00000

   Energies (kJ/mol)
           Bond       G96Angle  Improper Dih.        LJ (SR)   Coulomb (SR)
    1.24875e+04    5.65761e+03    6.19738e+02   -5.80911e+05    0.00000e+00
      Potential    Kinetic En.   Total Energy  Conserved En.    Temperature
   -5.62146e+05    1.06457e+05   -4.55689e+05   -2.90439e+07    3.06539e+02
 Pressure (bar)   Constr. rmsd
    1.69517e+00    3.87837e-04

           Step           Time
        4445000    88900.00000

   Energies (kJ/mol)
           Bond       G96Angle  Improper Dih.        LJ (SR)   Coulomb (SR)
    1.20823e+04    5.69355e+03    6.61515e+02   -5.79823e+05    0.00000e+00
      Potential    Kinetic En.   Total Energy  Conserved En.    Temperature
   -5.61386e+05    1.05455e+05   -4.55931e+05   -2.90758e+07    3.03653e+02
 Pressure (bar)   Constr. rmsd
   -4.56709e+01    3.92908e-04

           Step           Time
        4450000    89000.00000

   Energies (kJ/mol)
           Bond       G96Angle  Improper Dih.        LJ (SR)   Coulomb (SR)
    1.23300e+04    5.70494e+03    6.77227e+02   -5.82450e+05    0.00000e+00
      Potential    Kinetic En.   Total Energy  Conserved En.    Temperature
   -5.63738e+05    1.05843e+05   -4.57894e+05   -2.91076e+07    3.04772e+02
 Pressure (bar)   Constr. rmsd
    1.85921e+01    3.72209e-04

           Step           Time
        4455000    89100.00000

   Energies (kJ/mol)
           Bond       G96Angle  Improper Dih.        LJ (SR)   Coulomb (SR)
    1.23996e+04    5.77122e+03    6.98905e+02   -5.81813e+05    0.00000e+00
      Potential    Kinetic En.   Total Energy  Conserved En.    Temperature
   -5.62943e+05    1.05654e+05   -4.57289e+05   -2.91398e+07    3.04227e+02
 Pressure (bar)   Constr. rmsd
   -1.35202e+00    3.88787e-04

           Step           Time
        4460000    89200.00000

   Energies (kJ/mol)
           Bond       G96Angle  Improper Dih.        LJ (SR)   Coulomb (SR)
    1.23688e+04    5.78516e+03    6.58433e+02   -5.82008e+05    0.00000e+00
      Potential    Kinetic En.   Total Energy  Conserved En.    Temperature
   -5.63195e+05    1.05211e+05   -4.57984e+05   -2.91720e+07    3.02951e+02
 Pressure (bar)   Constr. rmsd
    5.48511e+00    3.68608e-04

           Step           Time
        4465000    89300.00000

   Energies (kJ/mol)
           Bond       G96Angle  Improper Dih.        LJ (SR)   Coulomb (SR)
    1.24609e+04    5.66781e+03    6.49378e+02   -5.83576e+05    0.00000e+00
      Potential    Kinetic En.   Total Energy  Conserved En.    Temperature
   -5.64798e+05    1.05423e+05   -4.59375e+05   -2.92041e+07    3.03563e+02
 Pressure (bar)   Constr. rmsd
    1.11041e+01    4.03679e-04

           Step           Time
        4470000    89400.00000

   Energies (kJ/mol)
           Bond       G96Angle  Improper Dih.        LJ (SR)   Coulomb (SR)
    1.25128e+04    5.71047e+03    6.64707e+02   -5.82948e+05    0.00000e+00
      Potential    Kinetic En.   Total Energy  Conserved En.    Temperature
   -5.64060e+05    1.05886e+05   -4.58175e+05   -2.92359e+07    3.04894e+02
 Pressure (bar)   Constr. rmsd
    2.17247e+01    3.78295e-04

           Step           Time
        4475000    89500.00000

   Energies (kJ/mol)
           Bond       G96Angle  Improper Dih.        LJ (SR)   Coulomb (SR)
    1.25191e+04    5.88747e+03    6.34280e+02   -5.81653e+05    0.00000e+00
      Potential    Kinetic En.   Total Energy  Conserved En.    Temperature
   -5.62612e+05    1.04617e+05   -4.57996e+05   -2.92680e+07    3.01241e+02
 Pressure (bar)   Constr. rmsd
    1.09943e+01    3.85690e-04

           Step           Time
        4480000    89600.00000

   Energies (kJ/mol)
           Bond       G96Angle  Improper Dih.        LJ (SR)   Coulomb (SR)
    1.23579e+04    5.89159e+03    6.63724e+02   -5.81453e+05    0.00000e+00
      Potential    Kinetic En.   Total Energy  Conserved En.    Temperature
   -5.62540e+05    1.05142e+05   -4.57398e+05   -2.92998e+07    3.02753e+02
 Pressure (bar)   Constr. rmsd
    3.20598e+01    3.87105e-04

           Step           Time
        4485000    89700.00000

   Energies (kJ/mol)
           Bond       G96Angle  Improper Dih.        LJ (SR)   Coulomb (SR)
    1.25235e+04    5.64692e+03    6.10879e+02   -5.82777e+05    0.00000e+00
      Potential    Kinetic En.   Total Energy  Conserved En.    Temperature
   -5.63996e+05    1.05743e+05   -4.58252e+05   -2.93320e+07    3.04484e+02
 Pressure (bar)   Constr. rmsd
    2.82683e+01    3.95754e-04

           Step           Time
        4490000    89800.00000

   Energies (kJ/mol)
           Bond       G96Angle  Improper Dih.        LJ (SR)   Coulomb (SR)
    1.24860e+04    5.63170e+03    6.39069e+02   -5.81909e+05    0.00000e+00
      Potential    Kinetic En.   Total Energy  Conserved En.    Temperature
   -5.63152e+05    1.04445e+05   -4.58707e+05   -2.93639e+07    3.00744e+02
 Pressure (bar)   Constr. rmsd
   -1.20437e+00    3.65307e-04

           Step           Time
        4495000    89900.00000

   Energies (kJ/mol)
           Bond       G96Angle  Improper Dih.        LJ (SR)   Coulomb (SR)
    1.24798e+04    5.54670e+03    6.17447e+02   -5.82660e+05    0.00000e+00
      Potential    Kinetic En.   Total Energy  Conserved En.    Temperature
   -5.64016e+05    1.05906e+05   -4.58110e+05   -2.93962e+07    3.04951e+02
 Pressure (bar)   Constr. rmsd
   -4.28230e-01    3.95509e-04

           Step           Time
        4500000    90000.00000

   Energies (kJ/mol)
           Bond       G96Angle  Improper Dih.        LJ (SR)   Coulomb (SR)
    1.24172e+04    5.59517e+03    6.48729e+02   -5.82424e+05    0.00000e+00
      Potential    Kinetic En.   Total Energy  Conserved En.    Temperature
   -5.63762e+05    1.05034e+05   -4.58728e+05   -2.94286e+07    3.02443e+02
 Pressure (bar)   Constr. rmsd
   -1.57157e+01    3.70234e-04

           Step           Time
        4505000    90100.00000

   Energies (kJ/mol)
           Bond       G96Angle  Improper Dih.        LJ (SR)   Coulomb (SR)
    1.26488e+04    5.58231e+03    6.08380e+02   -5.84160e+05    0.00000e+00
      Potential    Kinetic En.   Total Energy  Conserved En.    Temperature
   -5.65321e+05    1.05339e+05   -4.59982e+05   -2.94608e+07    3.03319e+02
 Pressure (bar)   Constr. rmsd
    6.79967e+00    3.76873e-04

           Step           Time
        4510000    90200.00000

   Energies (kJ/mol)
           Bond       G96Angle  Improper Dih.        LJ (SR)   Coulomb (SR)
    1.24332e+04    5.63013e+03    6.80554e+02   -5.82012e+05    0.00000e+00
      Potential    Kinetic En.   Total Energy  Conserved En.    Temperature
   -5.63268e+05    1.05058e+05   -4.58210e+05   -2.94929e+07    3.02511e+02
 Pressure (bar)   Constr. rmsd
   -4.85544e+01    3.81330e-04

           Step           Time
        4515000    90300.00000

   Energies (kJ/mol)
           Bond       G96Angle  Improper Dih.        LJ (SR)   Coulomb (SR)
    1.21052e+04    5.76255e+03    6.51397e+02   -5.82894e+05    0.00000e+00
      Potential    Kinetic En.   Total Energy  Conserved En.    Temperature
   -5.64375e+05    1.04461e+05   -4.59914e+05   -2.95250e+07    3.00791e+02
 Pressure (bar)   Constr. rmsd
   -3.09470e+01    3.68888e-04

           Step           Time
        4520000    90400.00000

   Energies (kJ/mol)
           Bond       G96Angle  Improper Dih.        LJ (SR)   Coulomb (SR)
    1.26949e+04    5.62673e+03    6.59269e+02   -5.82948e+05    0.00000e+00
      Potential    Kinetic En.   Total Energy  Conserved En.    Temperature
   -5.63967e+05    1.05370e+05   -4.58597e+05   -2.95571e+07    3.03409e+02
 Pressure (bar)   Constr. rmsd
    1.74204e+01    3.94113e-04

           Step           Time
        4525000    90500.00000

   Energies (kJ/mol)
           Bond       G96Angle  Improper Dih.        LJ (SR)   Coulomb (SR)
    1.20872e+04    5.62057e+03    6.13808e+02   -5.83374e+05    0.00000e+00
      Potential    Kinetic En.   Total Energy  Conserved En.    Temperature
   -5.65053e+05    1.05176e+05   -4.59876e+05   -2.95892e+07    3.02852e+02
 Pressure (bar)   Constr. rmsd
   -2.45402e+01    3.72428e-04

           Step           Time
        4530000    90600.00000

   Energies (kJ/mol)
           Bond       G96Angle  Improper Dih.        LJ (SR)   Coulomb (SR)
    1.24295e+04    5.61867e+03    6.91436e+02   -5.83975e+05    0.00000e+00
      Potential    Kinetic En.   Total Energy  Conserved En.    Temperature
   -5.65236e+05    1.06360e+05   -4.58876e+05   -2.96212e+07    3.06258e+02
 Pressure (bar)   Constr. rmsd
    8.81978e+00    3.95093e-04

           Step           Time
        4535000    90700.00000

   Energies (kJ/mol)
           Bond       G96Angle  Improper Dih.        LJ (SR)   Coulomb (SR)
    1.24884e+04    5.60175e+03    7.26168e+02   -5.83188e+05    0.00000e+00
      Potential    Kinetic En.   Total Energy  Conserved En.    Temperature
   -5.64372e+05    1.05927e+05   -4.58444e+05   -2.96531e+07    3.05014e+02
 Pressure (bar)   Constr. rmsd
    9.64666e+00    3.53135e-04

           Step           Time
        4540000    90800.00000

   Energies (kJ/mol)
           Bond       G96Angle  Improper Dih.        LJ (SR)   Coulomb (SR)
    1.18530e+04    5.58854e+03    6.34597e+02   -5.82821e+05    0.00000e+00
      Potential    Kinetic En.   Total Energy  Conserved En.    Temperature
   -5.64745e+05    1.05508e+05   -4.59237e+05   -2.96852e+07    3.03807e+02
 Pressure (bar)   Constr. rmsd
   -3.16318e+01    3.70817e-04

           Step           Time
        4545000    90900.00000

   Energies (kJ/mol)
           Bond       G96Angle  Improper Dih.        LJ (SR)   Coulomb (SR)
    1.22655e+04    5.61256e+03    7.01494e+02   -5.85332e+05    0.00000e+00
      Potential    Kinetic En.   Total Energy  Conserved En.    Temperature
   -5.66752e+05    1.06126e+05   -4.60626e+05   -2.97174e+07    3.05587e+02
 Pressure (bar)   Constr. rmsd
    1.21477e+01    3.80332e-04

           Step           Time
        4550000    91000.00000

   Energies (kJ/mol)
           Bond       G96Angle  Improper Dih.        LJ (SR)   Coulomb (SR)
    1.24189e+04    5.47492e+03    6.44504e+02   -5.84390e+05    0.00000e+00
      Potential    Kinetic En.   Total Energy  Conserved En.    Temperature
   -5.65851e+05    1.05949e+05   -4.59902e+05   -2.97496e+07    3.05077e+02
 Pressure (bar)   Constr. rmsd
    3.16029e+01    3.60865e-04

           Step           Time
        4555000    91100.00000

   Energies (kJ/mol)
           Bond       G96Angle  Improper Dih.        LJ (SR)   Coulomb (SR)
    1.29070e+04    5.68233e+03    6.29197e+02   -5.83778e+05    0.00000e+00
      Potential    Kinetic En.   Total Energy  Conserved En.    Temperature
   -5.64559e+05    1.06038e+05   -4.58522e+05   -2.97815e+07    3.05332e+02
 Pressure (bar)   Constr. rmsd
    5.99323e+01    3.74491e-04

           Step           Time
        4560000    91200.00000

   Energies (kJ/mol)
           Bond       G96Angle  Improper Dih.        LJ (SR)   Coulomb (SR)
    1.24488e+04    5.75502e+03    6.09967e+02   -5.82135e+05    0.00000e+00
      Potential    Kinetic En.   Total Energy  Conserved En.    Temperature
   -5.63321e+05    1.06826e+05   -4.56495e+05   -2.98137e+07    3.07601e+02
 Pressure (bar)   Constr. rmsd
   -1.65019e+01    3.58832e-04

           Step           Time
        4565000    91300.00000

   Energies (kJ/mol)
           Bond       G96Angle  Improper Dih.        LJ (SR)   Coulomb (SR)
    1.23002e+04    5.73864e+03    6.93848e+02   -5.82485e+05    0.00000e+00
      Potential    Kinetic En.   Total Energy  Conserved En.    Temperature
   -5.63753e+05    1.05526e+05   -4.58227e+05   -2.98457e+07    3.03858e+02
 Pressure (bar)   Constr. rmsd
    2.18235e+01    3.96902e-04

           Step           Time
        4570000    91400.00000

   Energies (kJ/mol)
           Bond       G96Angle  Improper Dih.        LJ (SR)   Coulomb (SR)
    1.25196e+04    5.56277e+03    5.44705e+02   -5.82635e+05    0.00000e+00
      Potential    Kinetic En.   Total Energy  Conserved En.    Temperature
   -5.64008e+05    1.05150e+05   -4.58857e+05   -2.98776e+07    3.02776e+02
 Pressure (bar)   Constr. rmsd
   -3.20581e+01    3.88989e-04

           Step           Time
        4575000    91500.00000

   Energies (kJ/mol)
           Bond       G96Angle  Improper Dih.        LJ (SR)   Coulomb (SR)
    1.22899e+04    5.63669e+03    6.20521e+02   -5.82665e+05    0.00000e+00
      Potential    Kinetic En.   Total Energy  Conserved En.    Temperature
   -5.64118e+05    1.06334e+05   -4.57784e+05   -2.99097e+07    3.06185e+02
 Pressure (bar)   Constr. rmsd
    2.24187e+01    3.91546e-04

           Step           Time
        4580000    91600.00000

   Energies (kJ/mol)
           Bond       G96Angle  Improper Dih.        LJ (SR)   Coulomb (SR)
    1.24130e+04    5.61295e+03    5.72110e+02   -5.79661e+05    0.00000e+00
      Potential    Kinetic En.   Total Energy  Conserved En.    Temperature
   -5.61063e+05    1.06744e+05   -4.54319e+05   -2.99416e+07    3.07365e+02
 Pressure (bar)   Constr. rmsd
   -3.25944e+01    3.84907e-04

           Step           Time
        4585000    91700.00000

   Energies (kJ/mol)
           Bond       G96Angle  Improper Dih.        LJ (SR)   Coulomb (SR)
    1.23681e+04    5.83150e+03    6.36896e+02   -5.82026e+05    0.00000e+00
      Potential    Kinetic En.   Total Energy  Conserved En.    Temperature
   -5.63190e+05    1.04956e+05   -4.58234e+05   -2.99736e+07    3.02217e+02
 Pressure (bar)   Constr. rmsd
   -2.89969e+01    3.74666e-04

           Step           Time
        4590000    91800.00000

   Energies (kJ/mol)
           Bond       G96Angle  Improper Dih.        LJ (SR)   Coulomb (SR)
    1.26550e+04    5.68736e+03    6.24170e+02   -5.80094e+05    0.00000e+00
      Potential    Kinetic En.   Total Energy  Conserved En.    Temperature
   -5.61127e+05    1.05509e+05   -4.55618e+05   -3.00058e+07    3.03810e+02
 Pressure (bar)   Constr. rmsd
   -4.46003e+01    3.82444e-04

           Step           Time
        4595000    91900.00000

   Energies (kJ/mol)
           Bond       G96Angle  Improper Dih.        LJ (SR)   Coulomb (SR)
    1.25329e+04    5.58186e+03    7.11108e+02   -5.80820e+05    0.00000e+00
      Potential    Kinetic En.   Total Energy  Conserved En.    Temperature
   -5.61994e+05    1.04774e+05   -4.57221e+05   -3.00379e+07    3.01692e+02
 Pressure (bar)   Constr. rmsd
   -7.62084e+00    3.55396e-04

           Step           Time
        4600000    92000.00000

   Energies (kJ/mol)
           Bond       G96Angle  Improper Dih.        LJ (SR)   Coulomb (SR)
    1.21238e+04    5.64212e+03    6.48017e+02   -5.83506e+05    0.00000e+00
      Potential    Kinetic En.   Total Energy  Conserved En.    Temperature
   -5.65092e+05    1.05426e+05   -4.59666e+05   -3.00700e+07    3.03572e+02
 Pressure (bar)   Constr. rmsd
   -1.07901e+01    3.69491e-04

           Step           Time
        4605000    92100.00000

   Energies (kJ/mol)
           Bond       G96Angle  Improper Dih.        LJ (SR)   Coulomb (SR)
    1.21502e+04    5.73977e+03    6.36977e+02   -5.82317e+05    0.00000e+00
      Potential    Kinetic En.   Total Energy  Conserved En.    Temperature
   -5.63790e+05    1.06449e+05   -4.57342e+05   -3.01022e+07    3.06516e+02
 Pressure (bar)   Constr. rmsd
   -1.15770e+01    3.71793e-04

           Step           Time
        4610000    92200.00000

   Energies (kJ/mol)
           Bond       G96Angle  Improper Dih.        LJ (SR)   Coulomb (SR)
    1.21560e+04    5.56700e+03    6.54276e+02   -5.81720e+05    0.00000e+00
      Potential    Kinetic En.   Total Energy  Conserved En.    Temperature
   -5.63342e+05    1.06624e+05   -4.56719e+05   -3.01344e+07    3.07019e+02
 Pressure (bar)   Constr. rmsd
   -1.60748e+01    3.77584e-04

           Step           Time
        4615000    92300.00000

   Energies (kJ/mol)
           Bond       G96Angle  Improper Dih.        LJ (SR)   Coulomb (SR)
    1.22098e+04    5.69803e+03    6.52896e+02   -5.80175e+05    0.00000e+00
      Potential    Kinetic En.   Total Energy  Conserved En.    Temperature
   -5.61614e+05    1.06296e+05   -4.55318e+05   -3.01667e+07    3.06077e+02
 Pressure (bar)   Constr. rmsd
   -1.49088e+01    3.70627e-04

           Step           Time
        4620000    92400.00000

   Energies (kJ/mol)
           Bond       G96Angle  Improper Dih.        LJ (SR)   Coulomb (SR)
    1.22800e+04    5.51912e+03    6.35568e+02   -5.82556e+05    0.00000e+00
      Potential    Kinetic En.   Total Energy  Conserved En.    Temperature
   -5.64122e+05    1.04812e+05   -4.59310e+05   -3.01986e+07    3.01801e+02
 Pressure (bar)   Constr. rmsd
    9.45191e+00    3.71714e-04

           Step           Time
        4625000    92500.00000

   Energies (kJ/mol)
           Bond       G96Angle  Improper Dih.        LJ (SR)   Coulomb (SR)
    1.23290e+04    5.58109e+03    6.61268e+02   -5.83449e+05    0.00000e+00
      Potential    Kinetic En.   Total Energy  Conserved En.    Temperature
   -5.64878e+05    1.04931e+05   -4.59947e+05   -3.02305e+07    3.02145e+02
 Pressure (bar)   Constr. rmsd
   -2.67499e+01    3.74316e-04

           Step           Time
        4630000    92600.00000

   Energies (kJ/mol)
           Bond       G96Angle  Improper Dih.        LJ (SR)   Coulomb (SR)
    1.24836e+04    5.60566e+03    6.25002e+02   -5.81072e+05    0.00000e+00
      Potential    Kinetic En.   Total Energy  Conserved En.    Temperature
   -5.62358e+05    1.06232e+05   -4.56126e+05   -3.02623e+07    3.05890e+02
 Pressure (bar)   Constr. rmsd
    4.78861e+00    3.67170e-04

           Step           Time
        4635000    92700.00000

   Energies (kJ/mol)
           Bond       G96Angle  Improper Dih.        LJ (SR)   Coulomb (SR)
    1.22876e+04    5.63125e+03    7.10359e+02   -5.83593e+05    0.00000e+00
      Potential    Kinetic En.   Total Energy  Conserved En.    Temperature
   -5.64964e+05    1.06264e+05   -4.58700e+05   -3.02942e+07    3.05983e+02
 Pressure (bar)   Constr. rmsd
    1.92186e+01    3.94794e-04

           Step           Time
        4640000    92800.00000

   Energies (kJ/mol)
           Bond       G96Angle  Improper Dih.        LJ (SR)   Coulomb (SR)
    1.21487e+04    5.73679e+03    6.43264e+02   -5.83475e+05    0.00000e+00
      Potential    Kinetic En.   Total Energy  Conserved En.    Temperature
   -5.64946e+05    1.05364e+05   -4.59582e+05   -3.03265e+07    3.03393e+02
 Pressure (bar)   Constr. rmsd
    3.76951e+01    4.01540e-04

           Step           Time
        4645000    92900.00000

   Energies (kJ/mol)
           Bond       G96Angle  Improper Dih.        LJ (SR)   Coulomb (SR)
    1.21700e+04    5.76611e+03    6.59829e+02   -5.81979e+05    0.00000e+00
      Potential    Kinetic En.   Total Energy  Conserved En.    Temperature
   -5.63383e+05    1.06397e+05   -4.56986e+05   -3.03585e+07    3.06366e+02
 Pressure (bar)   Constr. rmsd
    2.80138e+00    3.88760e-04

           Step           Time
        4650000    93000.00000

   Energies (kJ/mol)
           Bond       G96Angle  Improper Dih.        LJ (SR)   Coulomb (SR)
    1.27645e+04    5.58547e+03    6.15997e+02   -5.83275e+05    0.00000e+00
      Potential    Kinetic En.   Total Energy  Conserved En.    Temperature
   -5.64309e+05    1.05976e+05   -4.58333e+05   -3.03905e+07    3.05154e+02
 Pressure (bar)   Constr. rmsd
    2.09821e+01    3.75337e-04

           Step           Time
        4655000    93100.00000

   Energies (kJ/mol)
           Bond       G96Angle  Improper Dih.        LJ (SR)   Coulomb (SR)
    1.23185e+04    5.67200e+03    6.62564e+02   -5.82697e+05    0.00000e+00
      Potential    Kinetic En.   Total Energy  Conserved En.    Temperature
   -5.64044e+05    1.06366e+05   -4.57678e+05   -3.04227e+07    3.06278e+02
 Pressure (bar)   Constr. rmsd
   -7.73447e+00    3.82993e-04

           Step           Time
        4660000    93200.00000

   Energies (kJ/mol)
           Bond       G96Angle  Improper Dih.        LJ (SR)   Coulomb (SR)
    1.22441e+04    5.50600e+03    6.14014e+02   -5.81902e+05    0.00000e+00
      Potential    Kinetic En.   Total Energy  Conserved En.    Temperature
   -5.63538e+05    1.05492e+05   -4.58046e+05   -3.04549e+07    3.03760e+02
 Pressure (bar)   Constr. rmsd
    9.30304e+00    3.72433e-04

           Step           Time
        4665000    93300.00000

   Energies (kJ/mol)
           Bond       G96Angle  Improper Dih.        LJ (SR)   Coulomb (SR)
    1.22254e+04    5.65938e+03    5.93663e+02   -5.83016e+05    0.00000e+00
      Potential    Kinetic En.   Total Energy  Conserved En.    Temperature
   -5.64538e+05    1.05409e+05   -4.59129e+05   -3.04870e+07    3.03521e+02
 Pressure (bar)   Constr. rmsd
   -1.07240e+01    3.93957e-04

           Step           Time
        4670000    93400.00000

   Energies (kJ/mol)
           Bond       G96Angle  Improper Dih.        LJ (SR)   Coulomb (SR)
    1.21239e+04    5.62953e+03    6.36268e+02   -5.82062e+05    0.00000e+00
      Potential    Kinetic En.   Total Energy  Conserved En.    Temperature
   -5.63672e+05    1.05562e+05   -4.58110e+05   -3.05192e+07    3.03962e+02
 Pressure (bar)   Constr. rmsd
   -3.72425e+01    3.64557e-04

           Step           Time
        4675000    93500.00000

   Energies (kJ/mol)
           Bond       G96Angle  Improper Dih.        LJ (SR)   Coulomb (SR)
    1.23369e+04    5.68397e+03    6.87680e+02   -5.81124e+05    0.00000e+00
      Potential    Kinetic En.   Total Energy  Conserved En.    Temperature
   -5.62415e+05    1.04897e+05   -4.57518e+05   -3.05512e+07    3.02048e+02
 Pressure (bar)   Constr. rmsd
   -9.87836e+00    3.73511e-04

           Step           Time
        4680000    93600.00000

   Energies (kJ/mol)
           Bond       G96Angle  Improper Dih.        LJ (SR)   Coulomb (SR)
    1.26867e+04    5.59720e+03    5.92815e+02   -5.83936e+05    0.00000e+00
      Potential    Kinetic En.   Total Energy  Conserved En.    Temperature
   -5.65059e+05    1.05969e+05   -4.59090e+05   -3.05831e+07    3.05135e+02
 Pressure (bar)   Constr. rmsd
    7.97490e+00    4.12406e-04

           Step           Time
        4685000    93700.00000

   Energies (kJ/mol)
           Bond       G96Angle  Improper Dih.        LJ (SR)   Coulomb (SR)
    1.25294e+04    5.66114e+03    6.20384e+02   -5.82085e+05    0.00000e+00
      Potential    Kinetic En.   Total Energy  Conserved En.    Temperature
   -5.63274e+05    1.05046e+05   -4.58229e+05   -3.06152e+07    3.02475e+02
 Pressure (bar)   Constr. rmsd
    1.89191e+01    3.58738e-04

           Step           Time
        4690000    93800.00000

   Energies (kJ/mol)
           Bond       G96Angle  Improper Dih.        LJ (SR)   Coulomb (SR)
    1.23295e+04    5.39973e+03    6.73358e+02   -5.81368e+05    0.00000e+00
      Potential    Kinetic En.   Total Energy  Conserved En.    Temperature
   -5.62965e+05    1.05772e+05   -4.57193e+05   -3.06471e+07    3.04566e+02
 Pressure (bar)   Constr. rmsd
   -1.40484e+01    3.67444e-04

           Step           Time
        4695000    93900.00000

   Energies (kJ/mol)
           Bond       G96Angle  Improper Dih.        LJ (SR)   Coulomb (SR)
    1.24352e+04    5.37956e+03    5.73863e+02   -5.83904e+05    0.00000e+00
      Potential    Kinetic En.   Total Energy  Conserved En.    Temperature
   -5.65515e+05    1.04575e+05   -4.60940e+05   -3.06791e+07    3.01119e+02
 Pressure (bar)   Constr. rmsd
    9.43788e+00    3.94980e-04

           Step           Time
        4700000    94000.00000

   Energies (kJ/mol)
           Bond       G96Angle  Improper Dih.        LJ (SR)   Coulomb (SR)
    1.21075e+04    5.72016e+03    5.91825e+02   -5.82117e+05    0.00000e+00
      Potential    Kinetic En.   Total Energy  Conserved En.    Temperature
   -5.63698e+05    1.06652e+05   -4.57046e+05   -3.07112e+07    3.07100e+02
 Pressure (bar)   Constr. rmsd
   -3.14453e+01    3.94168e-04

           Step           Time
        4705000    94100.00000

   Energies (kJ/mol)
           Bond       G96Angle  Improper Dih.        LJ (SR)   Coulomb (SR)
    1.26344e+04    5.77577e+03    6.79221e+02   -5.82479e+05    0.00000e+00
      Potential    Kinetic En.   Total Energy  Conserved En.    Temperature
   -5.63389e+05    1.05049e+05   -4.58340e+05   -3.07431e+07    3.02485e+02
 Pressure (bar)   Constr. rmsd
    1.17058e+01    3.55211e-04

           Step           Time
        4710000    94200.00000

   Energies (kJ/mol)
           Bond       G96Angle  Improper Dih.        LJ (SR)   Coulomb (SR)
    1.24662e+04    5.82656e+03    5.98695e+02   -5.81432e+05    0.00000e+00
      Potential    Kinetic En.   Total Energy  Conserved En.    Temperature
   -5.62541e+05    1.06465e+05   -4.56076e+05   -3.07752e+07    3.06561e+02
 Pressure (bar)   Constr. rmsd
   -1.30633e+01    3.75836e-04

           Step           Time
        4715000    94300.00000

   Energies (kJ/mol)
           Bond       G96Angle  Improper Dih.        LJ (SR)   Coulomb (SR)
    1.22724e+04    5.65075e+03    6.71534e+02   -5.82654e+05    0.00000e+00
      Potential    Kinetic En.   Total Energy  Conserved En.    Temperature
   -5.64060e+05    1.05103e+05   -4.58957e+05   -3.08072e+07    3.02640e+02
 Pressure (bar)   Constr. rmsd
   -7.55828e+00    3.59972e-04

           Step           Time
        4720000    94400.00000

   Energies (kJ/mol)
           Bond       G96Angle  Improper Dih.        LJ (SR)   Coulomb (SR)
    1.23388e+04    5.83156e+03    5.48190e+02   -5.81798e+05    0.00000e+00
      Potential    Kinetic En.   Total Energy  Conserved En.    Temperature
   -5.63079e+05    1.05225e+05   -4.57854e+05   -3.08392e+07    3.02992e+02
 Pressure (bar)   Constr. rmsd
    1.49069e+00    3.82201e-04

           Step           Time
        4725000    94500.00000

   Energies (kJ/mol)
           Bond       G96Angle  Improper Dih.        LJ (SR)   Coulomb (SR)
    1.26205e+04    5.79889e+03    6.15818e+02   -5.84230e+05    0.00000e+00
      Potential    Kinetic En.   Total Energy  Conserved En.    Temperature
   -5.65195e+05    1.04697e+05   -4.60498e+05   -3.08714e+07    3.01471e+02
 Pressure (bar)   Constr. rmsd
    4.49404e+01    3.88543e-04

           Step           Time
        4730000    94600.00000

   Energies (kJ/mol)
           Bond       G96Angle  Improper Dih.        LJ (SR)   Coulomb (SR)
    1.23626e+04    5.71645e+03    5.44775e+02   -5.82458e+05    0.00000e+00
      Potential    Kinetic En.   Total Energy  Conserved En.    Temperature
   -5.63835e+05    1.05690e+05   -4.58145e+05   -3.09031e+07    3.04329e+02
 Pressure (bar)   Constr. rmsd
   -2.38854e+01    3.94360e-04

           Step           Time
        4735000    94700.00000

   Energies (kJ/mol)
           Bond       G96Angle  Improper Dih.        LJ (SR)   Coulomb (SR)
    1.25129e+04    5.59111e+03    6.62665e+02   -5.83585e+05    0.00000e+00
      Potential    Kinetic En.   Total Energy  Conserved En.    Temperature
   -5.64818e+05    1.04296e+05   -4.60523e+05   -3.09352e+07    3.00316e+02
 Pressure (bar)   Constr. rmsd
   -3.26998e+01    3.94150e-04

           Step           Time
        4740000    94800.00000

   Energies (kJ/mol)
           Bond       G96Angle  Improper Dih.        LJ (SR)   Coulomb (SR)
    1.25873e+04    5.89006e+03    7.11244e+02   -5.81675e+05    0.00000e+00
      Potential    Kinetic En.   Total Energy  Conserved En.    Temperature
   -5.62486e+05    1.05542e+05   -4.56944e+05   -3.09670e+07    3.03904e+02
 Pressure (bar)   Constr. rmsd
    2.60936e+01    3.65659e-04

           Step           Time
        4745000    94900.00000

   Energies (kJ/mol)
           Bond       G96Angle  Improper Dih.        LJ (SR)   Coulomb (SR)
    1.23562e+04    5.85313e+03    6.29919e+02   -5.80484e+05    0.00000e+00
      Potential    Kinetic En.   Total Energy  Conserved En.    Temperature
   -5.61645e+05    1.06888e+05   -4.54757e+05   -3.09991e+07    3.07780e+02
 Pressure (bar)   Constr. rmsd
    1.81775e+01    3.72304e-04

           Step           Time
        4750000    95000.00000

   Energies (kJ/mol)
           Bond       G96Angle  Improper Dih.        LJ (SR)   Coulomb (SR)
    1.27950e+04    5.56353e+03    6.35281e+02   -5.82270e+05    0.00000e+00
      Potential    Kinetic En.   Total Energy  Conserved En.    Temperature
   -5.63277e+05    1.06161e+05   -4.57116e+05   -3.10314e+07    3.05686e+02
 Pressure (bar)   Constr. rmsd
    2.34792e+01    3.95297e-04

           Step           Time
        4755000    95100.00000

   Energies (kJ/mol)
           Bond       G96Angle  Improper Dih.        LJ (SR)   Coulomb (SR)
    1.24090e+04    5.56448e+03    5.80479e+02   -5.81948e+05    0.00000e+00
      Potential    Kinetic En.   Total Energy  Conserved En.    Temperature
   -5.63394e+05    1.06552e+05   -4.56842e+05   -3.10634e+07    3.06811e+02
 Pressure (bar)   Constr. rmsd
    4.07341e+01    3.89557e-04

           Step           Time
        4760000    95200.00000

   Energies (kJ/mol)
           Bond       G96Angle  Improper Dih.        LJ (SR)   Coulomb (SR)
    1.19310e+04    5.65619e+03    6.04665e+02   -5.83265e+05    0.00000e+00
      Potential    Kinetic En.   Total Energy  Conserved En.    Temperature
   -5.65073e+05    1.05852e+05   -4.59221e+05   -3.10955e+07    3.04797e+02
 Pressure (bar)   Constr. rmsd
   -2.45980e+01    3.66813e-04

           Step           Time
        4765000    95300.00000

   Energies (kJ/mol)
           Bond       G96Angle  Improper Dih.        LJ (SR)   Coulomb (SR)
    1.21580e+04    5.50501e+03    6.58912e+02   -5.81593e+05    0.00000e+00
      Potential    Kinetic En.   Total Energy  Conserved En.    Temperature
   -5.63271e+05    1.04552e+05   -4.58720e+05   -3.11276e+07    3.01052e+02
 Pressure (bar)   Constr. rmsd
   -2.63082e+01    3.69401e-04

           Step           Time
        4770000    95400.00000

   Energies (kJ/mol)
           Bond       G96Angle  Improper Dih.        LJ (SR)   Coulomb (SR)
    1.18199e+04    5.62296e+03    6.62610e+02   -5.80510e+05    0.00000e+00
      Potential    Kinetic En.   Total Energy  Conserved En.    Temperature
   -5.62405e+05    1.05082e+05   -4.57323e+05   -3.11597e+07    3.02578e+02
 Pressure (bar)   Constr. rmsd
   -5.78801e+00    3.94539e-04

           Step           Time
        4775000    95500.00000

   Energies (kJ/mol)
           Bond       G96Angle  Improper Dih.        LJ (SR)   Coulomb (SR)
    1.24016e+04    5.64634e+03    5.72879e+02   -5.83054e+05    0.00000e+00
      Potential    Kinetic En.   Total Energy  Conserved En.    Temperature
   -5.64433e+05    1.07039e+05   -4.57394e+05   -3.11918e+07    3.08215e+02
 Pressure (bar)   Constr. rmsd
    3.52199e+01    3.97281e-04

           Step           Time
        4780000    95600.00000

   Energies (kJ/mol)
           Bond       G96Angle  Improper Dih.        LJ (SR)   Coulomb (SR)
    1.24995e+04    5.50296e+03    6.57238e+02   -5.83804e+05    0.00000e+00
      Potential    Kinetic En.   Total Energy  Conserved En.    Temperature
   -5.65144e+05    1.05150e+05   -4.59994e+05   -3.12242e+07    3.02775e+02
 Pressure (bar)   Constr. rmsd
   -7.11967e+00    3.72468e-04

           Step           Time
        4785000    95700.00000

   Energies (kJ/mol)
           Bond       G96Angle  Improper Dih.        LJ (SR)   Coulomb (SR)
    1.29596e+04    5.67850e+03    5.44710e+02   -5.82562e+05    0.00000e+00
      Potential    Kinetic En.   Total Energy  Conserved En.    Temperature
   -5.63380e+05    1.06824e+05   -4.56556e+05   -3.12561e+07    3.07595e+02
 Pressure (bar)   Constr. rmsd
    4.31811e+01    3.95548e-04

           Step           Time
        4790000    95800.00000

   Energies (kJ/mol)
           Bond       G96Angle  Improper Dih.        LJ (SR)   Coulomb (SR)
    1.23888e+04    5.75893e+03    6.27493e+02   -5.82864e+05    0.00000e+00
      Potential    Kinetic En.   Total Energy  Conserved En.    Temperature
   -5.64089e+05    1.04550e+05   -4.59539e+05   -3.12881e+07    3.01049e+02
 Pressure (bar)   Constr. rmsd
   -3.23396e+00    3.89700e-04

           Step           Time
        4795000    95900.00000

   Energies (kJ/mol)
           Bond       G96Angle  Improper Dih.        LJ (SR)   Coulomb (SR)
    1.20790e+04    5.86155e+03    5.82451e+02   -5.81140e+05    0.00000e+00
      Potential    Kinetic En.   Total Energy  Conserved En.    Temperature
   -5.62617e+05    1.04624e+05   -4.57993e+05   -3.13200e+07    3.01261e+02
 Pressure (bar)   Constr. rmsd
   -6.86886e+01    3.73626e-04

           Step           Time
        4800000    96000.00000

   Energies (kJ/mol)
           Bond       G96Angle  Improper Dih.        LJ (SR)   Coulomb (SR)
    1.22833e+04    5.62524e+03    6.67047e+02   -5.82212e+05    0.00000e+00
      Potential    Kinetic En.   Total Energy  Conserved En.    Temperature
   -5.63636e+05    1.05332e+05   -4.58304e+05   -3.13520e+07    3.03301e+02
 Pressure (bar)   Constr. rmsd
   -3.76275e+01    3.75978e-04

           Step           Time
        4805000    96100.00000

   Energies (kJ/mol)
           Bond       G96Angle  Improper Dih.        LJ (SR)   Coulomb (SR)
    1.25584e+04    5.69931e+03    7.12051e+02   -5.82094e+05    0.00000e+00
      Potential    Kinetic En.   Total Energy  Conserved En.    Temperature
   -5.63124e+05    1.06307e+05   -4.56817e+05   -3.13837e+07    3.06107e+02
 Pressure (bar)   Constr. rmsd
    3.83862e+01    4.00533e-04

           Step           Time
        4810000    96200.00000

   Energies (kJ/mol)
           Bond       G96Angle  Improper Dih.        LJ (SR)   Coulomb (SR)
    1.25321e+04    5.83535e+03    6.28275e+02   -5.81215e+05    0.00000e+00
      Potential    Kinetic En.   Total Energy  Conserved En.    Temperature
   -5.62219e+05    1.05124e+05   -4.57095e+05   -3.14156e+07    3.02702e+02
 Pressure (bar)   Constr. rmsd
   -2.55360e+01    3.78037e-04

           Step           Time
        4815000    96300.00000

   Energies (kJ/mol)
           Bond       G96Angle  Improper Dih.        LJ (SR)   Coulomb (SR)
    1.24396e+04    5.66003e+03    6.12310e+02   -5.82775e+05    0.00000e+00
      Potential    Kinetic En.   Total Energy  Conserved En.    Temperature
   -5.64063e+05    1.06014e+05   -4.58049e+05   -3.14478e+07    3.05264e+02
 Pressure (bar)   Constr. rmsd
    2.81533e+00    3.95084e-04

           Step           Time
        4820000    96400.00000

   Energies (kJ/mol)
           Bond       G96Angle  Improper Dih.        LJ (SR)   Coulomb (SR)
    1.25952e+04    5.76376e+03    6.71885e+02   -5.82695e+05    0.00000e+00
      Potential    Kinetic En.   Total Energy  Conserved En.    Temperature
   -5.63664e+05    1.05962e+05   -4.57702e+05   -3.14799e+07    3.05113e+02
 Pressure (bar)   Constr. rmsd
    5.78784e+01    3.81827e-04

           Step           Time
        4825000    96500.00000

   Energies (kJ/mol)
           Bond       G96Angle  Improper Dih.        LJ (SR)   Coulomb (SR)
    1.23634e+04    5.67483e+03    5.81141e+02   -5.83052e+05    0.00000e+00
      Potential    Kinetic En.   Total Energy  Conserved En.    Temperature
   -5.64433e+05    1.06601e+05   -4.57832e+05   -3.15119e+07    3.06954e+02
 Pressure (bar)   Constr. rmsd
    2.59252e+01    3.93771e-04

           Step           Time
        4830000    96600.00000

   Energies (kJ/mol)
           Bond       G96Angle  Improper Dih.        LJ (SR)   Coulomb (SR)
    1.21952e+04    5.83838e+03    5.69306e+02   -5.82734e+05    0.00000e+00
      Potential    Kinetic En.   Total Energy  Conserved En.    Temperature
   -5.64131e+05    1.06464e+05   -4.57667e+05   -3.15442e+07    3.06559e+02
 Pressure (bar)   Constr. rmsd
    3.05677e+01    3.87090e-04

           Step           Time
        4835000    96700.00000

   Energies (kJ/mol)
           Bond       G96Angle  Improper Dih.        LJ (SR)   Coulomb (SR)
    1.27746e+04    5.72713e+03    6.70775e+02   -5.82199e+05    0.00000e+00
      Potential    Kinetic En.   Total Energy  Conserved En.    Temperature
   -5.63027e+05    1.06016e+05   -4.57011e+05   -3.15760e+07    3.05269e+02
 Pressure (bar)   Constr. rmsd
    3.44255e+01    3.82790e-04

           Step           Time
        4840000    96800.00000

   Energies (kJ/mol)
           Bond       G96Angle  Improper Dih.        LJ (SR)   Coulomb (SR)
    1.25867e+04    5.85200e+03    6.19118e+02   -5.81990e+05    0.00000e+00
      Potential    Kinetic En.   Total Energy  Conserved En.    Temperature
   -5.62932e+05    1.05438e+05   -4.57494e+05   -3.16080e+07    3.03605e+02
 Pressure (bar)   Constr. rmsd
   -2.26825e+01    3.62897e-04

           Step           Time
        4845000    96900.00000

   Energies (kJ/mol)
           Bond       G96Angle  Improper Dih.        LJ (SR)   Coulomb (SR)
    1.24570e+04    5.86906e+03    6.10583e+02   -5.82382e+05    0.00000e+00
      Potential    Kinetic En.   Total Energy  Conserved En.    Temperature
   -5.63445e+05    1.06251e+05   -4.57194e+05   -3.16402e+07    3.05947e+02
 Pressure (bar)   Constr. rmsd
   -1.91891e+01    3.74415e-04

           Step           Time
        4850000    97000.00000

   Energies (kJ/mol)
           Bond       G96Angle  Improper Dih.        LJ (SR)   Coulomb (SR)
    1.22236e+04    5.64562e+03    6.49916e+02   -5.82335e+05    0.00000e+00
      Potential    Kinetic En.   Total Energy  Conserved En.    Temperature
   -5.63816e+05    1.06549e+05   -4.57267e+05   -3.16722e+07    3.06805e+02
 Pressure (bar)   Constr. rmsd
   -1.24883e+01    3.98709e-04

           Step           Time
        4855000    97100.00000

   Energies (kJ/mol)
           Bond       G96Angle  Improper Dih.        LJ (SR)   Coulomb (SR)
    1.24428e+04    5.64278e+03    6.73068e+02   -5.80014e+05    0.00000e+00
      Potential    Kinetic En.   Total Energy  Conserved En.    Temperature
   -5.61256e+05    1.06916e+05   -4.54340e+05   -3.17047e+07    3.07860e+02
 Pressure (bar)   Constr. rmsd
   -1.26290e+01    3.91746e-04

           Step           Time
        4860000    97200.00000

   Energies (kJ/mol)
           Bond       G96Angle  Improper Dih.        LJ (SR)   Coulomb (SR)
    1.19104e+04    5.67110e+03    5.96857e+02   -5.80662e+05    0.00000e+00
      Potential    Kinetic En.   Total Energy  Conserved En.    Temperature
   -5.62484e+05    1.05268e+05   -4.57216e+05   -3.17366e+07    3.03116e+02
 Pressure (bar)   Constr. rmsd
   -5.86969e+00    3.74065e-04

           Step           Time
        4865000    97300.00000

   Energies (kJ/mol)
           Bond       G96Angle  Improper Dih.        LJ (SR)   Coulomb (SR)
    1.23132e+04    5.67326e+03    5.91652e+02   -5.81696e+05    0.00000e+00
      Potential    Kinetic En.   Total Energy  Conserved En.    Temperature
   -5.63118e+05    1.04512e+05   -4.58606e+05   -3.17686e+07    3.00939e+02
 Pressure (bar)   Constr. rmsd
   -1.29581e+01    3.72821e-04

           Step           Time
        4870000    97400.00000

   Energies (kJ/mol)
           Bond       G96Angle  Improper Dih.        LJ (SR)   Coulomb (SR)
    1.21581e+04    5.84383e+03    5.94856e+02   -5.80160e+05    0.00000e+00
      Potential    Kinetic En.   Total Energy  Conserved En.    Temperature
   -5.61563e+05    1.05820e+05   -4.55743e+05   -3.18009e+07    3.04705e+02
 Pressure (bar)   Constr. rmsd
   -7.50790e+00    3.80394e-04

           Step           Time
        4875000    97500.00000

   Energies (kJ/mol)
           Bond       G96Angle  Improper Dih.        LJ (SR)   Coulomb (SR)
    1.24728e+04    5.49249e+03    7.05954e+02   -5.81200e+05    0.00000e+00
      Potential    Kinetic En.   Total Energy  Conserved En.    Temperature
   -5.62529e+05    1.06741e+05   -4.55788e+05   -3.18328e+07    3.07357e+02
 Pressure (bar)   Constr. rmsd
    3.94715e+01    3.84302e-04

           Step           Time
        4880000    97600.00000

   Energies (kJ/mol)
           Bond       G96Angle  Improper Dih.        LJ (SR)   Coulomb (SR)
    1.23517e+04    5.53241e+03    6.18037e+02   -5.81836e+05    0.00000e+00
      Potential    Kinetic En.   Total Energy  Conserved En.    Temperature
   -5.63334e+05    1.05991e+05   -4.57343e+05   -3.18647e+07    3.05197e+02
 Pressure (bar)   Constr. rmsd
    8.22334e+00    3.80777e-04

           Step           Time
        4885000    97700.00000

   Energies (kJ/mol)
           Bond       G96Angle  Improper Dih.        LJ (SR)   Coulomb (SR)
    1.22418e+04    5.81790e+03    5.89354e+02   -5.83695e+05    0.00000e+00
      Potential    Kinetic En.   Total Energy  Conserved En.    Temperature
   -5.65046e+05    1.05678e+05   -4.59368e+05   -3.18968e+07    3.04296e+02
 Pressure (bar)   Constr. rmsd
   -4.47177e+01    3.73408e-04

           Step           Time
        4890000    97800.00000

   Energies (kJ/mol)
           Bond       G96Angle  Improper Dih.        LJ (SR)   Coulomb (SR)
    1.27463e+04    5.68584e+03    6.31873e+02   -5.83809e+05    0.00000e+00
      Potential    Kinetic En.   Total Energy  Conserved En.    Temperature
   -5.64745e+05    1.04811e+05   -4.59934e+05   -3.19289e+07    3.01800e+02
 Pressure (bar)   Constr. rmsd
   -6.38293e+00    3.90889e-04

           Step           Time
        4895000    97900.00000

   Energies (kJ/mol)
           Bond       G96Angle  Improper Dih.        LJ (SR)   Coulomb (SR)
    1.26362e+04    5.54852e+03    6.03729e+02   -5.83541e+05    0.00000e+00
      Potential    Kinetic En.   Total Energy  Conserved En.    Temperature
   -5.64752e+05    1.05192e+05   -4.59561e+05   -3.19612e+07    3.02896e+02
 Pressure (bar)   Constr. rmsd
   -1.30995e+01    3.77397e-04

           Step           Time
        4900000    98000.00000

   Energies (kJ/mol)
           Bond       G96Angle  Improper Dih.        LJ (SR)   Coulomb (SR)
    1.22998e+04    5.66761e+03    6.22287e+02   -5.81931e+05    0.00000e+00
      Potential    Kinetic En.   Total Energy  Conserved En.    Temperature
   -5.63341e+05    1.05061e+05   -4.58280e+05   -3.19931e+07    3.02519e+02
 Pressure (bar)   Constr. rmsd
   -2.30763e+01    3.96921e-04

           Step           Time
        4905000    98100.00000

   Energies (kJ/mol)
           Bond       G96Angle  Improper Dih.        LJ (SR)   Coulomb (SR)
    1.23650e+04    5.56889e+03    6.62641e+02   -5.80709e+05    0.00000e+00
      Potential    Kinetic En.   Total Energy  Conserved En.    Temperature
   -5.62112e+05    1.06212e+05   -4.55900e+05   -3.20251e+07    3.05835e+02
 Pressure (bar)   Constr. rmsd
    7.47484e+00    3.66818e-04

           Step           Time
        4910000    98200.00000

   Energies (kJ/mol)
           Bond       G96Angle  Improper Dih.        LJ (SR)   Coulomb (SR)
    1.23415e+04    5.73665e+03    6.13511e+02   -5.83432e+05    0.00000e+00
      Potential    Kinetic En.   Total Energy  Conserved En.    Temperature
   -5.64740e+05    1.04459e+05   -4.60282e+05   -3.20571e+07    3.00785e+02
 Pressure (bar)   Constr. rmsd
    1.79667e+01    3.82750e-04

           Step           Time
        4915000    98300.00000

   Energies (kJ/mol)
           Bond       G96Angle  Improper Dih.        LJ (SR)   Coulomb (SR)
    1.24971e+04    5.68716e+03    5.59076e+02   -5.78994e+05    0.00000e+00
      Potential    Kinetic En.   Total Energy  Conserved En.    Temperature
   -5.60250e+05    1.06918e+05   -4.53333e+05   -3.20894e+07    3.07866e+02
 Pressure (bar)   Constr. rmsd
    5.56791e+01    3.88041e-04

           Step           Time
        4920000    98400.00000

   Energies (kJ/mol)
           Bond       G96Angle  Improper Dih.        LJ (SR)   Coulomb (SR)
    1.25537e+04    5.93136e+03    6.25831e+02   -5.80480e+05    0.00000e+00
      Potential    Kinetic En.   Total Energy  Conserved En.    Temperature
   -5.61370e+05    1.06455e+05   -4.54914e+05   -3.21216e+07    3.06534e+02
 Pressure (bar)   Constr. rmsd
   -8.60348e+00    3.69950e-04

           Step           Time
        4925000    98500.00000

   Energies (kJ/mol)
           Bond       G96Angle  Improper Dih.        LJ (SR)   Coulomb (SR)
    1.22907e+04    5.57066e+03    6.10832e+02   -5.81945e+05    0.00000e+00
      Potential    Kinetic En.   Total Energy  Conserved En.    Temperature
   -5.63473e+05    1.05616e+05   -4.57857e+05   -3.21536e+07    3.04117e+02
 Pressure (bar)   Constr. rmsd
   -3.42241e+01    3.77462e-04

           Step           Time
        4930000    98600.00000

   Energies (kJ/mol)
           Bond       G96Angle  Improper Dih.        LJ (SR)   Coulomb (SR)
    1.21413e+04    5.72971e+03    6.23956e+02   -5.82290e+05    0.00000e+00
      Potential    Kinetic En.   Total Energy  Conserved En.    Temperature
   -5.63795e+05    1.04639e+05   -4.59156e+05   -3.21853e+07    3.01304e+02
 Pressure (bar)   Constr. rmsd
   -9.66130e+00    3.75906e-04

           Step           Time
        4935000    98700.00000

   Energies (kJ/mol)
           Bond       G96Angle  Improper Dih.        LJ (SR)   Coulomb (SR)
    1.27731e+04    5.51630e+03    5.94993e+02   -5.81791e+05    0.00000e+00
      Potential    Kinetic En.   Total Energy  Conserved En.    Temperature
   -5.62907e+05    1.07529e+05   -4.55378e+05   -3.22174e+07    3.09625e+02
 Pressure (bar)   Constr. rmsd
    5.41991e+01    3.97541e-04

           Step           Time
        4940000    98800.00000

   Energies (kJ/mol)
           Bond       G96Angle  Improper Dih.        LJ (SR)   Coulomb (SR)
    1.26572e+04    5.75761e+03    6.08805e+02   -5.82585e+05    0.00000e+00
      Potential    Kinetic En.   Total Energy  Conserved En.    Temperature
   -5.63561e+05    1.04657e+05   -4.58904e+05   -3.22493e+07    3.01356e+02
 Pressure (bar)   Constr. rmsd
   -2.81311e+01    3.79864e-04

           Step           Time
        4945000    98900.00000

   Energies (kJ/mol)
           Bond       G96Angle  Improper Dih.        LJ (SR)   Coulomb (SR)
    1.23783e+04    5.61920e+03    6.82950e+02   -5.81250e+05    0.00000e+00
      Potential    Kinetic En.   Total Energy  Conserved En.    Temperature
   -5.62569e+05    1.05278e+05   -4.57291e+05   -3.22813e+07    3.03145e+02
 Pressure (bar)   Constr. rmsd
   -2.15521e+01    3.80345e-04

           Step           Time
        4950000    99000.00000

   Energies (kJ/mol)
           Bond       G96Angle  Improper Dih.        LJ (SR)   Coulomb (SR)
    1.21393e+04    5.68757e+03    6.29932e+02   -5.81734e+05    0.00000e+00
      Potential    Kinetic En.   Total Energy  Conserved En.    Temperature
   -5.63277e+05    1.05131e+05   -4.58146e+05   -3.23133e+07    3.02720e+02
 Pressure (bar)   Constr. rmsd
   -1.46886e+01    3.72933e-04

           Step           Time
        4955000    99100.00000

   Energies (kJ/mol)
           Bond       G96Angle  Improper Dih.        LJ (SR)   Coulomb (SR)
    1.24776e+04    5.62423e+03    6.46378e+02   -5.81795e+05    0.00000e+00
      Potential    Kinetic En.   Total Energy  Conserved En.    Temperature
   -5.63047e+05    1.05007e+05   -4.58040e+05   -3.23453e+07    3.02365e+02
 Pressure (bar)   Constr. rmsd
    1.93958e+01    4.07305e-04

           Step           Time
        4960000    99200.00000

   Energies (kJ/mol)
           Bond       G96Angle  Improper Dih.        LJ (SR)   Coulomb (SR)
    1.20371e+04    5.75110e+03    6.33253e+02   -5.82289e+05    0.00000e+00
      Potential    Kinetic En.   Total Energy  Conserved En.    Temperature
   -5.63868e+05    1.05513e+05   -4.58355e+05   -3.23776e+07    3.03821e+02
 Pressure (bar)   Constr. rmsd
    2.23585e+00    3.76936e-04

           Step           Time
        4965000    99300.00000

   Energies (kJ/mol)
           Bond       G96Angle  Improper Dih.        LJ (SR)   Coulomb (SR)
    1.25298e+04    5.80205e+03    6.71793e+02   -5.80119e+05    0.00000e+00
      Potential    Kinetic En.   Total Energy  Conserved En.    Temperature
   -5.61116e+05    1.05167e+05   -4.55949e+05   -3.24099e+07    3.02824e+02
 Pressure (bar)   Constr. rmsd
   -4.15745e+00    3.95569e-04

           Step           Time
        4970000    99400.00000

   Energies (kJ/mol)
           Bond       G96Angle  Improper Dih.        LJ (SR)   Coulomb (SR)
    1.27311e+04    5.71698e+03    5.97393e+02   -5.82672e+05    0.00000e+00
      Potential    Kinetic En.   Total Energy  Conserved En.    Temperature
   -5.63626e+05    1.04706e+05   -4.58921e+05   -3.24420e+07    3.01496e+02
 Pressure (bar)   Constr. rmsd
    4.93708e+00    3.65860e-04

           Step           Time
        4975000    99500.00000

   Energies (kJ/mol)
           Bond       G96Angle  Improper Dih.        LJ (SR)   Coulomb (SR)
    1.21773e+04    5.92674e+03    7.00354e+02   -5.80905e+05    0.00000e+00
      Potential    Kinetic En.   Total Energy  Conserved En.    Temperature
   -5.62100e+05    1.04730e+05   -4.57370e+05   -3.24737e+07    3.01567e+02
 Pressure (bar)   Constr. rmsd
   -2.81485e+01    3.74063e-04

           Step           Time
        4980000    99600.00000

   Energies (kJ/mol)
           Bond       G96Angle  Improper Dih.        LJ (SR)   Coulomb (SR)
    1.24876e+04    5.80014e+03    6.06991e+02   -5.81429e+05    0.00000e+00
      Potential    Kinetic En.   Total Energy  Conserved En.    Temperature
   -5.62534e+05    1.07031e+05   -4.55503e+05   -3.25058e+07    3.08191e+02
 Pressure (bar)   Constr. rmsd
    1.05678e+01    3.79708e-04

           Step           Time
        4985000    99700.00000

   Energies (kJ/mol)
           Bond       G96Angle  Improper Dih.        LJ (SR)   Coulomb (SR)
    1.25869e+04    5.71019e+03    6.12697e+02   -5.83012e+05    0.00000e+00
      Potential    Kinetic En.   Total Energy  Conserved En.    Temperature
   -5.64102e+05    1.05501e+05   -4.58601e+05   -3.25378e+07    3.03786e+02
 Pressure (bar)   Constr. rmsd
    2.10659e+01    3.71375e-04

           Step           Time
        4990000    99800.00000

   Energies (kJ/mol)
           Bond       G96Angle  Improper Dih.        LJ (SR)   Coulomb (SR)
    1.22996e+04    5.81795e+03    6.25300e+02   -5.80367e+05    0.00000e+00
      Potential    Kinetic En.   Total Energy  Conserved En.    Temperature
   -5.61624e+05    1.06365e+05   -4.55259e+05   -3.25699e+07    3.06275e+02
 Pressure (bar)   Constr. rmsd
   -1.83157e+01    3.83160e-04

           Step           Time
        4995000    99900.00000

   Energies (kJ/mol)
           Bond       G96Angle  Improper Dih.        LJ (SR)   Coulomb (SR)
    1.20470e+04    5.69694e+03    5.99820e+02   -5.82086e+05    0.00000e+00
      Potential    Kinetic En.   Total Energy  Conserved En.    Temperature
   -5.63743e+05    1.06002e+05   -4.57741e+05   -3.26017e+07    3.05228e+02
 Pressure (bar)   Constr. rmsd
   -1.80184e+01    4.07804e-04

           Step           Time
        5000000   100000.00000

Writing checkpoint, step 5000000 at Fri Feb 24 19:18:57 2023


   Energies (kJ/mol)
           Bond       G96Angle  Improper Dih.        LJ (SR)   Coulomb (SR)
    1.20742e+04    5.63169e+03    6.36383e+02   -5.82219e+05    0.00000e+00
      Potential    Kinetic En.   Total Energy  Conserved En.    Temperature
   -5.63876e+05    1.04753e+05   -4.59123e+05   -3.26337e+07    3.01633e+02
 Pressure (bar)   Constr. rmsd
   -9.58949e+00    3.85158e-04


	<======  ###############  ==>
	<====  A V E R A G E S  ====>
	<==  ###############  ======>

	Statistics over 5000001 steps using 50001 frames

   Energies (kJ/mol)
           Bond       G96Angle  Improper Dih.        LJ (SR)   Coulomb (SR)
    1.24418e+04    5.59398e+03    6.29942e+02   -5.82729e+05    0.00000e+00
      Potential    Kinetic En.   Total Energy  Conserved En.    Temperature
   -5.64064e+05    1.05589e+05   -4.58475e+05   -1.65983e+07    3.04039e+02
 Pressure (bar)   Constr. rmsd
    4.00590e-01    0.00000e+00

          Box-X          Box-Y          Box-Z
    1.57524e+01    1.57524e+01    1.35322e+01

   Total Virial (kJ/mol)
    3.53811e+04    4.59617e+00    5.23941e+00
    4.59586e+00    3.53376e+04    1.12514e+01
    5.23956e+00    1.12512e+01    3.47575e+04

   Pressure (bar)
    2.32221e-01   -5.72606e-02   -5.20522e-02
   -5.72575e-02    6.39339e-01   -7.86807e-02
   -5.20536e-02   -7.86788e-02    3.30209e-01

T-CHOL_XCA_PNCE        T-WN_PP          T-CNN
    3.02549e+02    3.04736e+02    3.05670e+02


	M E G A - F L O P S   A C C O U N T I N G

 NB=Group-cutoff nonbonded kernels    NxN=N-by-N cluster Verlet kernels
 RF=Reaction-Field  VdW=Van der Waals  QSTab=quadratic-spline table
 W3=SPC/TIP3p  W4=TIP4p (single or pairs)
 V&F=Potential and force  V=Potential only  F=Force only

 Computing:                               M-Number         M-Flops  % Flops
-----------------------------------------------------------------------------
 Pair Search distance check          259374.372096     2334369.349     0.2
 NxN RF Elec. + LJ [F]             37831294.740608  1437589200.143    97.6
 NxN RF Elec. + LJ [V&F]             382140.833920    20635605.032     1.4
 Shift-X                               6039.830199       36238.981     0.0
 Bonds                                37000.007400     2183000.437     0.1
 Angles                               27360.005472     4596480.919     0.3
 Impropers                             2520.000504      524160.105     0.0
 Virial                                7561.030244      136098.544     0.0
 Stop-CM                               1510.010398       15100.104     0.0
 Calc-Ekin                            60398.060398     1630747.631     0.1
 Lincs                                12600.007560      756000.454     0.1
 Lincs-Mat                           362880.217728     1451520.871     0.1
 Constraint-V                         25200.010080      201600.081     0.0
 Constraint-Vir                         630.002520       15120.060     0.0
 Virtual Site 3                        2520.000504       93240.019     0.0
 Virtual Site 3out                     5040.001008      438480.088     0.0
-----------------------------------------------------------------------------
 Total                                              1472636962.817   100.0
-----------------------------------------------------------------------------


     R E A L   C Y C L E   A N D   T I M E   A C C O U N T I N G

On 1 MPI rank, each using 8 OpenMP threads

 Computing:          Num   Num      Call    Wall time         Giga-Cycles
                     Ranks Threads  Count      (s)         total sum    %
-----------------------------------------------------------------------------
 Vsite constr.          1    8    5000001      87.299       1955.464   1.7
 Neighbor search        1    8     200001     368.199       8247.497   7.0
 Launch GPU ops.        1    8    5000001      97.932       2193.633   1.9
 Force                  1    8    5000001     399.244       8942.874   7.6
 Wait GPU NB local      1    8    5000001    2567.353      57507.521  48.8
 NB X/F buffer ops.     1    8    9800001     703.242      15752.288  13.4
 Vsite spread           1    8    5000001      90.701       2031.657   1.7
 Write traj.            1    8       1006      37.606        842.346   0.7
 Update                 1    8    5000001     370.964       8309.424   7.1
 Constraints            1    8    5000003     427.428       9574.182   8.1
 Rest                                         110.714       2479.938   2.1
-----------------------------------------------------------------------------
 Total                                       5260.681     117836.825 100.0
-----------------------------------------------------------------------------

               Core t (s)   Wall t (s)        (%)
       Time:    42085.443     5260.681      800.0
                         1h27:40
                 (ns/day)    (hour/ns)
Performance:     1642.373        0.015
Finished mdrun on rank 0 Fri Feb 24 19:18:57 2023

