                      :-) GROMACS - gmx mdrun, 2020.6 (-:

                            GROMACS is written by:
     Emile Apol      Rossen Apostolov      Paul Bauer     Herman J.C. Berendsen
    Par Bjelkmar      Christian Blau   Viacheslav Bolnykh     Kevin Boyd    
 Aldert van Buuren   Rudi van Drunen     Anton Feenstra       Alan Gray     
  Gerrit Groenhof     Anca Hamuraru    Vincent Hindriksen  M. Eric Irrgang  
  Aleksei Iupinov   Christoph Junghans     Joe Jordan     Dimitrios Karkoulis
    Peter Kasson        Jiri Kraus      Carsten Kutzner      Per Larsson    
  Justin A. Lemkul    Viveca Lindahl    Magnus Lundborg     Erik Marklund   
    Pascal Merz     Pieter Meulenhoff    Teemu Murtola       Szilard Pall   
    Sander Pronk      Roland Schulz      Michael Shirts    Alexey Shvetsov  
   Alfons Sijbers     Peter Tieleman      Jon Vincent      Teemu Virolainen 
 Christian Wennberg    Maarten Wolf      Artem Zhmurov   
                           and the project leaders:
        Mark Abraham, Berk Hess, Erik Lindahl, and David van der Spoel

Copyright (c) 1991-2000, University of Groningen, The Netherlands.
Copyright (c) 2001-2019, The GROMACS development team at
Uppsala University, Stockholm University and
the Royal Institute of Technology, Sweden.
check out http://www.gromacs.org for more information.

GROMACS is free software; you can redistribute it and/or modify it
under the terms of the GNU Lesser General Public License
as published by the Free Software Foundation; either version 2.1
of the License, or (at your option) any later version.

GROMACS:      gmx mdrun, version 2020.6
Executable:   /home/r32/gmx2020.6/bin/gmx
Data prefix:  /home/r32/gmx2020.6
Working dir:  /media/r32/BANQ/MD/APP-3/membrane/drug/difussion/OST/CNL
Process ID:   307859
Command line:
  gmx mdrun -deffnm step6.2_equilibration -v -ntmpi 1 -ntomp 8 -pin on -pinoffset 1

GROMACS version:    2020.6
Verified release checksum is 2f568d8884e039acbc6b68722432516e0628be00c847969b7c905c8b53ef826f
Precision:          single
Memory model:       64 bit
MPI library:        thread_mpi
OpenMP support:     enabled (GMX_OPENMP_MAX_THREADS = 64)
GPU support:        CUDA
SIMD instructions:  AVX2_256
FFT library:        fftw-3.3.10-sse2-avx
RDTSCP usage:       enabled
TNG support:        enabled
Hwloc support:      disabled
Tracing support:    disabled
C compiler:         /usr/bin/cc GNU 8.4.0
C compiler flags:   -mavx2 -mfma -fexcess-precision=fast -funroll-all-loops -O3 -DNDEBUG
C++ compiler:       /usr/bin/g++ GNU 8.4.0
C++ compiler flags: -mavx2 -mfma -fexcess-precision=fast -funroll-all-loops -fopenmp -O3 -DNDEBUG
CUDA compiler:      /usr/bin/nvcc nvcc: NVIDIA (R) Cuda compiler driver;Copyright (c) 2005-2019 NVIDIA Corporation;Built on Sun_Jul_28_19:07:16_PDT_2019;Cuda compilation tools, release 10.1, V10.1.243
CUDA compiler flags:-gencode;arch=compute_30,code=sm_30;-gencode;arch=compute_35,code=sm_35;-gencode;arch=compute_37,code=sm_37;-gencode;arch=compute_50,code=sm_50;-gencode;arch=compute_52,code=sm_52;-gencode;arch=compute_60,code=sm_60;-gencode;arch=compute_61,code=sm_61;-gencode;arch=compute_70,code=sm_70;-gencode;arch=compute_35,code=compute_35;-gencode;arch=compute_50,code=compute_50;-gencode;arch=compute_52,code=compute_52;-gencode;arch=compute_60,code=compute_60;-gencode;arch=compute_61,code=compute_61;-gencode;arch=compute_70,code=compute_70;-gencode;arch=compute_75,code=compute_75;-use_fast_math;-D_FORCE_INLINES;-mavx2 -mfma -fexcess-precision=fast -funroll-all-loops -fopenmp -O3 -DNDEBUG
CUDA driver:        11.80
CUDA runtime:       10.10


Running on 1 node with total 96 cores, 192 logical cores, 1 compatible GPU
Hardware detected:
  CPU info:
    Vendor: AMD
    Brand:  AMD EPYC 7R32 48-Core Processor                
    Family: 23   Model: 49   Stepping: 0
    Features: aes amd apic avx avx2 clfsh cmov cx8 cx16 f16c fma htt lahf misalignsse mmx msr nonstop_tsc pclmuldq pdpe1gb popcnt pse rdrnd rdtscp sha sse2 sse3 sse4a sse4.1 sse4.2 ssse3
  Hardware topology: Basic
    Sockets, cores, and logical processors:
      Socket  0: [   0  96] [   1  97] [   2  98] [   3  99] [   4 100] [   5 101] [   6 102] [   7 103] [   8 104] [   9 105] [  10 106] [  11 107] [  12 108] [  13 109] [  14 110] [  15 111] [  16 112] [  17 113] [  18 114] [  19 115] [  20 116] [  21 117] [  22 118] [  23 119] [  24 120] [  25 121] [  26 122] [  27 123] [  28 124] [  29 125] [  30 126] [  31 127] [  32 128] [  33 129] [  34 130] [  35 131] [  36 132] [  37 133] [  38 134] [  39 135] [  40 136] [  41 137] [  42 138] [  43 139] [  44 140] [  45 141] [  46 142] [  47 143] [  48 144] [  49 145] [  50 146] [  51 147] [  52 148] [  53 149] [  54 150] [  55 151] [  56 152] [  57 153] [  58 154] [  59 155] [  60 156] [  61 157] [  62 158] [  63 159] [  64 160] [  65 161] [  66 162] [  67 163] [  68 164] [  69 165] [  70 166] [  71 167] [  72 168] [  73 169] [  74 170] [  75 171] [  76 172] [  77 173] [  78 174] [  79 175] [  80 176] [  81 177] [  82 178] [  83 179] [  84 180] [  85 181] [  86 182] [  87 183] [  88 184] [  89 185] [  90 186] [  91 187] [  92 188] [  93 189] [  94 190] [  95 191]
  GPU info:
    Number of GPUs detected: 1
    #0: NVIDIA NVIDIA GeForce RTX 3080 Ti, compute cap.: 8.6, ECC:  no, stat: compatible


++++ PLEASE READ AND CITE THE FOLLOWING REFERENCE ++++
M. J. Abraham, T. Murtola, R. Schulz, S. Páll, J. C. Smith, B. Hess, E.
Lindahl
GROMACS: High performance molecular simulations through multi-level
parallelism from laptops to supercomputers
SoftwareX 1 (2015) pp. 19-25
-------- -------- --- Thank You --- -------- --------


++++ PLEASE READ AND CITE THE FOLLOWING REFERENCE ++++
S. Páll, M. J. Abraham, C. Kutzner, B. Hess, E. Lindahl
Tackling Exascale Software Challenges in Molecular Dynamics Simulations with
GROMACS
In S. Markidis & E. Laure (Eds.), Solving Software Challenges for Exascale 8759 (2015) pp. 3-27
-------- -------- --- Thank You --- -------- --------


++++ PLEASE READ AND CITE THE FOLLOWING REFERENCE ++++
S. Pronk, S. Páll, R. Schulz, P. Larsson, P. Bjelkmar, R. Apostolov, M. R.
Shirts, J. C. Smith, P. M. Kasson, D. van der Spoel, B. Hess, and E. Lindahl
GROMACS 4.5: a high-throughput and highly parallel open source molecular
simulation toolkit
Bioinformatics 29 (2013) pp. 845-54
-------- -------- --- Thank You --- -------- --------


++++ PLEASE READ AND CITE THE FOLLOWING REFERENCE ++++
B. Hess and C. Kutzner and D. van der Spoel and E. Lindahl
GROMACS 4: Algorithms for highly efficient, load-balanced, and scalable
molecular simulation
J. Chem. Theory Comput. 4 (2008) pp. 435-447
-------- -------- --- Thank You --- -------- --------


++++ PLEASE READ AND CITE THE FOLLOWING REFERENCE ++++
D. van der Spoel, E. Lindahl, B. Hess, G. Groenhof, A. E. Mark and H. J. C.
Berendsen
GROMACS: Fast, Flexible and Free
J. Comp. Chem. 26 (2005) pp. 1701-1719
-------- -------- --- Thank You --- -------- --------


++++ PLEASE READ AND CITE THE FOLLOWING REFERENCE ++++
E. Lindahl and B. Hess and D. van der Spoel
GROMACS 3.0: A package for molecular simulation and trajectory analysis
J. Mol. Mod. 7 (2001) pp. 306-317
-------- -------- --- Thank You --- -------- --------


++++ PLEASE READ AND CITE THE FOLLOWING REFERENCE ++++
H. J. C. Berendsen, D. van der Spoel and R. van Drunen
GROMACS: A message-passing parallel molecular dynamics implementation
Comp. Phys. Comm. 91 (1995) pp. 43-56
-------- -------- --- Thank You --- -------- --------


++++ PLEASE CITE THE DOI FOR THIS VERSION OF GROMACS ++++
https://doi.org/10.5281/zenodo.4576055
-------- -------- --- Thank You --- -------- --------

Input Parameters:
   integrator                     = md
   tinit                          = 0
   dt                             = 0.002
   nsteps                         = 500000
   init-step                      = 0
   simulation-part                = 1
   comm-mode                      = Linear
   nstcomm                        = 100
   bd-fric                        = 0
   ld-seed                        = -42500609
   emtol                          = 10
   emstep                         = 0.01
   niter                          = 20
   fcstep                         = 0
   nstcgsteep                     = 1000
   nbfgscorr                      = 10
   rtpi                           = 0.05
   nstxout                        = 0
   nstvout                        = 0
   nstfout                        = 0
   nstlog                         = 1000
   nstcalcenergy                  = 100
   nstenergy                      = 1000
   nstxout-compressed             = 1000
   compressed-x-precision         = 100
   cutoff-scheme                  = Verlet
   nstlist                        = 20
   pbc                            = xyz
   periodic-molecules             = false
   verlet-buffer-tolerance        = 0.005
   rlist                          = 1.1
   coulombtype                    = Reaction-Field
   coulomb-modifier               = Potential-shift
   rcoulomb-switch                = 0
   rcoulomb                       = 1.1
   epsilon-r                      = 15
   epsilon-rf                     = inf
   vdw-type                       = Cut-off
   vdw-modifier                   = Potential-shift
   rvdw-switch                    = 0
   rvdw                           = 1.1
   DispCorr                       = No
   table-extension                = 1
   fourierspacing                 = 0.12
   fourier-nx                     = 0
   fourier-ny                     = 0
   fourier-nz                     = 0
   pme-order                      = 4
   ewald-rtol                     = 1e-05
   ewald-rtol-lj                  = 0.001
   lj-pme-comb-rule               = Geometric
   ewald-geometry                 = 0
   epsilon-surface                = 0
   tcoupl                         = V-rescale
   nsttcouple                     = 20
   nh-chain-length                = 0
   print-nose-hoover-chain-variables = false
   pcoupl                         = Berendsen
   pcoupltype                     = Semiisotropic
   nstpcouple                     = 20
   tau-p                          = 5
   compressibility (3x3):
      compressibility[    0]={ 3.00000e-04,  0.00000e+00,  0.00000e+00}
      compressibility[    1]={ 0.00000e+00,  3.00000e-04,  0.00000e+00}
      compressibility[    2]={ 0.00000e+00,  0.00000e+00,  3.00000e-04}
   ref-p (3x3):
      ref-p[    0]={ 1.00000e+00,  0.00000e+00,  0.00000e+00}
      ref-p[    1]={ 0.00000e+00,  1.00000e+00,  0.00000e+00}
      ref-p[    2]={ 0.00000e+00,  0.00000e+00,  1.00000e+00}
   refcoord-scaling               = All
   posres-com (3):
      posres-com[0]= 0.00000e+00
      posres-com[1]= 0.00000e+00
      posres-com[2]= 0.00000e+00
   posres-comB (3):
      posres-comB[0]= 0.00000e+00
      posres-comB[1]= 0.00000e+00
      posres-comB[2]= 0.00000e+00
   QMMM                           = false
   QMconstraints                  = 0
   QMMMscheme                     = 0
   MMChargeScaleFactor            = 1
qm-opts:
   ngQM                           = 0
   constraint-algorithm           = Lincs
   continuation                   = false
   Shake-SOR                      = false
   shake-tol                      = 0.0001
   lincs-order                    = 4
   lincs-iter                     = 1
   lincs-warnangle                = 30
   nwall                          = 0
   wall-type                      = 9-3
   wall-r-linpot                  = -1
   wall-atomtype[0]               = -1
   wall-atomtype[1]               = -1
   wall-density[0]                = 0
   wall-density[1]                = 0
   wall-ewald-zfac                = 3
   pull                           = false
   awh                            = false
   rotation                       = false
   interactiveMD                  = false
   disre                          = No
   disre-weighting                = Conservative
   disre-mixed                    = false
   dr-fc                          = 1000
   dr-tau                         = 0
   nstdisreout                    = 100
   orire-fc                       = 0
   orire-tau                      = 0
   nstorireout                    = 100
   free-energy                    = no
   cos-acceleration               = 0
   deform (3x3):
      deform[    0]={ 0.00000e+00,  0.00000e+00,  0.00000e+00}
      deform[    1]={ 0.00000e+00,  0.00000e+00,  0.00000e+00}
      deform[    2]={ 0.00000e+00,  0.00000e+00,  0.00000e+00}
   simulated-tempering            = false
   swapcoords                     = no
   userint1                       = 0
   userint2                       = 0
   userint3                       = 0
   userint4                       = 0
   userreal1                      = 0
   userreal2                      = 0
   userreal3                      = 0
   userreal4                      = 0
   applied-forces:
     electric-field:
       x:
         E0                       = 0
         omega                    = 0
         t0                       = 0
         sigma                    = 0
       y:
         E0                       = 0
         omega                    = 0
         t0                       = 0
         sigma                    = 0
       z:
         E0                       = 0
         omega                    = 0
         t0                       = 0
         sigma                    = 0
     density-guided-simulation:
       active                     = false
       group                      = protein
       similarity-measure         = inner-product
       atom-spreading-weight      = unity
       force-constant             = 1e+09
       gaussian-transform-spreading-width = 0.2
       gaussian-transform-spreading-range-in-multiples-of-width = 4
       reference-density-filename = reference.mrc
       nst                        = 1
       normalize-densities        = true
       adaptive-force-scaling     = false
       adaptive-force-scaling-time-constant = 4
grpopts:
   nrdf:     27047.1     55531.1     959.967      2879.9
   ref-t:      305.15      305.15      305.15      305.15
   tau-t:           1           1           1           1
annealing:          No          No          No          No
annealing-npoints:           0           0           0           0
   acc:	           0           0           0
   nfreeze:           N           N           N
   energygrp-flags[  0]: 0

Changing nstlist from 20 to 100, rlist from 1.1 to 1.134

1 GPU selected for this run.
Mapping of GPU IDs to the 1 GPU task in the 1 rank on this node:
  PP:0
PP tasks will do (non-perturbed) short-ranged interactions on the GPU
PP task will update and constrain coordinates on the CPU
Using 1 MPI thread
Using 8 OpenMP threads 


Overriding thread affinity set outside gmx mdrun

Applying core pinning offset 1
Pinning threads with an auto-selected logical core stride of 2
System total charge: 0.000
Reaction-Field:
epsRF = 0, rc = 1.1, krf = 0.375657, crf = 1.36364, epsfac = 9.26236
The electrostatics potential has its minimum at r = 1.1
Potential shift: LJ r^-12: -3.186e-01 r^-6: -5.645e-01

Using GPU 8x8 nonbonded short-range kernels

Using a dual 8x8 pair-list setup updated with dynamic, rolling pruning:
  outer list: updated every 100 steps, buffer 0.034 nm, rlist 1.134 nm
  inner list: updated every  36 steps, buffer 0.001 nm, rlist 1.101 nm
At tolerance 0.005 kJ/mol/ps per atom, equivalent classical 1x1 list would be:
  outer list: updated every 100 steps, buffer 0.084 nm, rlist 1.184 nm
  inner list: updated every  36 steps, buffer 0.021 nm, rlist 1.121 nm

Using full Lennard-Jones parameter combination matrix

Removing pbc first time

Initializing LINear Constraint Solver

++++ PLEASE READ AND CITE THE FOLLOWING REFERENCE ++++
B. Hess
P-LINCS: A Parallel Linear Constraint Solver for molecular simulation
J. Chem. Theory Comput. 4 (2008) pp. 116-122
-------- -------- --- Thank You --- -------- --------

The number of constraints is 2520
2520 constraints are involved in constraint triangles,
will apply an additional matrix expansion of order 4 for couplings
between constraints inside triangles

++++ PLEASE READ AND CITE THE FOLLOWING REFERENCE ++++
G. Bussi, D. Donadio and M. Parrinello
Canonical sampling through velocity rescaling
J. Chem. Phys. 126 (2007) pp. 014101
-------- -------- --- Thank You --- -------- --------

There are: 29647 Atoms
There are: 1512 VSites

Constraining the starting coordinates (step 0)

Constraining the coordinates at t0-dt (step 0)
Center of mass motion removal mode is Linear
We have the following groups for center of mass motion removal:
  0:  rest
RMS relative constraint deviation after constraining: 1.20e-04
Initial temperature: 305.929 K

Started mdrun on rank 0 Tue Mar 28 09:07:34 2023

           Step           Time
              0        0.00000

   Energies (kJ/mol)
           Bond       G96Angle  Improper Dih.        LJ (SR)   Coulomb (SR)
    2.82012e+03    3.94687e+03   -4.09900e+03   -6.68056e+05    0.00000e+00
 Position Rest.      Potential    Kinetic En.   Total Energy  Conserved En.
    2.41668e-03   -6.65388e+05    1.09808e+05   -5.55580e+05   -5.53329e+05
    Temperature Pressure (bar)   Constr. rmsd
    3.05651e+02   -1.96218e+03    8.27411e-05

           Step           Time
           1000        2.00000

   Energies (kJ/mol)
           Bond       G96Angle  Improper Dih.        LJ (SR)   Coulomb (SR)
    1.22167e+04    5.63390e+03   -3.31333e+03   -6.22604e+05    0.00000e+00
 Position Rest.      Potential    Kinetic En.   Total Energy  Conserved En.
    5.65258e+02   -6.07501e+05    9.57056e+04   -5.11796e+05   -5.55806e+05
    Temperature Pressure (bar)   Constr. rmsd
    2.66397e+02    5.47265e+01    3.77161e-06

           Step           Time
           2000        4.00000

   Energies (kJ/mol)
           Bond       G96Angle  Improper Dih.        LJ (SR)   Coulomb (SR)
    1.33010e+04    5.55498e+03   -3.29580e+03   -6.13061e+05    0.00000e+00
 Position Rest.      Potential    Kinetic En.   Total Energy  Conserved En.
    8.24970e+02   -5.96676e+05    1.03372e+05   -4.93304e+05   -5.56000e+05
    Temperature Pressure (bar)   Constr. rmsd
    2.87735e+02    8.77509e+01    3.91598e-06

           Step           Time
           3000        6.00000

   Energies (kJ/mol)
           Bond       G96Angle  Improper Dih.        LJ (SR)   Coulomb (SR)
    1.38290e+04    5.69698e+03   -3.27587e+03   -6.07469e+05    0.00000e+00
 Position Rest.      Potential    Kinetic En.   Total Energy  Conserved En.
    8.74763e+02   -5.90344e+05    1.05666e+05   -4.84678e+05   -5.56193e+05
    Temperature Pressure (bar)   Constr. rmsd
    2.94121e+02    4.73058e+01    4.17033e-06

           Step           Time
           4000        8.00000

   Energies (kJ/mol)
           Bond       G96Angle  Improper Dih.        LJ (SR)   Coulomb (SR)
    1.38075e+04    5.58565e+03   -3.24708e+03   -6.03863e+05    0.00000e+00
 Position Rest.      Potential    Kinetic En.   Total Energy  Conserved En.
    9.65700e+02   -5.86751e+05    1.07972e+05   -4.78779e+05   -5.56399e+05
    Temperature Pressure (bar)   Constr. rmsd
    3.00541e+02    3.65333e+01    3.93561e-06

           Step           Time
           5000       10.00000

   Energies (kJ/mol)
           Bond       G96Angle  Improper Dih.        LJ (SR)   Coulomb (SR)
    1.37898e+04    5.64028e+03   -3.27483e+03   -6.01537e+05    0.00000e+00
 Position Rest.      Potential    Kinetic En.   Total Energy  Conserved En.
    1.05857e+03   -5.84323e+05    1.08161e+05   -4.76162e+05   -5.56602e+05
    Temperature Pressure (bar)   Constr. rmsd
    3.01066e+02    2.34059e+01    3.98784e-06

           Step           Time
           6000       12.00000

   Energies (kJ/mol)
           Bond       G96Angle  Improper Dih.        LJ (SR)   Coulomb (SR)
    1.34033e+04    5.64274e+03   -3.23468e+03   -5.98633e+05    0.00000e+00
 Position Rest.      Potential    Kinetic En.   Total Energy  Conserved En.
    1.09067e+03   -5.81731e+05    1.08633e+05   -4.73098e+05   -5.56812e+05
    Temperature Pressure (bar)   Constr. rmsd
    3.02381e+02    2.73973e+01    3.96317e-06

           Step           Time
           7000       14.00000

   Energies (kJ/mol)
           Bond       G96Angle  Improper Dih.        LJ (SR)   Coulomb (SR)
    1.39298e+04    5.74125e+03   -3.14171e+03   -5.97508e+05    0.00000e+00
 Position Rest.      Potential    Kinetic En.   Total Energy  Conserved En.
    1.13123e+03   -5.79848e+05    1.09503e+05   -4.70344e+05   -5.57024e+05
    Temperature Pressure (bar)   Constr. rmsd
    3.04802e+02    1.01467e+01    3.99083e-06

           Step           Time
           8000       16.00000

   Energies (kJ/mol)
           Bond       G96Angle  Improper Dih.        LJ (SR)   Coulomb (SR)
    1.38248e+04    5.56256e+03   -3.23010e+03   -5.96451e+05    0.00000e+00
 Position Rest.      Potential    Kinetic En.   Total Energy  Conserved En.
    1.17658e+03   -5.79117e+05    1.09084e+05   -4.70034e+05   -5.57241e+05
    Temperature Pressure (bar)   Constr. rmsd
    3.03635e+02    2.52891e+01    4.02524e-06

           Step           Time
           9000       18.00000

   Energies (kJ/mol)
           Bond       G96Angle  Improper Dih.        LJ (SR)   Coulomb (SR)
    1.34414e+04    5.92956e+03   -3.20864e+03   -5.95399e+05    0.00000e+00
 Position Rest.      Potential    Kinetic En.   Total Energy  Conserved En.
    1.23773e+03   -5.77999e+05    1.10436e+05   -4.67563e+05   -5.57450e+05
    Temperature Pressure (bar)   Constr. rmsd
    3.07399e+02    1.05798e+01    3.80096e-06

           Step           Time
          10000       20.00000

   Energies (kJ/mol)
           Bond       G96Angle  Improper Dih.        LJ (SR)   Coulomb (SR)
    1.37057e+04    5.84388e+03   -3.18913e+03   -5.95128e+05    0.00000e+00
 Position Rest.      Potential    Kinetic En.   Total Energy  Conserved En.
    1.25210e+03   -5.77515e+05    1.08915e+05   -4.68600e+05   -5.57668e+05
    Temperature Pressure (bar)   Constr. rmsd
    3.03164e+02    3.48755e+00    4.13817e-06

           Step           Time
          11000       22.00000

   Energies (kJ/mol)
           Bond       G96Angle  Improper Dih.        LJ (SR)   Coulomb (SR)
    1.33437e+04    5.95850e+03   -3.23295e+03   -5.94743e+05    0.00000e+00
 Position Rest.      Potential    Kinetic En.   Total Energy  Conserved En.
    1.27276e+03   -5.77401e+05    1.09675e+05   -4.67726e+05   -5.57899e+05
    Temperature Pressure (bar)   Constr. rmsd
    3.05282e+02    1.76828e+00    3.86034e-06

           Step           Time
          12000       24.00000

   Energies (kJ/mol)
           Bond       G96Angle  Improper Dih.        LJ (SR)   Coulomb (SR)
    1.37979e+04    5.84022e+03   -3.31159e+03   -5.96017e+05    0.00000e+00
 Position Rest.      Potential    Kinetic En.   Total Energy  Conserved En.
    1.29229e+03   -5.78398e+05    1.09293e+05   -4.69105e+05   -5.58111e+05
    Temperature Pressure (bar)   Constr. rmsd
    3.04218e+02   -2.21505e+01    3.85857e-06

           Step           Time
          13000       26.00000

   Energies (kJ/mol)
           Bond       G96Angle  Improper Dih.        LJ (SR)   Coulomb (SR)
    1.34321e+04    5.80527e+03   -3.20735e+03   -5.96720e+05    0.00000e+00
 Position Rest.      Potential    Kinetic En.   Total Energy  Conserved En.
    1.24663e+03   -5.79443e+05    1.08947e+05   -4.70496e+05   -5.58329e+05
    Temperature Pressure (bar)   Constr. rmsd
    3.03254e+02   -2.10177e+01    3.97913e-06

           Step           Time
          14000       28.00000

   Energies (kJ/mol)
           Bond       G96Angle  Improper Dih.        LJ (SR)   Coulomb (SR)
    1.36480e+04    5.74641e+03   -3.30799e+03   -5.96976e+05    0.00000e+00
 Position Rest.      Potential    Kinetic En.   Total Energy  Conserved En.
    1.24315e+03   -5.79646e+05    1.08683e+05   -4.70963e+05   -5.58547e+05
    Temperature Pressure (bar)   Constr. rmsd
    3.02519e+02   -1.13806e+01    4.00170e-06

           Step           Time
          15000       30.00000

   Energies (kJ/mol)
           Bond       G96Angle  Improper Dih.        LJ (SR)   Coulomb (SR)
    1.36661e+04    5.74665e+03   -3.28731e+03   -5.95880e+05    0.00000e+00
 Position Rest.      Potential    Kinetic En.   Total Energy  Conserved En.
    1.19065e+03   -5.78564e+05    1.08499e+05   -4.70064e+05   -5.58768e+05
    Temperature Pressure (bar)   Constr. rmsd
    3.02008e+02    1.84432e+01    3.87640e-06

           Step           Time
          16000       32.00000

   Energies (kJ/mol)
           Bond       G96Angle  Improper Dih.        LJ (SR)   Coulomb (SR)
    1.35570e+04    5.70988e+03   -3.23687e+03   -5.96578e+05    0.00000e+00
 Position Rest.      Potential    Kinetic En.   Total Energy  Conserved En.
    1.22802e+03   -5.79320e+05    1.08661e+05   -4.70659e+05   -5.58984e+05
    Temperature Pressure (bar)   Constr. rmsd
    3.02458e+02    3.26279e+00    3.82106e-06

           Step           Time
          17000       34.00000

   Energies (kJ/mol)
           Bond       G96Angle  Improper Dih.        LJ (SR)   Coulomb (SR)
    1.36893e+04    5.72535e+03   -3.18059e+03   -5.95902e+05    0.00000e+00
 Position Rest.      Potential    Kinetic En.   Total Energy  Conserved En.
    1.30469e+03   -5.78364e+05    1.09575e+05   -4.68788e+05   -5.59198e+05
    Temperature Pressure (bar)   Constr. rmsd
    3.05004e+02   -6.42377e+00    3.91770e-06

           Step           Time
          18000       36.00000

   Energies (kJ/mol)
           Bond       G96Angle  Improper Dih.        LJ (SR)   Coulomb (SR)
    1.33583e+04    5.89358e+03   -3.22072e+03   -5.96714e+05    0.00000e+00
 Position Rest.      Potential    Kinetic En.   Total Energy  Conserved En.
    1.31487e+03   -5.79368e+05    1.08386e+05   -4.70982e+05   -5.59415e+05
    Temperature Pressure (bar)   Constr. rmsd
    3.01693e+02   -1.44480e+01    3.90178e-06

           Step           Time
          19000       38.00000

   Energies (kJ/mol)
           Bond       G96Angle  Improper Dih.        LJ (SR)   Coulomb (SR)
    1.42268e+04    5.93928e+03   -3.29070e+03   -5.96029e+05    0.00000e+00
 Position Rest.      Potential    Kinetic En.   Total Energy  Conserved En.
    1.29187e+03   -5.77862e+05    1.09608e+05   -4.68254e+05   -5.59638e+05
    Temperature Pressure (bar)   Constr. rmsd
    3.05095e+02    1.61557e+01    3.91866e-06

           Step           Time
          20000       40.00000

   Energies (kJ/mol)
           Bond       G96Angle  Improper Dih.        LJ (SR)   Coulomb (SR)
    1.37856e+04    5.87614e+03   -3.16616e+03   -5.96260e+05    0.00000e+00
 Position Rest.      Potential    Kinetic En.   Total Energy  Conserved En.
    1.29600e+03   -5.78468e+05    1.10124e+05   -4.68344e+05   -5.59853e+05
    Temperature Pressure (bar)   Constr. rmsd
    3.06531e+02    1.18311e+01    4.01139e-06

           Step           Time
          21000       42.00000

   Energies (kJ/mol)
           Bond       G96Angle  Improper Dih.        LJ (SR)   Coulomb (SR)
    1.36245e+04    5.75350e+03   -3.18964e+03   -5.95081e+05    0.00000e+00
 Position Rest.      Potential    Kinetic En.   Total Energy  Conserved En.
    1.27937e+03   -5.77613e+05    1.09443e+05   -4.68170e+05   -5.60073e+05
    Temperature Pressure (bar)   Constr. rmsd
    3.04635e+02    1.43472e+01    3.76412e-06

           Step           Time
          22000       44.00000

   Energies (kJ/mol)
           Bond       G96Angle  Improper Dih.        LJ (SR)   Coulomb (SR)
    1.36616e+04    5.75927e+03   -3.17866e+03   -5.95810e+05    0.00000e+00
 Position Rest.      Potential    Kinetic En.   Total Energy  Conserved En.
    1.27669e+03   -5.78291e+05    1.08657e+05   -4.69634e+05   -5.60292e+05
    Temperature Pressure (bar)   Constr. rmsd
    3.02448e+02    1.68795e+01    3.89848e-06

           Step           Time
          23000       46.00000

   Energies (kJ/mol)
           Bond       G96Angle  Improper Dih.        LJ (SR)   Coulomb (SR)
    1.37635e+04    6.05304e+03   -3.18993e+03   -5.95437e+05    0.00000e+00
 Position Rest.      Potential    Kinetic En.   Total Energy  Conserved En.
    1.28483e+03   -5.77526e+05    1.08256e+05   -4.69270e+05   -5.60510e+05
    Temperature Pressure (bar)   Constr. rmsd
    3.01330e+02    1.19495e+01    3.91494e-06

           Step           Time
          24000       48.00000

   Energies (kJ/mol)
           Bond       G96Angle  Improper Dih.        LJ (SR)   Coulomb (SR)
    1.42180e+04    5.92557e+03   -3.25947e+03   -5.94222e+05    0.00000e+00
 Position Rest.      Potential    Kinetic En.   Total Energy  Conserved En.
    1.30899e+03   -5.76028e+05    1.10126e+05   -4.65903e+05   -5.60733e+05
    Temperature Pressure (bar)   Constr. rmsd
    3.06535e+02    3.54628e+01    3.93417e-06

           Step           Time
          25000       50.00000

   Energies (kJ/mol)
           Bond       G96Angle  Improper Dih.        LJ (SR)   Coulomb (SR)
    1.40386e+04    5.95889e+03   -3.19432e+03   -5.94488e+05    0.00000e+00
 Position Rest.      Potential    Kinetic En.   Total Energy  Conserved En.
    1.31454e+03   -5.76370e+05    1.09805e+05   -4.66565e+05   -5.60951e+05
    Temperature Pressure (bar)   Constr. rmsd
    3.05643e+02   -1.91282e+00    3.90402e-06

           Step           Time
          26000       52.00000

   Energies (kJ/mol)
           Bond       G96Angle  Improper Dih.        LJ (SR)   Coulomb (SR)
    1.40256e+04    6.08495e+03   -3.24405e+03   -5.94927e+05    0.00000e+00
 Position Rest.      Potential    Kinetic En.   Total Energy  Conserved En.
    1.34298e+03   -5.76717e+05    1.08870e+05   -4.67847e+05   -5.61159e+05
    Temperature Pressure (bar)   Constr. rmsd
    3.03041e+02    9.74185e+00    3.77002e-06

           Step           Time
          27000       54.00000

   Energies (kJ/mol)
           Bond       G96Angle  Improper Dih.        LJ (SR)   Coulomb (SR)
    1.36885e+04    5.91269e+03   -3.16518e+03   -5.94983e+05    0.00000e+00
 Position Rest.      Potential    Kinetic En.   Total Energy  Conserved En.
    1.43411e+03   -5.77112e+05    1.09088e+05   -4.68025e+05   -5.61377e+05
    Temperature Pressure (bar)   Constr. rmsd
    3.03646e+02    9.00081e+00    4.01968e-06

           Step           Time
          28000       56.00000

   Energies (kJ/mol)
           Bond       G96Angle  Improper Dih.        LJ (SR)   Coulomb (SR)
    1.37702e+04    5.71242e+03   -3.26526e+03   -5.94668e+05    0.00000e+00
 Position Rest.      Potential    Kinetic En.   Total Energy  Conserved En.
    1.47175e+03   -5.76979e+05    1.09706e+05   -4.67273e+05   -5.61600e+05
    Temperature Pressure (bar)   Constr. rmsd
    3.05367e+02    4.90761e+00    3.60819e-06

           Step           Time
          29000       58.00000

   Energies (kJ/mol)
           Bond       G96Angle  Improper Dih.        LJ (SR)   Coulomb (SR)
    1.38781e+04    5.74111e+03   -3.27974e+03   -5.93835e+05    0.00000e+00
 Position Rest.      Potential    Kinetic En.   Total Energy  Conserved En.
    1.39662e+03   -5.76099e+05    1.09737e+05   -4.66362e+05   -5.61825e+05
    Temperature Pressure (bar)   Constr. rmsd
    3.05454e+02    1.23273e+01    3.80555e-06

           Step           Time
          30000       60.00000

   Energies (kJ/mol)
           Bond       G96Angle  Improper Dih.        LJ (SR)   Coulomb (SR)
    1.37464e+04    5.69561e+03   -3.31686e+03   -5.93879e+05    0.00000e+00
 Position Rest.      Potential    Kinetic En.   Total Energy  Conserved En.
    1.36065e+03   -5.76393e+05    1.08185e+05   -4.68208e+05   -5.62035e+05
    Temperature Pressure (bar)   Constr. rmsd
    3.01133e+02   -6.85811e+00    3.73080e-06

           Step           Time
          31000       62.00000

   Energies (kJ/mol)
           Bond       G96Angle  Improper Dih.        LJ (SR)   Coulomb (SR)
    1.37406e+04    5.81415e+03   -3.21306e+03   -5.95019e+05    0.00000e+00
 Position Rest.      Potential    Kinetic En.   Total Energy  Conserved En.
    1.33398e+03   -5.77343e+05    1.08953e+05   -4.68390e+05   -5.62256e+05
    Temperature Pressure (bar)   Constr. rmsd
    3.03272e+02   -3.16614e+00    3.82037e-06

           Step           Time
          32000       64.00000

   Energies (kJ/mol)
           Bond       G96Angle  Improper Dih.        LJ (SR)   Coulomb (SR)
    1.38740e+04    6.02706e+03   -3.21296e+03   -5.95385e+05    0.00000e+00
 Position Rest.      Potential    Kinetic En.   Total Energy  Conserved En.
    1.39575e+03   -5.77301e+05    1.09358e+05   -4.67942e+05   -5.62475e+05
    Temperature Pressure (bar)   Constr. rmsd
    3.04400e+02   -8.64232e-02    3.93498e-06

           Step           Time
          33000       66.00000

   Energies (kJ/mol)
           Bond       G96Angle  Improper Dih.        LJ (SR)   Coulomb (SR)
    1.36644e+04    5.66102e+03   -3.20631e+03   -5.94548e+05    0.00000e+00
 Position Rest.      Potential    Kinetic En.   Total Energy  Conserved En.
    1.44905e+03   -5.76980e+05    1.09668e+05   -4.67312e+05   -5.62698e+05
    Temperature Pressure (bar)   Constr. rmsd
    3.05262e+02   -3.59884e+00    3.68223e-06

           Step           Time
          34000       68.00000

   Energies (kJ/mol)
           Bond       G96Angle  Improper Dih.        LJ (SR)   Coulomb (SR)
    1.38352e+04    5.71903e+03   -3.29736e+03   -5.94480e+05    0.00000e+00
 Position Rest.      Potential    Kinetic En.   Total Energy  Conserved En.
    1.46972e+03   -5.76754e+05    1.08365e+05   -4.68389e+05   -5.62911e+05
    Temperature Pressure (bar)   Constr. rmsd
    3.01634e+02    1.19672e+01    3.72893e-06

           Step           Time
          35000       70.00000

   Energies (kJ/mol)
           Bond       G96Angle  Improper Dih.        LJ (SR)   Coulomb (SR)
    1.39664e+04    5.76397e+03   -3.21799e+03   -5.95363e+05    0.00000e+00
 Position Rest.      Potential    Kinetic En.   Total Energy  Conserved En.
    1.35833e+03   -5.77492e+05    1.08777e+05   -4.68715e+05   -5.63131e+05
    Temperature Pressure (bar)   Constr. rmsd
    3.02780e+02    9.23912e+00    3.79762e-06

           Step           Time
          36000       72.00000

   Energies (kJ/mol)
           Bond       G96Angle  Improper Dih.        LJ (SR)   Coulomb (SR)
    1.37890e+04    5.87847e+03   -3.16856e+03   -5.96149e+05    0.00000e+00
 Position Rest.      Potential    Kinetic En.   Total Energy  Conserved En.
    1.36575e+03   -5.78284e+05    1.09951e+05   -4.68333e+05   -5.63353e+05
    Temperature Pressure (bar)   Constr. rmsd
    3.06049e+02   -1.46564e+01    3.74810e-06

           Step           Time
          37000       74.00000

   Energies (kJ/mol)
           Bond       G96Angle  Improper Dih.        LJ (SR)   Coulomb (SR)
    1.40050e+04    5.93754e+03   -3.27030e+03   -5.95752e+05    0.00000e+00
 Position Rest.      Potential    Kinetic En.   Total Energy  Conserved En.
    1.40949e+03   -5.77670e+05    1.09423e+05   -4.68248e+05   -5.63575e+05
    Temperature Pressure (bar)   Constr. rmsd
    3.04578e+02   -6.26903e+00    3.82100e-06

           Step           Time
          38000       76.00000

   Energies (kJ/mol)
           Bond       G96Angle  Improper Dih.        LJ (SR)   Coulomb (SR)
    1.38689e+04    5.89146e+03   -3.23122e+03   -5.94652e+05    0.00000e+00
 Position Rest.      Potential    Kinetic En.   Total Energy  Conserved En.
    1.49003e+03   -5.76633e+05    1.09216e+05   -4.67417e+05   -5.63793e+05
    Temperature Pressure (bar)   Constr. rmsd
    3.04003e+02    3.27848e+01    3.92314e-06

           Step           Time
          39000       78.00000

   Energies (kJ/mol)
           Bond       G96Angle  Improper Dih.        LJ (SR)   Coulomb (SR)
    1.39618e+04    6.05298e+03   -3.24129e+03   -5.95107e+05    0.00000e+00
 Position Rest.      Potential    Kinetic En.   Total Energy  Conserved En.
    1.40740e+03   -5.76926e+05    1.09454e+05   -4.67472e+05   -5.64004e+05
    Temperature Pressure (bar)   Constr. rmsd
    3.04665e+02    3.82258e+00    3.67414e-06

           Step           Time
          40000       80.00000

   Energies (kJ/mol)
           Bond       G96Angle  Improper Dih.        LJ (SR)   Coulomb (SR)
    1.38209e+04    6.00624e+03   -3.18477e+03   -5.94949e+05    0.00000e+00
 Position Rest.      Potential    Kinetic En.   Total Energy  Conserved En.
    1.44134e+03   -5.76866e+05    1.09549e+05   -4.67317e+05   -5.64225e+05
    Temperature Pressure (bar)   Constr. rmsd
    3.04930e+02    7.62939e+00    3.93171e-06

           Step           Time
          41000       82.00000

   Energies (kJ/mol)
           Bond       G96Angle  Improper Dih.        LJ (SR)   Coulomb (SR)
    1.39440e+04    5.87076e+03   -3.31889e+03   -5.94645e+05    0.00000e+00
 Position Rest.      Potential    Kinetic En.   Total Energy  Conserved En.
    1.48448e+03   -5.76665e+05    1.09854e+05   -4.66810e+05   -5.64451e+05
    Temperature Pressure (bar)   Constr. rmsd
    3.05780e+02    1.06758e+01    3.93970e-06

           Step           Time
          42000       84.00000

   Energies (kJ/mol)
           Bond       G96Angle  Improper Dih.        LJ (SR)   Coulomb (SR)
    1.39922e+04    5.94366e+03   -3.19732e+03   -5.94743e+05    0.00000e+00
 Position Rest.      Potential    Kinetic En.   Total Energy  Conserved En.
    1.46047e+03   -5.76544e+05    1.08774e+05   -4.67771e+05   -5.64669e+05
    Temperature Pressure (bar)   Constr. rmsd
    3.02771e+02   -3.38843e+00    3.71193e-06

           Step           Time
          43000       86.00000

   Energies (kJ/mol)
           Bond       G96Angle  Improper Dih.        LJ (SR)   Coulomb (SR)
    1.40925e+04    5.98568e+03   -3.18983e+03   -5.95145e+05    0.00000e+00
 Position Rest.      Potential    Kinetic En.   Total Energy  Conserved En.
    1.45662e+03   -5.76800e+05    1.10026e+05   -4.66774e+05   -5.64893e+05
    Temperature Pressure (bar)   Constr. rmsd
    3.06257e+02    1.20469e+00    4.06952e-06

           Step           Time
          44000       88.00000

   Energies (kJ/mol)
           Bond       G96Angle  Improper Dih.        LJ (SR)   Coulomb (SR)
    1.35889e+04    5.99728e+03   -3.29424e+03   -5.94930e+05    0.00000e+00
 Position Rest.      Potential    Kinetic En.   Total Energy  Conserved En.
    1.46357e+03   -5.77175e+05    1.09298e+05   -4.67877e+05   -5.65113e+05
    Temperature Pressure (bar)   Constr. rmsd
    3.04231e+02   -7.71571e+00    3.80609e-06

           Step           Time
          45000       90.00000

   Energies (kJ/mol)
           Bond       G96Angle  Improper Dih.        LJ (SR)   Coulomb (SR)
    1.39767e+04    5.91474e+03   -3.33275e+03   -5.94495e+05    0.00000e+00
 Position Rest.      Potential    Kinetic En.   Total Energy  Conserved En.
    1.42080e+03   -5.76516e+05    1.08983e+05   -4.67533e+05   -5.65333e+05
    Temperature Pressure (bar)   Constr. rmsd
    3.03353e+02   -3.26003e+00    3.93255e-06

           Step           Time
          46000       92.00000

   Energies (kJ/mol)
           Bond       G96Angle  Improper Dih.        LJ (SR)   Coulomb (SR)
    1.35390e+04    6.03202e+03   -3.20893e+03   -5.94092e+05    0.00000e+00
 Position Rest.      Potential    Kinetic En.   Total Energy  Conserved En.
    1.55522e+03   -5.76175e+05    1.09577e+05   -4.66598e+05   -5.65556e+05
    Temperature Pressure (bar)   Constr. rmsd
    3.05008e+02    1.48268e+01    3.98660e-06

           Step           Time
          47000       94.00000

   Energies (kJ/mol)
           Bond       G96Angle  Improper Dih.        LJ (SR)   Coulomb (SR)
    1.43881e+04    6.09507e+03   -3.18688e+03   -5.92962e+05    0.00000e+00
 Position Rest.      Potential    Kinetic En.   Total Energy  Conserved En.
    1.48304e+03   -5.74183e+05    1.09658e+05   -4.64525e+05   -5.65780e+05
    Temperature Pressure (bar)   Constr. rmsd
    3.05233e+02    2.69365e+01    3.89906e-06

           Step           Time
          48000       96.00000

   Energies (kJ/mol)
           Bond       G96Angle  Improper Dih.        LJ (SR)   Coulomb (SR)
    1.35799e+04    5.93795e+03   -3.14723e+03   -5.94148e+05    0.00000e+00
 Position Rest.      Potential    Kinetic En.   Total Energy  Conserved En.
    1.50187e+03   -5.76275e+05    1.09504e+05   -4.66771e+05   -5.65994e+05
    Temperature Pressure (bar)   Constr. rmsd
    3.04806e+02   -1.74915e+01    3.66584e-06

           Step           Time
          49000       98.00000

   Energies (kJ/mol)
           Bond       G96Angle  Improper Dih.        LJ (SR)   Coulomb (SR)
    1.38073e+04    6.03827e+03   -3.17910e+03   -5.94272e+05    0.00000e+00
 Position Rest.      Potential    Kinetic En.   Total Energy  Conserved En.
    1.50722e+03   -5.76098e+05    1.09498e+05   -4.66600e+05   -5.66211e+05
    Temperature Pressure (bar)   Constr. rmsd
    3.04789e+02   -2.52215e+01    3.86651e-06

           Step           Time
          50000      100.00000

   Energies (kJ/mol)
           Bond       G96Angle  Improper Dih.        LJ (SR)   Coulomb (SR)
    1.37877e+04    6.01955e+03   -3.17686e+03   -5.95537e+05    0.00000e+00
 Position Rest.      Potential    Kinetic En.   Total Energy  Conserved En.
    1.48032e+03   -5.77426e+05    1.09762e+05   -4.67663e+05   -5.66428e+05
    Temperature Pressure (bar)   Constr. rmsd
    3.05524e+02   -2.55492e+01    3.96794e-06

           Step           Time
          51000      102.00000

   Energies (kJ/mol)
           Bond       G96Angle  Improper Dih.        LJ (SR)   Coulomb (SR)
    1.38252e+04    6.10973e+03   -3.27269e+03   -5.94922e+05    0.00000e+00
 Position Rest.      Potential    Kinetic En.   Total Energy  Conserved En.
    1.43370e+03   -5.76826e+05    1.09317e+05   -4.67509e+05   -5.66651e+05
    Temperature Pressure (bar)   Constr. rmsd
    3.04284e+02    1.87524e+01    4.04530e-06

           Step           Time
          52000      104.00000

   Energies (kJ/mol)
           Bond       G96Angle  Improper Dih.        LJ (SR)   Coulomb (SR)
    1.39176e+04    6.07026e+03   -3.27416e+03   -5.94609e+05    0.00000e+00
 Position Rest.      Potential    Kinetic En.   Total Energy  Conserved En.
    1.48300e+03   -5.76412e+05    1.09040e+05   -4.67373e+05   -5.66866e+05
    Temperature Pressure (bar)   Constr. rmsd
    3.03512e+02   -1.08731e+00    3.95985e-06

           Step           Time
          53000      106.00000

   Energies (kJ/mol)
           Bond       G96Angle  Improper Dih.        LJ (SR)   Coulomb (SR)
    1.40541e+04    5.97805e+03   -3.12919e+03   -5.94273e+05    0.00000e+00
 Position Rest.      Potential    Kinetic En.   Total Energy  Conserved En.
    1.43135e+03   -5.75939e+05    1.10359e+05   -4.65580e+05   -5.67086e+05
    Temperature Pressure (bar)   Constr. rmsd
    3.07185e+02    9.17103e+00    4.00137e-06

           Step           Time
          54000      108.00000

   Energies (kJ/mol)
           Bond       G96Angle  Improper Dih.        LJ (SR)   Coulomb (SR)
    1.39928e+04    6.09565e+03   -3.19225e+03   -5.96618e+05    0.00000e+00
 Position Rest.      Potential    Kinetic En.   Total Energy  Conserved En.
    1.52988e+03   -5.78192e+05    1.08567e+05   -4.69625e+05   -5.67300e+05
    Temperature Pressure (bar)   Constr. rmsd
    3.02196e+02   -3.99407e+00    3.78561e-06

           Step           Time
          55000      110.00000

   Energies (kJ/mol)
           Bond       G96Angle  Improper Dih.        LJ (SR)   Coulomb (SR)
    1.37124e+04    6.09185e+03   -3.22236e+03   -5.96144e+05    0.00000e+00
 Position Rest.      Potential    Kinetic En.   Total Energy  Conserved En.
    1.45981e+03   -5.78103e+05    1.09139e+05   -4.68963e+05   -5.67518e+05
    Temperature Pressure (bar)   Constr. rmsd
    3.03790e+02    3.02305e-01    3.88641e-06

           Step           Time
          56000      112.00000

   Energies (kJ/mol)
           Bond       G96Angle  Improper Dih.        LJ (SR)   Coulomb (SR)
    1.38404e+04    5.98700e+03   -3.24001e+03   -5.95002e+05    0.00000e+00
 Position Rest.      Potential    Kinetic En.   Total Energy  Conserved En.
    1.49188e+03   -5.76923e+05    1.08834e+05   -4.68089e+05   -5.67744e+05
    Temperature Pressure (bar)   Constr. rmsd
    3.02941e+02    1.86963e+01    3.95432e-06

           Step           Time
          57000      114.00000

   Energies (kJ/mol)
           Bond       G96Angle  Improper Dih.        LJ (SR)   Coulomb (SR)
    1.38404e+04    6.06685e+03   -3.16696e+03   -5.94994e+05    0.00000e+00
 Position Rest.      Potential    Kinetic En.   Total Energy  Conserved En.
    1.51325e+03   -5.76740e+05    1.09346e+05   -4.67394e+05   -5.67960e+05
    Temperature Pressure (bar)   Constr. rmsd
    3.04365e+02    1.04333e+01    3.97219e-06

           Step           Time
          58000      116.00000

   Energies (kJ/mol)
           Bond       G96Angle  Improper Dih.        LJ (SR)   Coulomb (SR)
    1.36240e+04    6.17573e+03   -3.29920e+03   -5.95791e+05    0.00000e+00
 Position Rest.      Potential    Kinetic En.   Total Energy  Conserved En.
    1.45792e+03   -5.77832e+05    1.09087e+05   -4.68745e+05   -5.68162e+05
    Temperature Pressure (bar)   Constr. rmsd
    3.03645e+02   -1.55659e+01    4.05871e-06

           Step           Time
          59000      118.00000

   Energies (kJ/mol)
           Bond       G96Angle  Improper Dih.        LJ (SR)   Coulomb (SR)
    1.37919e+04    5.99824e+03   -3.26607e+03   -5.95428e+05    0.00000e+00
 Position Rest.      Potential    Kinetic En.   Total Energy  Conserved En.
    1.52984e+03   -5.77374e+05    1.09454e+05   -4.67921e+05   -5.68385e+05
    Temperature Pressure (bar)   Constr. rmsd
    3.04665e+02   -1.15815e+01    3.75519e-06

           Step           Time
          60000      120.00000

   Energies (kJ/mol)
           Bond       G96Angle  Improper Dih.        LJ (SR)   Coulomb (SR)
    1.39860e+04    5.87452e+03   -3.20637e+03   -5.94784e+05    0.00000e+00
 Position Rest.      Potential    Kinetic En.   Total Energy  Conserved En.
    1.37413e+03   -5.76756e+05    1.09549e+05   -4.67207e+05   -5.68613e+05
    Temperature Pressure (bar)   Constr. rmsd
    3.04929e+02    1.63777e+01    3.92986e-06

           Step           Time
          61000      122.00000

   Energies (kJ/mol)
           Bond       G96Angle  Improper Dih.        LJ (SR)   Coulomb (SR)
    1.37553e+04    6.08870e+03   -3.15664e+03   -5.94783e+05    0.00000e+00
 Position Rest.      Potential    Kinetic En.   Total Energy  Conserved En.
    1.49147e+03   -5.76604e+05    1.10311e+05   -4.66293e+05   -5.68831e+05
    Temperature Pressure (bar)   Constr. rmsd
    3.07051e+02   -2.20965e+00    3.78361e-06

           Step           Time
          62000      124.00000

   Energies (kJ/mol)
           Bond       G96Angle  Improper Dih.        LJ (SR)   Coulomb (SR)
    1.37838e+04    5.91938e+03   -3.26013e+03   -5.94487e+05    0.00000e+00
 Position Rest.      Potential    Kinetic En.   Total Energy  Conserved En.
    1.43781e+03   -5.76606e+05    1.10523e+05   -4.66083e+05   -5.69054e+05
    Temperature Pressure (bar)   Constr. rmsd
    3.07642e+02   -6.41578e-01    4.01906e-06

           Step           Time
          63000      126.00000

   Energies (kJ/mol)
           Bond       G96Angle  Improper Dih.        LJ (SR)   Coulomb (SR)
    1.35470e+04    5.99547e+03   -3.13281e+03   -5.95263e+05    0.00000e+00
 Position Rest.      Potential    Kinetic En.   Total Energy  Conserved En.
    1.40877e+03   -5.77445e+05    1.08759e+05   -4.68686e+05   -5.69272e+05
    Temperature Pressure (bar)   Constr. rmsd
    3.02731e+02   -1.05792e+01    4.08938e-06

           Step           Time
          64000      128.00000

   Energies (kJ/mol)
           Bond       G96Angle  Improper Dih.        LJ (SR)   Coulomb (SR)
    1.38368e+04    6.10241e+03   -3.15587e+03   -5.94378e+05    0.00000e+00
 Position Rest.      Potential    Kinetic En.   Total Energy  Conserved En.
    1.40158e+03   -5.76194e+05    1.08802e+05   -4.67392e+05   -5.69495e+05
    Temperature Pressure (bar)   Constr. rmsd
    3.02849e+02    1.62945e+01    3.88174e-06

           Step           Time
          65000      130.00000

   Energies (kJ/mol)
           Bond       G96Angle  Improper Dih.        LJ (SR)   Coulomb (SR)
    1.36392e+04    6.03479e+03   -3.24830e+03   -5.95802e+05    0.00000e+00
 Position Rest.      Potential    Kinetic En.   Total Energy  Conserved En.
    1.42814e+03   -5.77948e+05    1.09439e+05   -4.68509e+05   -5.69702e+05
    Temperature Pressure (bar)   Constr. rmsd
    3.04623e+02   -8.45379e+00    4.07995e-06

           Step           Time
          66000      132.00000

   Energies (kJ/mol)
           Bond       G96Angle  Improper Dih.        LJ (SR)   Coulomb (SR)
    1.39633e+04    6.18042e+03   -3.15586e+03   -5.95004e+05    0.00000e+00
 Position Rest.      Potential    Kinetic En.   Total Energy  Conserved En.
    1.43137e+03   -5.76585e+05    1.08765e+05   -4.67820e+05   -5.69915e+05
    Temperature Pressure (bar)   Constr. rmsd
    3.02748e+02    6.29842e+00    3.96383e-06

           Step           Time
          67000      134.00000

   Energies (kJ/mol)
           Bond       G96Angle  Improper Dih.        LJ (SR)   Coulomb (SR)
    1.36751e+04    6.30110e+03   -3.24152e+03   -5.96505e+05    0.00000e+00
 Position Rest.      Potential    Kinetic En.   Total Energy  Conserved En.
    1.36807e+03   -5.78402e+05    1.08389e+05   -4.70013e+05   -5.70121e+05
    Temperature Pressure (bar)   Constr. rmsd
    3.01701e+02   -1.65351e+01    4.10307e-06

           Step           Time
          68000      136.00000

   Energies (kJ/mol)
           Bond       G96Angle  Improper Dih.        LJ (SR)   Coulomb (SR)
    1.39603e+04    6.12007e+03   -3.20028e+03   -5.96089e+05    0.00000e+00
 Position Rest.      Potential    Kinetic En.   Total Energy  Conserved En.
    1.45112e+03   -5.77758e+05    1.07855e+05   -4.69903e+05   -5.70344e+05
    Temperature Pressure (bar)   Constr. rmsd
    3.00213e+02    9.60646e+00    4.08188e-06

           Step           Time
          69000      138.00000

   Energies (kJ/mol)
           Bond       G96Angle  Improper Dih.        LJ (SR)   Coulomb (SR)
    1.35418e+04    5.95272e+03   -3.20793e+03   -5.96361e+05    0.00000e+00
 Position Rest.      Potential    Kinetic En.   Total Energy  Conserved En.
    1.38600e+03   -5.78688e+05    1.08412e+05   -4.70276e+05   -5.70568e+05
    Temperature Pressure (bar)   Constr. rmsd
    3.01765e+02   -4.71561e+00    3.93954e-06

           Step           Time
          70000      140.00000

   Energies (kJ/mol)
           Bond       G96Angle  Improper Dih.        LJ (SR)   Coulomb (SR)
    1.37872e+04    6.18737e+03   -3.29415e+03   -5.96078e+05    0.00000e+00
 Position Rest.      Potential    Kinetic En.   Total Energy  Conserved En.
    1.37752e+03   -5.78020e+05    1.09462e+05   -4.68558e+05   -5.70785e+05
    Temperature Pressure (bar)   Constr. rmsd
    3.04688e+02    5.13602e+00    4.00462e-06

           Step           Time
          71000      142.00000

   Energies (kJ/mol)
           Bond       G96Angle  Improper Dih.        LJ (SR)   Coulomb (SR)
    1.38863e+04    6.34594e+03   -3.16871e+03   -5.94863e+05    0.00000e+00
 Position Rest.      Potential    Kinetic En.   Total Energy  Conserved En.
    1.43032e+03   -5.76369e+05    1.09964e+05   -4.66405e+05   -5.70996e+05
    Temperature Pressure (bar)   Constr. rmsd
    3.06086e+02    1.50068e+01    4.05202e-06

           Step           Time
          72000      144.00000

   Energies (kJ/mol)
           Bond       G96Angle  Improper Dih.        LJ (SR)   Coulomb (SR)
    1.33721e+04    6.29688e+03   -3.17575e+03   -5.95962e+05    0.00000e+00
 Position Rest.      Potential    Kinetic En.   Total Energy  Conserved En.
    1.51415e+03   -5.77955e+05    1.09254e+05   -4.68701e+05   -5.71210e+05
    Temperature Pressure (bar)   Constr. rmsd
    3.04108e+02   -1.18452e+01    3.81568e-06

           Step           Time
          73000      146.00000

   Energies (kJ/mol)
           Bond       G96Angle  Improper Dih.        LJ (SR)   Coulomb (SR)
    1.40261e+04    6.30031e+03   -3.20135e+03   -5.96547e+05    0.00000e+00
 Position Rest.      Potential    Kinetic En.   Total Energy  Conserved En.
    1.42512e+03   -5.77997e+05    1.09345e+05   -4.68652e+05   -5.71432e+05
    Temperature Pressure (bar)   Constr. rmsd
    3.04363e+02    6.14835e+00    3.90273e-06

           Step           Time
          74000      148.00000

   Energies (kJ/mol)
           Bond       G96Angle  Improper Dih.        LJ (SR)   Coulomb (SR)
    1.40680e+04    6.20859e+03   -3.18156e+03   -5.95921e+05    0.00000e+00
 Position Rest.      Potential    Kinetic En.   Total Energy  Conserved En.
    1.47135e+03   -5.77355e+05    1.09492e+05   -4.67863e+05   -5.71643e+05
    Temperature Pressure (bar)   Constr. rmsd
    3.04772e+02    1.84838e+01    3.74662e-06

           Step           Time
          75000      150.00000

   Energies (kJ/mol)
           Bond       G96Angle  Improper Dih.        LJ (SR)   Coulomb (SR)
    1.37531e+04    6.10956e+03   -3.19260e+03   -5.96742e+05    0.00000e+00
 Position Rest.      Potential    Kinetic En.   Total Energy  Conserved En.
    1.43151e+03   -5.78640e+05    1.08582e+05   -4.70058e+05   -5.71854e+05
    Temperature Pressure (bar)   Constr. rmsd
    3.02240e+02   -7.91864e+00    3.98182e-06

           Step           Time
          76000      152.00000

   Energies (kJ/mol)
           Bond       G96Angle  Improper Dih.        LJ (SR)   Coulomb (SR)
    1.35784e+04    6.05687e+03   -3.18268e+03   -5.95691e+05    0.00000e+00
 Position Rest.      Potential    Kinetic En.   Total Energy  Conserved En.
    1.41534e+03   -5.77823e+05    1.09542e+05   -4.68281e+05   -5.72082e+05
    Temperature Pressure (bar)   Constr. rmsd
    3.04910e+02    1.84547e+01    3.82223e-06

           Step           Time
          77000      154.00000

   Energies (kJ/mol)
           Bond       G96Angle  Improper Dih.        LJ (SR)   Coulomb (SR)
    1.36597e+04    6.04175e+03   -3.26884e+03   -5.95489e+05    0.00000e+00
 Position Rest.      Potential    Kinetic En.   Total Energy  Conserved En.
    1.43838e+03   -5.77618e+05    1.09855e+05   -4.67763e+05   -5.72299e+05
    Temperature Pressure (bar)   Constr. rmsd
    3.05783e+02    5.57875e+00    3.93674e-06

           Step           Time
          78000      156.00000

   Energies (kJ/mol)
           Bond       G96Angle  Improper Dih.        LJ (SR)   Coulomb (SR)
    1.39130e+04    5.96491e+03   -3.13370e+03   -5.95461e+05    0.00000e+00
 Position Rest.      Potential    Kinetic En.   Total Energy  Conserved En.
    1.55272e+03   -5.77164e+05    1.08726e+05   -4.68438e+05   -5.72511e+05
    Temperature Pressure (bar)   Constr. rmsd
    3.02639e+02   -1.06482e+00    3.84856e-06

           Step           Time
          79000      158.00000

   Energies (kJ/mol)
           Bond       G96Angle  Improper Dih.        LJ (SR)   Coulomb (SR)
    1.40906e+04    6.22702e+03   -3.26953e+03   -5.95387e+05    0.00000e+00
 Position Rest.      Potential    Kinetic En.   Total Energy  Conserved En.
    1.43686e+03   -5.76902e+05    1.08481e+05   -4.68421e+05   -5.72726e+05
    Temperature Pressure (bar)   Constr. rmsd
    3.01956e+02   -2.60727e+00    3.94873e-06

           Step           Time
          80000      160.00000

   Energies (kJ/mol)
           Bond       G96Angle  Improper Dih.        LJ (SR)   Coulomb (SR)
    1.39855e+04    6.23371e+03   -3.20252e+03   -5.95367e+05    0.00000e+00
 Position Rest.      Potential    Kinetic En.   Total Energy  Conserved En.
    1.37504e+03   -5.76975e+05    1.09434e+05   -4.67541e+05   -5.72943e+05
    Temperature Pressure (bar)   Constr. rmsd
    3.04610e+02   -4.79958e+00    3.78806e-06

           Step           Time
          81000      162.00000

   Energies (kJ/mol)
           Bond       G96Angle  Improper Dih.        LJ (SR)   Coulomb (SR)
    1.37592e+04    6.06036e+03   -3.13221e+03   -5.94849e+05    0.00000e+00
 Position Rest.      Potential    Kinetic En.   Total Energy  Conserved En.
    1.35966e+03   -5.76802e+05    1.09202e+05   -4.67600e+05   -5.73163e+05
    Temperature Pressure (bar)   Constr. rmsd
    3.03964e+02   -3.06665e+00    3.90442e-06

           Step           Time
          82000      164.00000

   Energies (kJ/mol)
           Bond       G96Angle  Improper Dih.        LJ (SR)   Coulomb (SR)
    1.37680e+04    5.94099e+03   -3.19652e+03   -5.95792e+05    0.00000e+00
 Position Rest.      Potential    Kinetic En.   Total Energy  Conserved En.
    1.40622e+03   -5.77874e+05    1.08830e+05   -4.69044e+05   -5.73382e+05
    Temperature Pressure (bar)   Constr. rmsd
    3.02928e+02   -6.40878e+00    3.90591e-06

           Step           Time
          83000      166.00000

   Energies (kJ/mol)
           Bond       G96Angle  Improper Dih.        LJ (SR)   Coulomb (SR)
    1.37078e+04    6.10377e+03   -3.18071e+03   -5.95527e+05    0.00000e+00
 Position Rest.      Potential    Kinetic En.   Total Energy  Conserved En.
    1.42515e+03   -5.77470e+05    1.09983e+05   -4.67487e+05   -5.73600e+05
    Temperature Pressure (bar)   Constr. rmsd
    3.06138e+02    4.79360e+00    3.75915e-06

           Step           Time
          84000      168.00000

   Energies (kJ/mol)
           Bond       G96Angle  Improper Dih.        LJ (SR)   Coulomb (SR)
    1.37987e+04    6.16306e+03   -3.25517e+03   -5.95338e+05    0.00000e+00
 Position Rest.      Potential    Kinetic En.   Total Energy  Conserved En.
    1.49680e+03   -5.77135e+05    1.10215e+05   -4.66920e+05   -5.73814e+05
    Temperature Pressure (bar)   Constr. rmsd
    3.06783e+02    9.82044e+00    3.81663e-06

           Step           Time
          85000      170.00000

   Energies (kJ/mol)
           Bond       G96Angle  Improper Dih.        LJ (SR)   Coulomb (SR)
    1.38908e+04    6.03378e+03   -3.20794e+03   -5.95063e+05    0.00000e+00
 Position Rest.      Potential    Kinetic En.   Total Energy  Conserved En.
    1.43952e+03   -5.76907e+05    1.09187e+05   -4.67720e+05   -5.74034e+05
    Temperature Pressure (bar)   Constr. rmsd
    3.03922e+02   -1.11057e+01    3.99702e-06

           Step           Time
          86000      172.00000

   Energies (kJ/mol)
           Bond       G96Angle  Improper Dih.        LJ (SR)   Coulomb (SR)
    1.37842e+04    6.20058e+03   -3.20898e+03   -5.95354e+05    0.00000e+00
 Position Rest.      Potential    Kinetic En.   Total Energy  Conserved En.
    1.43545e+03   -5.77142e+05    1.09011e+05   -4.68131e+05   -5.74249e+05
    Temperature Pressure (bar)   Constr. rmsd
    3.03433e+02    2.28330e+00    3.91994e-06

           Step           Time
          87000      174.00000

   Energies (kJ/mol)
           Bond       G96Angle  Improper Dih.        LJ (SR)   Coulomb (SR)
    1.39568e+04    5.97983e+03   -3.11162e+03   -5.96374e+05    0.00000e+00
 Position Rest.      Potential    Kinetic En.   Total Energy  Conserved En.
    1.41314e+03   -5.78136e+05    1.08240e+05   -4.69895e+05   -5.74468e+05
    Temperature Pressure (bar)   Constr. rmsd
    3.01287e+02   -8.46481e+00    3.85751e-06

           Step           Time
          88000      176.00000

   Energies (kJ/mol)
           Bond       G96Angle  Improper Dih.        LJ (SR)   Coulomb (SR)
    1.38768e+04    6.11379e+03   -3.23753e+03   -5.95583e+05    0.00000e+00
 Position Rest.      Potential    Kinetic En.   Total Energy  Conserved En.
    1.47910e+03   -5.77350e+05    1.09651e+05   -4.67700e+05   -5.74680e+05
    Temperature Pressure (bar)   Constr. rmsd
    3.05213e+02   -9.14897e+00    3.78006e-06

           Step           Time
          89000      178.00000

   Energies (kJ/mol)
           Bond       G96Angle  Improper Dih.        LJ (SR)   Coulomb (SR)
    1.38136e+04    6.11764e+03   -3.22039e+03   -5.95740e+05    0.00000e+00
 Position Rest.      Potential    Kinetic En.   Total Energy  Conserved En.
    1.41555e+03   -5.77613e+05    1.09112e+05   -4.68502e+05   -5.74902e+05
    Temperature Pressure (bar)   Constr. rmsd
    3.03712e+02    1.28244e+00    3.78079e-06

           Step           Time
          90000      180.00000

   Energies (kJ/mol)
           Bond       G96Angle  Improper Dih.        LJ (SR)   Coulomb (SR)
    1.38076e+04    6.00284e+03   -3.28039e+03   -5.97013e+05    0.00000e+00
 Position Rest.      Potential    Kinetic En.   Total Energy  Conserved En.
    1.40155e+03   -5.79082e+05    1.07864e+05   -4.71218e+05   -5.75111e+05
    Temperature Pressure (bar)   Constr. rmsd
    3.00240e+02   -1.34614e+01    3.80336e-06

           Step           Time
          91000      182.00000

   Energies (kJ/mol)
           Bond       G96Angle  Improper Dih.        LJ (SR)   Coulomb (SR)
    1.35669e+04    6.10740e+03   -3.28723e+03   -5.98080e+05    0.00000e+00
 Position Rest.      Potential    Kinetic En.   Total Energy  Conserved En.
    1.44094e+03   -5.80252e+05    1.08979e+05   -4.71273e+05   -5.75326e+05
    Temperature Pressure (bar)   Constr. rmsd
    3.03342e+02   -1.84069e+01    3.89337e-06

           Step           Time
          92000      184.00000

   Energies (kJ/mol)
           Bond       G96Angle  Improper Dih.        LJ (SR)   Coulomb (SR)
    1.36414e+04    6.00553e+03   -3.18822e+03   -5.97352e+05    0.00000e+00
 Position Rest.      Potential    Kinetic En.   Total Energy  Conserved En.
    1.46474e+03   -5.79428e+05    1.09084e+05   -4.70345e+05   -5.75539e+05
    Temperature Pressure (bar)   Constr. rmsd
    3.03635e+02    1.06814e+01    3.83224e-06

           Step           Time
          93000      186.00000

   Energies (kJ/mol)
           Bond       G96Angle  Improper Dih.        LJ (SR)   Coulomb (SR)
    1.42753e+04    5.93920e+03   -3.19422e+03   -5.97024e+05    0.00000e+00
 Position Rest.      Potential    Kinetic En.   Total Energy  Conserved En.
    1.44993e+03   -5.78553e+05    1.09960e+05   -4.68594e+05   -5.75760e+05
    Temperature Pressure (bar)   Constr. rmsd
    3.06073e+02   -2.52029e+00    3.85512e-06

           Step           Time
          94000      188.00000

   Energies (kJ/mol)
           Bond       G96Angle  Improper Dih.        LJ (SR)   Coulomb (SR)
    1.40125e+04    5.92402e+03   -3.23722e+03   -5.95071e+05    0.00000e+00
 Position Rest.      Potential    Kinetic En.   Total Energy  Conserved En.
    1.38894e+03   -5.76982e+05    1.09698e+05   -4.67285e+05   -5.75976e+05
    Temperature Pressure (bar)   Constr. rmsd
    3.05344e+02    2.24870e+01    3.84166e-06

           Step           Time
          95000      190.00000

   Energies (kJ/mol)
           Bond       G96Angle  Improper Dih.        LJ (SR)   Coulomb (SR)
    1.37290e+04    6.13441e+03   -3.28682e+03   -5.95852e+05    0.00000e+00
 Position Rest.      Potential    Kinetic En.   Total Energy  Conserved En.
    1.44193e+03   -5.77834e+05    1.09950e+05   -4.67884e+05   -5.76189e+05
    Temperature Pressure (bar)   Constr. rmsd
    3.06045e+02   -2.24866e+01    3.85115e-06

           Step           Time
          96000      192.00000

   Energies (kJ/mol)
           Bond       G96Angle  Improper Dih.        LJ (SR)   Coulomb (SR)
    1.36420e+04    6.03029e+03   -3.18542e+03   -5.95635e+05    0.00000e+00
 Position Rest.      Potential    Kinetic En.   Total Energy  Conserved En.
    1.51851e+03   -5.77630e+05    1.10031e+05   -4.67598e+05   -5.76412e+05
    Temperature Pressure (bar)   Constr. rmsd
    3.06273e+02    1.08662e+01    3.82049e-06

           Step           Time
          97000      194.00000

   Energies (kJ/mol)
           Bond       G96Angle  Improper Dih.        LJ (SR)   Coulomb (SR)
    1.34908e+04    5.91581e+03   -3.21197e+03   -5.94396e+05    0.00000e+00
 Position Rest.      Potential    Kinetic En.   Total Energy  Conserved En.
    1.42002e+03   -5.76781e+05    1.10297e+05   -4.66484e+05   -5.76628e+05
    Temperature Pressure (bar)   Constr. rmsd
    3.07011e+02    1.00583e+01    3.97833e-06

           Step           Time
          98000      196.00000

   Energies (kJ/mol)
           Bond       G96Angle  Improper Dih.        LJ (SR)   Coulomb (SR)
    1.40248e+04    6.10517e+03   -3.19761e+03   -5.93233e+05    0.00000e+00
 Position Rest.      Potential    Kinetic En.   Total Energy  Conserved En.
    1.39641e+03   -5.74904e+05    1.10059e+05   -4.64845e+05   -5.76855e+05
    Temperature Pressure (bar)   Constr. rmsd
    3.06351e+02    2.18134e+01    3.73925e-06

           Step           Time
          99000      198.00000

   Energies (kJ/mol)
           Bond       G96Angle  Improper Dih.        LJ (SR)   Coulomb (SR)
    1.40367e+04    5.99271e+03   -3.21105e+03   -5.93448e+05    0.00000e+00
 Position Rest.      Potential    Kinetic En.   Total Energy  Conserved En.
    1.41891e+03   -5.75210e+05    1.10490e+05   -4.64720e+05   -5.77067e+05
    Temperature Pressure (bar)   Constr. rmsd
    3.07550e+02    3.61961e+00    4.04969e-06

           Step           Time
         100000      200.00000

   Energies (kJ/mol)
           Bond       G96Angle  Improper Dih.        LJ (SR)   Coulomb (SR)
    1.37638e+04    6.15021e+03   -3.19156e+03   -5.94672e+05    0.00000e+00
 Position Rest.      Potential    Kinetic En.   Total Energy  Conserved En.
    1.41582e+03   -5.76534e+05    1.09799e+05   -4.66735e+05   -5.77288e+05
    Temperature Pressure (bar)   Constr. rmsd
    3.05627e+02   -1.25090e+01    3.79968e-06

           Step           Time
         101000      202.00000

   Energies (kJ/mol)
           Bond       G96Angle  Improper Dih.        LJ (SR)   Coulomb (SR)
    1.36700e+04    5.90848e+03   -3.24631e+03   -5.94260e+05    0.00000e+00
 Position Rest.      Potential    Kinetic En.   Total Energy  Conserved En.
    1.41857e+03   -5.76509e+05    1.09027e+05   -4.67482e+05   -5.77507e+05
    Temperature Pressure (bar)   Constr. rmsd
    3.03477e+02    8.04801e+00    3.89935e-06

           Step           Time
         102000      204.00000

   Energies (kJ/mol)
           Bond       G96Angle  Improper Dih.        LJ (SR)   Coulomb (SR)
    1.36782e+04    5.99784e+03   -3.18343e+03   -5.94717e+05    0.00000e+00
 Position Rest.      Potential    Kinetic En.   Total Energy  Conserved En.
    1.49853e+03   -5.76726e+05    1.09418e+05   -4.67308e+05   -5.77728e+05
    Temperature Pressure (bar)   Constr. rmsd
    3.04566e+02   -1.21588e+01    3.81280e-06

           Step           Time
         103000      206.00000

   Energies (kJ/mol)
           Bond       G96Angle  Improper Dih.        LJ (SR)   Coulomb (SR)
    1.34772e+04    6.18533e+03   -3.19087e+03   -5.95764e+05    0.00000e+00
 Position Rest.      Potential    Kinetic En.   Total Energy  Conserved En.
    1.43700e+03   -5.77856e+05    1.08810e+05   -4.69045e+05   -5.77948e+05
    Temperature Pressure (bar)   Constr. rmsd
    3.02874e+02   -4.07225e+00    3.92903e-06

           Step           Time
         104000      208.00000

   Energies (kJ/mol)
           Bond       G96Angle  Improper Dih.        LJ (SR)   Coulomb (SR)
    1.39106e+04    6.07921e+03   -3.20344e+03   -5.95324e+05    0.00000e+00
 Position Rest.      Potential    Kinetic En.   Total Energy  Conserved En.
    1.42177e+03   -5.77116e+05    1.10255e+05   -4.66861e+05   -5.78182e+05
    Temperature Pressure (bar)   Constr. rmsd
    3.06895e+02    8.09361e+00    3.98316e-06

           Step           Time
         105000      210.00000

   Energies (kJ/mol)
           Bond       G96Angle  Improper Dih.        LJ (SR)   Coulomb (SR)
    1.40050e+04    6.10122e+03   -3.10219e+03   -5.95458e+05    0.00000e+00
 Position Rest.      Potential    Kinetic En.   Total Energy  Conserved En.
    1.32829e+03   -5.77126e+05    1.09190e+05   -4.67936e+05   -5.78390e+05
    Temperature Pressure (bar)   Constr. rmsd
    3.03930e+02   -7.01551e+00    4.20335e-06

           Step           Time
         106000      212.00000

   Energies (kJ/mol)
           Bond       G96Angle  Improper Dih.        LJ (SR)   Coulomb (SR)
    1.35726e+04    6.02860e+03   -3.17542e+03   -5.95263e+05    0.00000e+00
 Position Rest.      Potential    Kinetic En.   Total Energy  Conserved En.
    1.47152e+03   -5.77366e+05    1.09877e+05   -4.67489e+05   -5.78620e+05
    Temperature Pressure (bar)   Constr. rmsd
    3.05843e+02    3.71507e+00    4.07317e-06

           Step           Time
         107000      214.00000

   Energies (kJ/mol)
           Bond       G96Angle  Improper Dih.        LJ (SR)   Coulomb (SR)
    1.38197e+04    6.12389e+03   -3.20015e+03   -5.94019e+05    0.00000e+00
 Position Rest.      Potential    Kinetic En.   Total Energy  Conserved En.
    1.54772e+03   -5.75728e+05    1.09756e+05   -4.65972e+05   -5.78838e+05
    Temperature Pressure (bar)   Constr. rmsd
    3.05506e+02    1.17685e+01    3.79059e-06

           Step           Time
         108000      216.00000

   Energies (kJ/mol)
           Bond       G96Angle  Improper Dih.        LJ (SR)   Coulomb (SR)
    1.37827e+04    6.14926e+03   -3.17158e+03   -5.94422e+05    0.00000e+00
 Position Rest.      Potential    Kinetic En.   Total Energy  Conserved En.
    1.59744e+03   -5.76064e+05    1.09234e+05   -4.66830e+05   -5.79048e+05
    Temperature Pressure (bar)   Constr. rmsd
    3.04052e+02   -4.32835e+00    3.74743e-06

           Step           Time
         109000      218.00000

   Energies (kJ/mol)
           Bond       G96Angle  Improper Dih.        LJ (SR)   Coulomb (SR)
    1.37219e+04    5.92401e+03   -3.26031e+03   -5.94622e+05    0.00000e+00
 Position Rest.      Potential    Kinetic En.   Total Energy  Conserved En.
    1.50772e+03   -5.76729e+05    1.09895e+05   -4.66834e+05   -5.79270e+05
    Temperature Pressure (bar)   Constr. rmsd
    3.05892e+02   -4.26456e+00    4.14603e-06

           Step           Time
         110000      220.00000

   Energies (kJ/mol)
           Bond       G96Angle  Improper Dih.        LJ (SR)   Coulomb (SR)
    1.40538e+04    6.06906e+03   -3.15822e+03   -5.94940e+05    0.00000e+00
 Position Rest.      Potential    Kinetic En.   Total Energy  Conserved En.
    1.49323e+03   -5.76482e+05    1.09377e+05   -4.67105e+05   -5.79488e+05
    Temperature Pressure (bar)   Constr. rmsd
    3.04451e+02   -9.87558e+00    3.85299e-06

           Step           Time
         111000      222.00000

   Energies (kJ/mol)
           Bond       G96Angle  Improper Dih.        LJ (SR)   Coulomb (SR)
    1.38145e+04    6.14092e+03   -3.22437e+03   -5.96276e+05    0.00000e+00
 Position Rest.      Potential    Kinetic En.   Total Energy  Conserved En.
    1.49126e+03   -5.78053e+05    1.08696e+05   -4.69357e+05   -5.79705e+05
    Temperature Pressure (bar)   Constr. rmsd
    3.02556e+02   -1.02462e+01    3.78225e-06

           Step           Time
         112000      224.00000

   Energies (kJ/mol)
           Bond       G96Angle  Improper Dih.        LJ (SR)   Coulomb (SR)
    1.34246e+04    6.00498e+03   -3.24442e+03   -5.96692e+05    0.00000e+00
 Position Rest.      Potential    Kinetic En.   Total Energy  Conserved En.
    1.54324e+03   -5.78963e+05    1.08222e+05   -4.70741e+05   -5.79925e+05
    Temperature Pressure (bar)   Constr. rmsd
    3.01237e+02    1.40469e+01    3.95170e-06

           Step           Time
         113000      226.00000

   Energies (kJ/mol)
           Bond       G96Angle  Improper Dih.        LJ (SR)   Coulomb (SR)
    1.38601e+04    5.99495e+03   -3.25085e+03   -5.95476e+05    0.00000e+00
 Position Rest.      Potential    Kinetic En.   Total Energy  Conserved En.
    1.44088e+03   -5.77431e+05    1.08577e+05   -4.68854e+05   -5.80133e+05
    Temperature Pressure (bar)   Constr. rmsd
    3.02225e+02    1.56944e+01    4.08355e-06

           Step           Time
         114000      228.00000

   Energies (kJ/mol)
           Bond       G96Angle  Improper Dih.        LJ (SR)   Coulomb (SR)
    1.39373e+04    5.96343e+03   -3.24157e+03   -5.96310e+05    0.00000e+00
 Position Rest.      Potential    Kinetic En.   Total Energy  Conserved En.
    1.42634e+03   -5.78225e+05    1.08804e+05   -4.69421e+05   -5.80348e+05
    Temperature Pressure (bar)   Constr. rmsd
    3.02856e+02    1.32511e+00    3.90086e-06

           Step           Time
         115000      230.00000

   Energies (kJ/mol)
           Bond       G96Angle  Improper Dih.        LJ (SR)   Coulomb (SR)
    1.35468e+04    6.04200e+03   -3.10559e+03   -5.95118e+05    0.00000e+00
 Position Rest.      Potential    Kinetic En.   Total Energy  Conserved En.
    1.44775e+03   -5.77187e+05    1.08799e+05   -4.68388e+05   -5.80567e+05
    Temperature Pressure (bar)   Constr. rmsd
    3.02843e+02    1.74755e+01    4.03149e-06

           Step           Time
         116000      232.00000

   Energies (kJ/mol)
           Bond       G96Angle  Improper Dih.        LJ (SR)   Coulomb (SR)
    1.34424e+04    6.07468e+03   -3.19693e+03   -5.94596e+05    0.00000e+00
 Position Rest.      Potential    Kinetic En.   Total Energy  Conserved En.
    1.48841e+03   -5.76788e+05    1.09376e+05   -4.67412e+05   -5.80781e+05
    Temperature Pressure (bar)   Constr. rmsd
    3.04448e+02    2.45583e+00    3.67196e-06

           Step           Time
         117000      234.00000

   Energies (kJ/mol)
           Bond       G96Angle  Improper Dih.        LJ (SR)   Coulomb (SR)
    1.36640e+04    6.07167e+03   -3.19348e+03   -5.94960e+05    0.00000e+00
 Position Rest.      Potential    Kinetic En.   Total Energy  Conserved En.
    1.48152e+03   -5.76936e+05    1.09765e+05   -4.67171e+05   -5.81001e+05
    Temperature Pressure (bar)   Constr. rmsd
    3.05532e+02    5.20080e-01    3.93279e-06

           Step           Time
         118000      236.00000

   Energies (kJ/mol)
           Bond       G96Angle  Improper Dih.        LJ (SR)   Coulomb (SR)
    1.40244e+04    6.05294e+03   -3.25026e+03   -5.94599e+05    0.00000e+00
 Position Rest.      Potential    Kinetic En.   Total Energy  Conserved En.
    1.46638e+03   -5.76306e+05    1.09388e+05   -4.66918e+05   -5.81219e+05
    Temperature Pressure (bar)   Constr. rmsd
    3.04483e+02    5.78023e+00    3.73682e-06

           Step           Time
         119000      238.00000

   Energies (kJ/mol)
           Bond       G96Angle  Improper Dih.        LJ (SR)   Coulomb (SR)
    1.44333e+04    5.84944e+03   -3.25052e+03   -5.95425e+05    0.00000e+00
 Position Rest.      Potential    Kinetic En.   Total Energy  Conserved En.
    1.45016e+03   -5.76943e+05    1.08220e+05   -4.68723e+05   -5.81440e+05
    Temperature Pressure (bar)   Constr. rmsd
    3.01230e+02    4.36168e-01    3.97586e-06

           Step           Time
         120000      240.00000

   Energies (kJ/mol)
           Bond       G96Angle  Improper Dih.        LJ (SR)   Coulomb (SR)
    1.39019e+04    6.04109e+03   -3.18321e+03   -5.94664e+05    0.00000e+00
 Position Rest.      Potential    Kinetic En.   Total Energy  Conserved En.
    1.56175e+03   -5.76343e+05    1.09764e+05   -4.66579e+05   -5.81659e+05
    Temperature Pressure (bar)   Constr. rmsd
    3.05528e+02   -1.03568e+00    3.93080e-06

           Step           Time
         121000      242.00000

   Energies (kJ/mol)
           Bond       G96Angle  Improper Dih.        LJ (SR)   Coulomb (SR)
    1.36002e+04    5.96661e+03   -3.13628e+03   -5.94015e+05    0.00000e+00
 Position Rest.      Potential    Kinetic En.   Total Energy  Conserved En.
    1.48742e+03   -5.76097e+05    1.09858e+05   -4.66239e+05   -5.81886e+05
    Temperature Pressure (bar)   Constr. rmsd
    3.05790e+02   -1.51369e+01    3.76088e-06

           Step           Time
         122000      244.00000

   Energies (kJ/mol)
           Bond       G96Angle  Improper Dih.        LJ (SR)   Coulomb (SR)
    1.36362e+04    5.80550e+03   -3.21592e+03   -5.94857e+05    0.00000e+00
 Position Rest.      Potential    Kinetic En.   Total Energy  Conserved En.
    1.45305e+03   -5.77178e+05    1.09318e+05   -4.67860e+05   -5.82101e+05
    Temperature Pressure (bar)   Constr. rmsd
    3.04287e+02    3.81113e+00    3.87779e-06

           Step           Time
         123000      246.00000

   Energies (kJ/mol)
           Bond       G96Angle  Improper Dih.        LJ (SR)   Coulomb (SR)
    1.35007e+04    5.96674e+03   -3.21770e+03   -5.95018e+05    0.00000e+00
 Position Rest.      Potential    Kinetic En.   Total Energy  Conserved En.
    1.48174e+03   -5.77286e+05    1.09280e+05   -4.68007e+05   -5.82313e+05
    Temperature Pressure (bar)   Constr. rmsd
    3.04180e+02    1.19900e+01    3.80770e-06

           Step           Time
         124000      248.00000

   Energies (kJ/mol)
           Bond       G96Angle  Improper Dih.        LJ (SR)   Coulomb (SR)
    1.37871e+04    6.09612e+03   -3.25701e+03   -5.94745e+05    0.00000e+00
 Position Rest.      Potential    Kinetic En.   Total Energy  Conserved En.
    1.57329e+03   -5.76545e+05    1.10486e+05   -4.66059e+05   -5.82525e+05
    Temperature Pressure (bar)   Constr. rmsd
    3.07539e+02   -6.55009e+00    3.78652e-06

           Step           Time
         125000      250.00000

   Energies (kJ/mol)
           Bond       G96Angle  Improper Dih.        LJ (SR)   Coulomb (SR)
    1.39910e+04    5.83165e+03   -3.23066e+03   -5.94341e+05    0.00000e+00
 Position Rest.      Potential    Kinetic En.   Total Energy  Conserved En.
    1.54609e+03   -5.76203e+05    1.09980e+05   -4.66222e+05   -5.82737e+05
    Temperature Pressure (bar)   Constr. rmsd
    3.06131e+02   -9.19223e+00    4.01809e-06

           Step           Time
         126000      252.00000

   Energies (kJ/mol)
           Bond       G96Angle  Improper Dih.        LJ (SR)   Coulomb (SR)
    1.41829e+04    6.00382e+03   -3.13476e+03   -5.94218e+05    0.00000e+00
 Position Rest.      Potential    Kinetic En.   Total Energy  Conserved En.
    1.45828e+03   -5.75708e+05    1.08678e+05   -4.67031e+05   -5.82958e+05
    Temperature Pressure (bar)   Constr. rmsd
    3.02504e+02    2.85678e+00    4.08550e-06

           Step           Time
         127000      254.00000

   Energies (kJ/mol)
           Bond       G96Angle  Improper Dih.        LJ (SR)   Coulomb (SR)
    1.39750e+04    6.07355e+03   -3.13690e+03   -5.93730e+05    0.00000e+00
 Position Rest.      Potential    Kinetic En.   Total Energy  Conserved En.
    1.54021e+03   -5.75279e+05    1.10646e+05   -4.64632e+05   -5.83182e+05
    Temperature Pressure (bar)   Constr. rmsd
    3.07984e+02   -2.23680e-01    3.72099e-06

           Step           Time
         128000      256.00000

   Energies (kJ/mol)
           Bond       G96Angle  Improper Dih.        LJ (SR)   Coulomb (SR)
    1.38083e+04    6.07467e+03   -3.16747e+03   -5.93557e+05    0.00000e+00
 Position Rest.      Potential    Kinetic En.   Total Energy  Conserved En.
    1.54107e+03   -5.75301e+05    1.09721e+05   -4.65580e+05   -5.83405e+05
    Temperature Pressure (bar)   Constr. rmsd
    3.05408e+02    9.70549e+00    3.93898e-06

           Step           Time
         129000      258.00000

   Energies (kJ/mol)
           Bond       G96Angle  Improper Dih.        LJ (SR)   Coulomb (SR)
    1.36712e+04    6.17060e+03   -3.15043e+03   -5.94838e+05    0.00000e+00
 Position Rest.      Potential    Kinetic En.   Total Energy  Conserved En.
    1.50665e+03   -5.76640e+05    1.09311e+05   -4.67330e+05   -5.83623e+05
    Temperature Pressure (bar)   Constr. rmsd
    3.04267e+02   -1.30368e+00    3.82848e-06

           Step           Time
         130000      260.00000

   Energies (kJ/mol)
           Bond       G96Angle  Improper Dih.        LJ (SR)   Coulomb (SR)
    1.39228e+04    6.04431e+03   -3.16905e+03   -5.94488e+05    0.00000e+00
 Position Rest.      Potential    Kinetic En.   Total Energy  Conserved En.
    1.41004e+03   -5.76280e+05    1.09815e+05   -4.66464e+05   -5.83842e+05
    Temperature Pressure (bar)   Constr. rmsd
    3.05671e+02    4.34113e+00    3.80524e-06

           Step           Time
         131000      262.00000

   Energies (kJ/mol)
           Bond       G96Angle  Improper Dih.        LJ (SR)   Coulomb (SR)
    1.40299e+04    6.03065e+03   -3.23839e+03   -5.94119e+05    0.00000e+00
 Position Rest.      Potential    Kinetic En.   Total Energy  Conserved En.
    1.48298e+03   -5.75814e+05    1.08869e+05   -4.66945e+05   -5.84063e+05
    Temperature Pressure (bar)   Constr. rmsd
    3.03038e+02    7.12627e+00    3.76437e-06

           Step           Time
         132000      264.00000

   Energies (kJ/mol)
           Bond       G96Angle  Improper Dih.        LJ (SR)   Coulomb (SR)
    1.39456e+04    6.09000e+03   -3.21186e+03   -5.93770e+05    0.00000e+00
 Position Rest.      Potential    Kinetic En.   Total Energy  Conserved En.
    1.43815e+03   -5.75508e+05    1.09716e+05   -4.65792e+05   -5.84284e+05
    Temperature Pressure (bar)   Constr. rmsd
    3.05394e+02    1.32592e+01    3.99800e-06

           Step           Time
         133000      266.00000

   Energies (kJ/mol)
           Bond       G96Angle  Improper Dih.        LJ (SR)   Coulomb (SR)
    1.38908e+04    6.09401e+03   -3.22283e+03   -5.94418e+05    0.00000e+00
 Position Rest.      Potential    Kinetic En.   Total Energy  Conserved En.
    1.57177e+03   -5.76084e+05    1.09611e+05   -4.66473e+05   -5.84511e+05
    Temperature Pressure (bar)   Constr. rmsd
    3.05103e+02    1.26527e+01    3.98082e-06

           Step           Time
         134000      268.00000

   Energies (kJ/mol)
           Bond       G96Angle  Improper Dih.        LJ (SR)   Coulomb (SR)
    1.40412e+04    6.09869e+03   -3.17350e+03   -5.94136e+05    0.00000e+00
 Position Rest.      Potential    Kinetic En.   Total Energy  Conserved En.
    1.47587e+03   -5.75694e+05    1.09186e+05   -4.66508e+05   -5.84732e+05
    Temperature Pressure (bar)   Constr. rmsd
    3.03919e+02    9.40200e+00    3.93116e-06

           Step           Time
         135000      270.00000

   Energies (kJ/mol)
           Bond       G96Angle  Improper Dih.        LJ (SR)   Coulomb (SR)
    1.39561e+04    6.03328e+03   -3.19107e+03   -5.95050e+05    0.00000e+00
 Position Rest.      Potential    Kinetic En.   Total Energy  Conserved En.
    1.53232e+03   -5.76719e+05    1.09120e+05   -4.67599e+05   -5.84947e+05
    Temperature Pressure (bar)   Constr. rmsd
    3.03736e+02   -1.64156e+00    3.91202e-06

           Step           Time
         136000      272.00000

   Energies (kJ/mol)
           Bond       G96Angle  Improper Dih.        LJ (SR)   Coulomb (SR)
    1.38933e+04    5.96789e+03   -3.11135e+03   -5.94861e+05    0.00000e+00
 Position Rest.      Potential    Kinetic En.   Total Energy  Conserved En.
    1.55283e+03   -5.76559e+05    1.08979e+05   -4.67580e+05   -5.85165e+05
    Temperature Pressure (bar)   Constr. rmsd
    3.03343e+02    1.36549e-01    3.97367e-06

           Step           Time
         137000      274.00000

   Energies (kJ/mol)
           Bond       G96Angle  Improper Dih.        LJ (SR)   Coulomb (SR)
    1.37276e+04    6.08441e+03   -3.24195e+03   -5.95285e+05    0.00000e+00
 Position Rest.      Potential    Kinetic En.   Total Energy  Conserved En.
    1.57715e+03   -5.77138e+05    1.08704e+05   -4.68434e+05   -5.85378e+05
    Temperature Pressure (bar)   Constr. rmsd
    3.02577e+02   -1.05894e+01    3.97911e-06

           Step           Time
         138000      276.00000

   Energies (kJ/mol)
           Bond       G96Angle  Improper Dih.        LJ (SR)   Coulomb (SR)
    1.34835e+04    5.87864e+03   -3.26951e+03   -5.96637e+05    0.00000e+00
 Position Rest.      Potential    Kinetic En.   Total Energy  Conserved En.
    1.52018e+03   -5.79025e+05    1.07425e+05   -4.71600e+05   -5.85589e+05
    Temperature Pressure (bar)   Constr. rmsd
    2.99017e+02   -1.94931e+01    3.87618e-06

           Step           Time
         139000      278.00000

   Energies (kJ/mol)
           Bond       G96Angle  Improper Dih.        LJ (SR)   Coulomb (SR)
    1.43177e+04    6.00827e+03   -3.26071e+03   -5.96105e+05    0.00000e+00
 Position Rest.      Potential    Kinetic En.   Total Energy  Conserved En.
    1.57672e+03   -5.77463e+05    1.09059e+05   -4.68404e+05   -5.85812e+05
    Temperature Pressure (bar)   Constr. rmsd
    3.03566e+02    1.16317e+01    3.96153e-06

           Step           Time
         140000      280.00000

   Energies (kJ/mol)
           Bond       G96Angle  Improper Dih.        LJ (SR)   Coulomb (SR)
    1.39450e+04    5.99742e+03   -3.24458e+03   -5.94458e+05    0.00000e+00
 Position Rest.      Potential    Kinetic En.   Total Energy  Conserved En.
    1.55287e+03   -5.76208e+05    1.09180e+05   -4.67028e+05   -5.86030e+05
    Temperature Pressure (bar)   Constr. rmsd
    3.03903e+02    1.80434e+01    3.87898e-06

           Step           Time
         141000      282.00000

   Energies (kJ/mol)
           Bond       G96Angle  Improper Dih.        LJ (SR)   Coulomb (SR)
    1.40153e+04    6.05042e+03   -3.15866e+03   -5.94864e+05    0.00000e+00
 Position Rest.      Potential    Kinetic En.   Total Energy  Conserved En.
    1.46074e+03   -5.76496e+05    1.08716e+05   -4.67780e+05   -5.86247e+05
    Temperature Pressure (bar)   Constr. rmsd
    3.02612e+02    5.68515e+00    3.79134e-06

           Step           Time
         142000      284.00000

   Energies (kJ/mol)
           Bond       G96Angle  Improper Dih.        LJ (SR)   Coulomb (SR)
    1.42057e+04    5.98043e+03   -3.14114e+03   -5.94902e+05    0.00000e+00
 Position Rest.      Potential    Kinetic En.   Total Energy  Conserved En.
    1.51575e+03   -5.76341e+05    1.08807e+05   -4.67534e+05   -5.86472e+05
    Temperature Pressure (bar)   Constr. rmsd
    3.02864e+02    3.35104e+00    3.98525e-06

           Step           Time
         143000      286.00000

   Energies (kJ/mol)
           Bond       G96Angle  Improper Dih.        LJ (SR)   Coulomb (SR)
    1.38975e+04    5.92423e+03   -3.13037e+03   -5.95445e+05    0.00000e+00
 Position Rest.      Potential    Kinetic En.   Total Energy  Conserved En.
    1.52575e+03   -5.77228e+05    1.09623e+05   -4.67605e+05   -5.86687e+05
    Temperature Pressure (bar)   Constr. rmsd
    3.05137e+02    1.55684e+01    3.84135e-06

           Step           Time
         144000      288.00000

   Energies (kJ/mol)
           Bond       G96Angle  Improper Dih.        LJ (SR)   Coulomb (SR)
    1.35710e+04    6.08771e+03   -3.23339e+03   -5.94790e+05    0.00000e+00
 Position Rest.      Potential    Kinetic En.   Total Energy  Conserved En.
    1.53424e+03   -5.76830e+05    1.09416e+05   -4.67415e+05   -5.86899e+05
    Temperature Pressure (bar)   Constr. rmsd
    3.04559e+02    3.13195e+00    3.87491e-06

           Step           Time
         145000      290.00000

   Energies (kJ/mol)
           Bond       G96Angle  Improper Dih.        LJ (SR)   Coulomb (SR)
    1.38031e+04    6.19094e+03   -3.19405e+03   -5.95359e+05    0.00000e+00
 Position Rest.      Potential    Kinetic En.   Total Energy  Conserved En.
    1.47583e+03   -5.77083e+05    1.09466e+05   -4.67617e+05   -5.87115e+05
    Temperature Pressure (bar)   Constr. rmsd
    3.04700e+02   -1.46772e+01    4.05701e-06

           Step           Time
         146000      292.00000

   Energies (kJ/mol)
           Bond       G96Angle  Improper Dih.        LJ (SR)   Coulomb (SR)
    1.41871e+04    6.14244e+03   -3.11852e+03   -5.94936e+05    0.00000e+00
 Position Rest.      Potential    Kinetic En.   Total Energy  Conserved En.
    1.47067e+03   -5.76254e+05    1.09502e+05   -4.66752e+05   -5.87334e+05
    Temperature Pressure (bar)   Constr. rmsd
    3.04800e+02    6.40526e+00    3.76873e-06

           Step           Time
         147000      294.00000

   Energies (kJ/mol)
           Bond       G96Angle  Improper Dih.        LJ (SR)   Coulomb (SR)
    1.43160e+04    6.04170e+03   -3.21286e+03   -5.94382e+05    0.00000e+00
 Position Rest.      Potential    Kinetic En.   Total Energy  Conserved En.
    1.53733e+03   -5.75700e+05    1.09860e+05   -4.65840e+05   -5.87554e+05
    Temperature Pressure (bar)   Constr. rmsd
    3.05796e+02    1.97763e+01    3.85221e-06

           Step           Time
         148000      296.00000

   Energies (kJ/mol)
           Bond       G96Angle  Improper Dih.        LJ (SR)   Coulomb (SR)
    1.39211e+04    6.21498e+03   -3.24252e+03   -5.92463e+05    0.00000e+00
 Position Rest.      Potential    Kinetic En.   Total Energy  Conserved En.
    1.49009e+03   -5.74080e+05    1.10396e+05   -4.63684e+05   -5.87774e+05
    Temperature Pressure (bar)   Constr. rmsd
    3.07286e+02    2.70634e+01    3.96489e-06

           Step           Time
         149000      298.00000

   Energies (kJ/mol)
           Bond       G96Angle  Improper Dih.        LJ (SR)   Coulomb (SR)
    1.36754e+04    6.02340e+03   -3.15186e+03   -5.93808e+05    0.00000e+00
 Position Rest.      Potential    Kinetic En.   Total Energy  Conserved En.
    1.54667e+03   -5.75714e+05    1.09726e+05   -4.65988e+05   -5.87982e+05
    Temperature Pressure (bar)   Constr. rmsd
    3.05423e+02   -9.69042e+00    4.08765e-06

           Step           Time
         150000      300.00000

   Energies (kJ/mol)
           Bond       G96Angle  Improper Dih.        LJ (SR)   Coulomb (SR)
    1.35742e+04    6.14495e+03   -3.19261e+03   -5.93198e+05    0.00000e+00
 Position Rest.      Potential    Kinetic En.   Total Energy  Conserved En.
    1.44993e+03   -5.75222e+05    1.09781e+05   -4.65441e+05   -5.88203e+05
    Temperature Pressure (bar)   Constr. rmsd
    3.05575e+02    7.23452e+00    4.03327e-06

           Step           Time
         151000      302.00000

   Energies (kJ/mol)
           Bond       G96Angle  Improper Dih.        LJ (SR)   Coulomb (SR)
    1.36256e+04    6.14555e+03   -3.18292e+03   -5.94994e+05    0.00000e+00
 Position Rest.      Potential    Kinetic En.   Total Energy  Conserved En.
    1.44455e+03   -5.76961e+05    1.09091e+05   -4.67870e+05   -5.88422e+05
    Temperature Pressure (bar)   Constr. rmsd
    3.03655e+02   -1.28702e+01    3.88861e-06

           Step           Time
         152000      304.00000

   Energies (kJ/mol)
           Bond       G96Angle  Improper Dih.        LJ (SR)   Coulomb (SR)
    1.36318e+04    6.14367e+03   -3.13729e+03   -5.94506e+05    0.00000e+00
 Position Rest.      Potential    Kinetic En.   Total Energy  Conserved En.
    1.44297e+03   -5.76424e+05    1.09396e+05   -4.67028e+05   -5.88636e+05
    Temperature Pressure (bar)   Constr. rmsd
    3.04504e+02    6.57403e+00    3.89536e-06

           Step           Time
         153000      306.00000

   Energies (kJ/mol)
           Bond       G96Angle  Improper Dih.        LJ (SR)   Coulomb (SR)
    1.36348e+04    6.07841e+03   -3.13295e+03   -5.94483e+05    0.00000e+00
 Position Rest.      Potential    Kinetic En.   Total Energy  Conserved En.
    1.49059e+03   -5.76412e+05    1.08447e+05   -4.67965e+05   -5.88850e+05
    Temperature Pressure (bar)   Constr. rmsd
    3.01863e+02    5.89843e-02    3.82367e-06

           Step           Time
         154000      308.00000

   Energies (kJ/mol)
           Bond       G96Angle  Improper Dih.        LJ (SR)   Coulomb (SR)
    1.37358e+04    6.25334e+03   -3.23063e+03   -5.94872e+05    0.00000e+00
 Position Rest.      Potential    Kinetic En.   Total Energy  Conserved En.
    1.40683e+03   -5.76706e+05    1.08886e+05   -4.67820e+05   -5.89068e+05
    Temperature Pressure (bar)   Constr. rmsd
    3.03085e+02    1.31405e+01    3.77321e-06

           Step           Time
         155000      310.00000

   Energies (kJ/mol)
           Bond       G96Angle  Improper Dih.        LJ (SR)   Coulomb (SR)
    1.42210e+04    5.87284e+03   -3.13153e+03   -5.95067e+05    0.00000e+00
 Position Rest.      Potential    Kinetic En.   Total Energy  Conserved En.
    1.44656e+03   -5.76658e+05    1.09296e+05   -4.67363e+05   -5.89276e+05
    Temperature Pressure (bar)   Constr. rmsd
    3.04225e+02   -4.84371e+00    3.85248e-06

           Step           Time
         156000      312.00000

   Energies (kJ/mol)
           Bond       G96Angle  Improper Dih.        LJ (SR)   Coulomb (SR)
    1.35405e+04    6.03766e+03   -3.19699e+03   -5.94445e+05    0.00000e+00
 Position Rest.      Potential    Kinetic En.   Total Energy  Conserved En.
    1.39345e+03   -5.76670e+05    1.08500e+05   -4.68170e+05   -5.89493e+05
    Temperature Pressure (bar)   Constr. rmsd
    3.02010e+02    4.15720e+00    3.70250e-06

           Step           Time
         157000      314.00000

   Energies (kJ/mol)
           Bond       G96Angle  Improper Dih.        LJ (SR)   Coulomb (SR)
    1.38930e+04    6.02827e+03   -3.17761e+03   -5.95319e+05    0.00000e+00
 Position Rest.      Potential    Kinetic En.   Total Energy  Conserved En.
    1.44538e+03   -5.77130e+05    1.08772e+05   -4.68358e+05   -5.89705e+05
    Temperature Pressure (bar)   Constr. rmsd
    3.02767e+02    4.40176e+00    4.04915e-06

           Step           Time
         158000      316.00000

   Energies (kJ/mol)
           Bond       G96Angle  Improper Dih.        LJ (SR)   Coulomb (SR)
    1.34498e+04    6.08825e+03   -3.31014e+03   -5.95999e+05    0.00000e+00
 Position Rest.      Potential    Kinetic En.   Total Energy  Conserved En.
    1.39873e+03   -5.78372e+05    1.08487e+05   -4.69885e+05   -5.89920e+05
    Temperature Pressure (bar)   Constr. rmsd
    3.01974e+02   -7.27674e+00    3.88442e-06

           Step           Time
         159000      318.00000

   Energies (kJ/mol)
           Bond       G96Angle  Improper Dih.        LJ (SR)   Coulomb (SR)
    1.39905e+04    5.94042e+03   -3.21065e+03   -5.96412e+05    0.00000e+00
 Position Rest.      Potential    Kinetic En.   Total Energy  Conserved En.
    1.51332e+03   -5.78178e+05    1.08960e+05   -4.69218e+05   -5.90140e+05
    Temperature Pressure (bar)   Constr. rmsd
    3.03290e+02   -3.28681e-01    3.89197e-06

           Step           Time
         160000      320.00000

   Energies (kJ/mol)
           Bond       G96Angle  Improper Dih.        LJ (SR)   Coulomb (SR)
    1.38865e+04    5.94115e+03   -3.24050e+03   -5.96497e+05    0.00000e+00
 Position Rest.      Potential    Kinetic En.   Total Energy  Conserved En.
    1.44149e+03   -5.78468e+05    1.10089e+05   -4.68379e+05   -5.90356e+05
    Temperature Pressure (bar)   Constr. rmsd
    3.06434e+02   -6.97972e+00    3.67078e-06

           Step           Time
         161000      322.00000

   Energies (kJ/mol)
           Bond       G96Angle  Improper Dih.        LJ (SR)   Coulomb (SR)
    1.35842e+04    6.06243e+03   -3.22380e+03   -5.95476e+05    0.00000e+00
 Position Rest.      Potential    Kinetic En.   Total Energy  Conserved En.
    1.53484e+03   -5.77518e+05    1.10470e+05   -4.67048e+05   -5.90571e+05
    Temperature Pressure (bar)   Constr. rmsd
    3.07494e+02   -2.38471e+00    3.94041e-06

           Step           Time
         162000      324.00000

   Energies (kJ/mol)
           Bond       G96Angle  Improper Dih.        LJ (SR)   Coulomb (SR)
    1.44790e+04    6.12950e+03   -3.23343e+03   -5.94044e+05    0.00000e+00
 Position Rest.      Potential    Kinetic En.   Total Energy  Conserved En.
    1.46004e+03   -5.75208e+05    1.10121e+05   -4.65088e+05   -5.90796e+05
    Temperature Pressure (bar)   Constr. rmsd
    3.06521e+02   -3.57022e+00    3.84146e-06

           Step           Time
         163000      326.00000

   Energies (kJ/mol)
           Bond       G96Angle  Improper Dih.        LJ (SR)   Coulomb (SR)
    1.40498e+04    6.06664e+03   -3.30904e+03   -5.93622e+05    0.00000e+00
 Position Rest.      Potential    Kinetic En.   Total Energy  Conserved En.
    1.52082e+03   -5.75294e+05    1.10510e+05   -4.64783e+05   -5.91008e+05
    Temperature Pressure (bar)   Constr. rmsd
    3.07606e+02   -3.28901e+00    3.97076e-06

           Step           Time
         164000      328.00000

   Energies (kJ/mol)
           Bond       G96Angle  Improper Dih.        LJ (SR)   Coulomb (SR)
    1.37267e+04    5.95226e+03   -3.23040e+03   -5.94372e+05    0.00000e+00
 Position Rest.      Potential    Kinetic En.   Total Energy  Conserved En.
    1.41805e+03   -5.76505e+05    1.08755e+05   -4.67750e+05   -5.91228e+05
    Temperature Pressure (bar)   Constr. rmsd
    3.02720e+02   -2.52805e+00    3.98167e-06

           Step           Time
         165000      330.00000

   Energies (kJ/mol)
           Bond       G96Angle  Improper Dih.        LJ (SR)   Coulomb (SR)
    1.39217e+04    5.80487e+03   -3.22172e+03   -5.94696e+05    0.00000e+00
 Position Rest.      Potential    Kinetic En.   Total Energy  Conserved En.
    1.52725e+03   -5.76664e+05    1.08956e+05   -4.67708e+05   -5.91453e+05
    Temperature Pressure (bar)   Constr. rmsd
    3.03279e+02   -1.78503e+00    3.94018e-06

           Step           Time
         166000      332.00000

   Energies (kJ/mol)
           Bond       G96Angle  Improper Dih.        LJ (SR)   Coulomb (SR)
    1.35685e+04    5.84647e+03   -3.14387e+03   -5.95381e+05    0.00000e+00
 Position Rest.      Potential    Kinetic En.   Total Energy  Conserved En.
    1.49222e+03   -5.77618e+05    1.08384e+05   -4.69234e+05   -5.91670e+05
    Temperature Pressure (bar)   Constr. rmsd
    3.01686e+02   -4.45339e+00    4.01637e-06

           Step           Time
         167000      334.00000

   Energies (kJ/mol)
           Bond       G96Angle  Improper Dih.        LJ (SR)   Coulomb (SR)
    1.38573e+04    5.97345e+03   -3.21723e+03   -5.95076e+05    0.00000e+00
 Position Rest.      Potential    Kinetic En.   Total Energy  Conserved En.
    1.48071e+03   -5.76981e+05    1.09047e+05   -4.67935e+05   -5.91891e+05
    Temperature Pressure (bar)   Constr. rmsd
    3.03532e+02    1.82746e+01    4.02933e-06

           Step           Time
         168000      336.00000

   Energies (kJ/mol)
           Bond       G96Angle  Improper Dih.        LJ (SR)   Coulomb (SR)
    1.44382e+04    5.88722e+03   -3.18686e+03   -5.95419e+05    0.00000e+00
 Position Rest.      Potential    Kinetic En.   Total Energy  Conserved En.
    1.48608e+03   -5.76795e+05    1.09233e+05   -4.67561e+05   -5.92108e+05
    Temperature Pressure (bar)   Constr. rmsd
    3.04052e+02    3.38312e+00    3.92982e-06

           Step           Time
         169000      338.00000

   Energies (kJ/mol)
           Bond       G96Angle  Improper Dih.        LJ (SR)   Coulomb (SR)
    1.40267e+04    6.02623e+03   -3.29993e+03   -5.94586e+05    0.00000e+00
 Position Rest.      Potential    Kinetic En.   Total Energy  Conserved En.
    1.52913e+03   -5.76304e+05    1.08286e+05   -4.68018e+05   -5.92320e+05
    Temperature Pressure (bar)   Constr. rmsd
    3.01414e+02   -9.76450e+00    3.90678e-06

           Step           Time
         170000      340.00000

   Energies (kJ/mol)
           Bond       G96Angle  Improper Dih.        LJ (SR)   Coulomb (SR)
    1.33865e+04    5.96082e+03   -3.10266e+03   -5.94423e+05    0.00000e+00
 Position Rest.      Potential    Kinetic En.   Total Energy  Conserved En.
    1.47638e+03   -5.76702e+05    1.09068e+05   -4.67634e+05   -5.92541e+05
    Temperature Pressure (bar)   Constr. rmsd
    3.03592e+02    1.39593e+01    4.03970e-06

           Step           Time
         171000      342.00000

   Energies (kJ/mol)
           Bond       G96Angle  Improper Dih.        LJ (SR)   Coulomb (SR)
    1.37542e+04    6.24311e+03   -3.15229e+03   -5.93304e+05    0.00000e+00
 Position Rest.      Potential    Kinetic En.   Total Energy  Conserved En.
    1.48490e+03   -5.74974e+05    1.11034e+05   -4.63940e+05   -5.92765e+05
    Temperature Pressure (bar)   Constr. rmsd
    3.09063e+02    2.82349e+01    3.99677e-06

           Step           Time
         172000      344.00000

   Energies (kJ/mol)
           Bond       G96Angle  Improper Dih.        LJ (SR)   Coulomb (SR)
    1.39347e+04    6.07981e+03   -3.17588e+03   -5.92869e+05    0.00000e+00
 Position Rest.      Potential    Kinetic En.   Total Energy  Conserved En.
    1.50184e+03   -5.74528e+05    1.09844e+05   -4.64684e+05   -5.92973e+05
    Temperature Pressure (bar)   Constr. rmsd
    3.05751e+02    1.18059e+01    4.00816e-06

           Step           Time
         173000      346.00000

   Energies (kJ/mol)
           Bond       G96Angle  Improper Dih.        LJ (SR)   Coulomb (SR)
    1.38751e+04    6.17385e+03   -3.20416e+03   -5.93463e+05    0.00000e+00
 Position Rest.      Potential    Kinetic En.   Total Energy  Conserved En.
    1.54067e+03   -5.75078e+05    1.08982e+05   -4.66096e+05   -5.93194e+05
    Temperature Pressure (bar)   Constr. rmsd
    3.03351e+02    3.80488e+00    3.83425e-06

           Step           Time
         174000      348.00000

   Energies (kJ/mol)
           Bond       G96Angle  Improper Dih.        LJ (SR)   Coulomb (SR)
    1.37201e+04    6.00743e+03   -3.17720e+03   -5.93780e+05    0.00000e+00
 Position Rest.      Potential    Kinetic En.   Total Energy  Conserved En.
    1.48818e+03   -5.75742e+05    1.10073e+05   -4.65668e+05   -5.93411e+05
    Temperature Pressure (bar)   Constr. rmsd
    3.06389e+02    1.13015e+01    4.04345e-06

           Step           Time
         175000      350.00000

   Energies (kJ/mol)
           Bond       G96Angle  Improper Dih.        LJ (SR)   Coulomb (SR)
    1.36097e+04    5.91519e+03   -3.18988e+03   -5.93767e+05    0.00000e+00
 Position Rest.      Potential    Kinetic En.   Total Energy  Conserved En.
    1.56965e+03   -5.75862e+05    1.08130e+05   -4.67733e+05   -5.93622e+05
    Temperature Pressure (bar)   Constr. rmsd
    3.00979e+02    7.19522e+00    3.77850e-06

           Step           Time
         176000      352.00000

   Energies (kJ/mol)
           Bond       G96Angle  Improper Dih.        LJ (SR)   Coulomb (SR)
    1.36453e+04    6.12100e+03   -3.29241e+03   -5.94175e+05    0.00000e+00
 Position Rest.      Potential    Kinetic En.   Total Energy  Conserved En.
    1.51306e+03   -5.76188e+05    1.09293e+05   -4.66896e+05   -5.93832e+05
    Temperature Pressure (bar)   Constr. rmsd
    3.04216e+02    2.40517e+01    4.17339e-06

           Step           Time
         177000      354.00000

   Energies (kJ/mol)
           Bond       G96Angle  Improper Dih.        LJ (SR)   Coulomb (SR)
    1.36069e+04    5.95450e+03   -3.14114e+03   -5.94073e+05    0.00000e+00
 Position Rest.      Potential    Kinetic En.   Total Energy  Conserved En.
    1.50012e+03   -5.76153e+05    1.09325e+05   -4.66828e+05   -5.94045e+05
    Temperature Pressure (bar)   Constr. rmsd
    3.04305e+02   -1.04192e+01    3.78539e-06

           Step           Time
         178000      356.00000

   Energies (kJ/mol)
           Bond       G96Angle  Improper Dih.        LJ (SR)   Coulomb (SR)
    1.35732e+04    6.09274e+03   -3.16726e+03   -5.94276e+05    0.00000e+00
 Position Rest.      Potential    Kinetic En.   Total Energy  Conserved En.
    1.49512e+03   -5.76283e+05    1.08797e+05   -4.67486e+05   -5.94262e+05
    Temperature Pressure (bar)   Constr. rmsd
    3.02837e+02   -2.44167e+00    4.00498e-06

           Step           Time
         179000      358.00000

   Energies (kJ/mol)
           Bond       G96Angle  Improper Dih.        LJ (SR)   Coulomb (SR)
    1.34997e+04    5.99018e+03   -3.19311e+03   -5.94734e+05    0.00000e+00
 Position Rest.      Potential    Kinetic En.   Total Energy  Conserved En.
    1.54286e+03   -5.76894e+05    1.09316e+05   -4.67578e+05   -5.94484e+05
    Temperature Pressure (bar)   Constr. rmsd
    3.04282e+02    1.01010e+01    3.90645e-06

           Step           Time
         180000      360.00000

   Energies (kJ/mol)
           Bond       G96Angle  Improper Dih.        LJ (SR)   Coulomb (SR)
    1.39141e+04    5.97127e+03   -3.08327e+03   -5.94235e+05    0.00000e+00
 Position Rest.      Potential    Kinetic En.   Total Energy  Conserved En.
    1.56756e+03   -5.75866e+05    1.09043e+05   -4.66823e+05   -5.94707e+05
    Temperature Pressure (bar)   Constr. rmsd
    3.03521e+02    5.76243e+00    3.95154e-06

           Step           Time
         181000      362.00000

   Energies (kJ/mol)
           Bond       G96Angle  Improper Dih.        LJ (SR)   Coulomb (SR)
    1.40397e+04    6.03726e+03   -3.24824e+03   -5.95893e+05    0.00000e+00
 Position Rest.      Potential    Kinetic En.   Total Energy  Conserved En.
    1.51633e+03   -5.77548e+05    1.09414e+05   -4.68134e+05   -5.94921e+05
    Temperature Pressure (bar)   Constr. rmsd
    3.04554e+02   -1.31373e+01    3.64045e-06

           Step           Time
         182000      364.00000

   Energies (kJ/mol)
           Bond       G96Angle  Improper Dih.        LJ (SR)   Coulomb (SR)
    1.38897e+04    6.05463e+03   -3.18568e+03   -5.94730e+05    0.00000e+00
 Position Rest.      Potential    Kinetic En.   Total Energy  Conserved En.
    1.50068e+03   -5.76471e+05    1.09728e+05   -4.66743e+05   -5.95139e+05
    Temperature Pressure (bar)   Constr. rmsd
    3.05429e+02    3.29435e+00    3.82709e-06

           Step           Time
         183000      366.00000

   Energies (kJ/mol)
           Bond       G96Angle  Improper Dih.        LJ (SR)   Coulomb (SR)
    1.38446e+04    6.12060e+03   -3.11726e+03   -5.94734e+05    0.00000e+00
 Position Rest.      Potential    Kinetic En.   Total Energy  Conserved En.
    1.41055e+03   -5.76475e+05    1.09977e+05   -4.66498e+05   -5.95354e+05
    Temperature Pressure (bar)   Constr. rmsd
    3.06122e+02   -1.48829e+01    3.89881e-06

           Step           Time
         184000      368.00000

   Energies (kJ/mol)
           Bond       G96Angle  Improper Dih.        LJ (SR)   Coulomb (SR)
    1.38381e+04    5.99650e+03   -3.18829e+03   -5.94651e+05    0.00000e+00
 Position Rest.      Potential    Kinetic En.   Total Energy  Conserved En.
    1.47990e+03   -5.76525e+05    1.08434e+05   -4.68091e+05   -5.95580e+05
    Temperature Pressure (bar)   Constr. rmsd
    3.01827e+02    1.36144e+01    3.89104e-06

           Step           Time
         185000      370.00000

   Energies (kJ/mol)
           Bond       G96Angle  Improper Dih.        LJ (SR)   Coulomb (SR)
    1.36660e+04    5.86462e+03   -3.28130e+03   -5.95048e+05    0.00000e+00
 Position Rest.      Potential    Kinetic En.   Total Energy  Conserved En.
    1.48378e+03   -5.77314e+05    1.09213e+05   -4.68102e+05   -5.95801e+05
    Temperature Pressure (bar)   Constr. rmsd
    3.03994e+02    2.29749e+01    4.00462e-06

           Step           Time
         186000      372.00000

   Energies (kJ/mol)
           Bond       G96Angle  Improper Dih.        LJ (SR)   Coulomb (SR)
    1.38811e+04    5.96761e+03   -3.24114e+03   -5.94472e+05    0.00000e+00
 Position Rest.      Potential    Kinetic En.   Total Energy  Conserved En.
    1.54282e+03   -5.76322e+05    1.08690e+05   -4.67632e+05   -5.96017e+05
    Temperature Pressure (bar)   Constr. rmsd
    3.02539e+02    2.16165e+01    3.66387e-06

           Step           Time
         187000      374.00000

   Energies (kJ/mol)
           Bond       G96Angle  Improper Dih.        LJ (SR)   Coulomb (SR)
    1.36723e+04    5.92951e+03   -3.14023e+03   -5.95609e+05    0.00000e+00
 Position Rest.      Potential    Kinetic En.   Total Energy  Conserved En.
    1.55477e+03   -5.77593e+05    1.08559e+05   -4.69034e+05   -5.96231e+05
    Temperature Pressure (bar)   Constr. rmsd
    3.02174e+02   -5.18206e+00    3.84648e-06

           Step           Time
         188000      376.00000

   Energies (kJ/mol)
           Bond       G96Angle  Improper Dih.        LJ (SR)   Coulomb (SR)
    1.36829e+04    6.08121e+03   -3.28036e+03   -5.95146e+05    0.00000e+00
 Position Rest.      Potential    Kinetic En.   Total Energy  Conserved En.
    1.50613e+03   -5.77156e+05    1.08949e+05   -4.68207e+05   -5.96451e+05
    Temperature Pressure (bar)   Constr. rmsd
    3.03260e+02    8.97964e+00    3.91302e-06

           Step           Time
         189000      378.00000

   Energies (kJ/mol)
           Bond       G96Angle  Improper Dih.        LJ (SR)   Coulomb (SR)
    1.39272e+04    5.95734e+03   -3.19444e+03   -5.94027e+05    0.00000e+00
 Position Rest.      Potential    Kinetic En.   Total Energy  Conserved En.
    1.62123e+03   -5.75716e+05    1.08225e+05   -4.67491e+05   -5.96667e+05
    Temperature Pressure (bar)   Constr. rmsd
    3.01243e+02    2.43408e+01    3.74361e-06

           Step           Time
         190000      380.00000

   Energies (kJ/mol)
           Bond       G96Angle  Improper Dih.        LJ (SR)   Coulomb (SR)
    1.39622e+04    5.88938e+03   -3.13843e+03   -5.95142e+05    0.00000e+00
 Position Rest.      Potential    Kinetic En.   Total Energy  Conserved En.
    1.55715e+03   -5.76872e+05    1.10017e+05   -4.66855e+05   -5.96886e+05
    Temperature Pressure (bar)   Constr. rmsd
    3.06232e+02   -9.46913e+00    3.84410e-06

           Step           Time
         191000      382.00000

   Energies (kJ/mol)
           Bond       G96Angle  Improper Dih.        LJ (SR)   Coulomb (SR)
    1.37758e+04    6.03112e+03   -3.22687e+03   -5.95179e+05    0.00000e+00
 Position Rest.      Potential    Kinetic En.   Total Energy  Conserved En.
    1.55677e+03   -5.77042e+05    1.09419e+05   -4.67622e+05   -5.97098e+05
    Temperature Pressure (bar)   Constr. rmsd
    3.04569e+02   -2.34540e+00    3.69883e-06

           Step           Time
         192000      384.00000

   Energies (kJ/mol)
           Bond       G96Angle  Improper Dih.        LJ (SR)   Coulomb (SR)
    1.40021e+04    6.13699e+03   -3.19192e+03   -5.95186e+05    0.00000e+00
 Position Rest.      Potential    Kinetic En.   Total Energy  Conserved En.
    1.53725e+03   -5.76702e+05    1.09172e+05   -4.67530e+05   -5.97321e+05
    Temperature Pressure (bar)   Constr. rmsd
    3.03880e+02   -1.51424e+01    3.84133e-06

           Step           Time
         193000      386.00000

   Energies (kJ/mol)
           Bond       G96Angle  Improper Dih.        LJ (SR)   Coulomb (SR)
    1.36513e+04    6.10561e+03   -3.18171e+03   -5.95223e+05    0.00000e+00
 Position Rest.      Potential    Kinetic En.   Total Energy  Conserved En.
    1.54662e+03   -5.77101e+05    1.09074e+05   -4.68027e+05   -5.97542e+05
    Temperature Pressure (bar)   Constr. rmsd
    3.03609e+02   -8.16037e+00    3.65712e-06

           Step           Time
         194000      388.00000

   Energies (kJ/mol)
           Bond       G96Angle  Improper Dih.        LJ (SR)   Coulomb (SR)
    1.36496e+04    5.97354e+03   -3.19963e+03   -5.94455e+05    0.00000e+00
 Position Rest.      Potential    Kinetic En.   Total Energy  Conserved En.
    1.54517e+03   -5.76487e+05    1.09517e+05   -4.66969e+05   -5.97757e+05
    Temperature Pressure (bar)   Constr. rmsd
    3.04841e+02    1.33517e+01    3.87124e-06

           Step           Time
         195000      390.00000

   Energies (kJ/mol)
           Bond       G96Angle  Improper Dih.        LJ (SR)   Coulomb (SR)
    1.37430e+04    6.27916e+03   -3.15180e+03   -5.94362e+05    0.00000e+00
 Position Rest.      Potential    Kinetic En.   Total Energy  Conserved En.
    1.55556e+03   -5.75936e+05    1.10314e+05   -4.65623e+05   -5.97970e+05
    Temperature Pressure (bar)   Constr. rmsd
    3.07058e+02    7.16592e+00    3.95917e-06

           Step           Time
         196000      392.00000

   Energies (kJ/mol)
           Bond       G96Angle  Improper Dih.        LJ (SR)   Coulomb (SR)
    1.38073e+04    6.10912e+03   -3.19051e+03   -5.92996e+05    0.00000e+00
 Position Rest.      Potential    Kinetic En.   Total Energy  Conserved En.
    1.57339e+03   -5.74696e+05    1.08690e+05   -4.66006e+05   -5.98188e+05
    Temperature Pressure (bar)   Constr. rmsd
    3.02539e+02    2.06993e+01    3.96863e-06

           Step           Time
         197000      394.00000

   Energies (kJ/mol)
           Bond       G96Angle  Improper Dih.        LJ (SR)   Coulomb (SR)
    1.37680e+04    6.00600e+03   -3.21366e+03   -5.95464e+05    0.00000e+00
 Position Rest.      Potential    Kinetic En.   Total Energy  Conserved En.
    1.60542e+03   -5.77298e+05    1.09380e+05   -4.67918e+05   -5.98404e+05
    Temperature Pressure (bar)   Constr. rmsd
    3.04459e+02   -3.03184e+01    3.91884e-06

           Step           Time
         198000      396.00000

   Energies (kJ/mol)
           Bond       G96Angle  Improper Dih.        LJ (SR)   Coulomb (SR)
    1.35544e+04    6.03301e+03   -3.18307e+03   -5.95790e+05    0.00000e+00
 Position Rest.      Potential    Kinetic En.   Total Energy  Conserved En.
    1.54077e+03   -5.77845e+05    1.08986e+05   -4.68860e+05   -5.98622e+05
    Temperature Pressure (bar)   Constr. rmsd
    3.03361e+02   -2.25465e+01    3.86091e-06

           Step           Time
         199000      398.00000

   Energies (kJ/mol)
           Bond       G96Angle  Improper Dih.        LJ (SR)   Coulomb (SR)
    1.37209e+04    5.90608e+03   -3.22245e+03   -5.94393e+05    0.00000e+00
 Position Rest.      Potential    Kinetic En.   Total Energy  Conserved En.
    1.61212e+03   -5.76376e+05    1.10223e+05   -4.66153e+05   -5.98847e+05
    Temperature Pressure (bar)   Constr. rmsd
    3.06806e+02    7.99308e+00    3.90840e-06

           Step           Time
         200000      400.00000

   Energies (kJ/mol)
           Bond       G96Angle  Improper Dih.        LJ (SR)   Coulomb (SR)
    1.40985e+04    6.15739e+03   -3.20889e+03   -5.94740e+05    0.00000e+00
 Position Rest.      Potential    Kinetic En.   Total Energy  Conserved En.
    1.58533e+03   -5.76108e+05    1.09131e+05   -4.66977e+05   -5.99070e+05
    Temperature Pressure (bar)   Constr. rmsd
    3.03766e+02   -6.45315e-01    3.95747e-06

           Step           Time
         201000      402.00000

   Energies (kJ/mol)
           Bond       G96Angle  Improper Dih.        LJ (SR)   Coulomb (SR)
    1.38055e+04    5.99731e+03   -3.21300e+03   -5.94257e+05    0.00000e+00
 Position Rest.      Potential    Kinetic En.   Total Energy  Conserved En.
    1.61902e+03   -5.76048e+05    1.09821e+05   -4.66227e+05   -5.99292e+05
    Temperature Pressure (bar)   Constr. rmsd
    3.05688e+02    5.52935e+00    3.98113e-06

           Step           Time
         202000      404.00000

   Energies (kJ/mol)
           Bond       G96Angle  Improper Dih.        LJ (SR)   Coulomb (SR)
    1.35795e+04    5.87400e+03   -3.20208e+03   -5.94867e+05    0.00000e+00
 Position Rest.      Potential    Kinetic En.   Total Energy  Conserved En.
    1.52364e+03   -5.77092e+05    1.08775e+05   -4.68317e+05   -5.99507e+05
    Temperature Pressure (bar)   Constr. rmsd
    3.02777e+02    2.55964e+00    3.88885e-06

           Step           Time
         203000      406.00000

   Energies (kJ/mol)
           Bond       G96Angle  Improper Dih.        LJ (SR)   Coulomb (SR)
    1.35918e+04    6.07179e+03   -3.26046e+03   -5.96107e+05    0.00000e+00
 Position Rest.      Potential    Kinetic En.   Total Energy  Conserved En.
    1.62344e+03   -5.78081e+05    1.08367e+05   -4.69713e+05   -5.99728e+05
    Temperature Pressure (bar)   Constr. rmsd
    3.01641e+02   -1.55951e+01    3.61921e-06

           Step           Time
         204000      408.00000

   Energies (kJ/mol)
           Bond       G96Angle  Improper Dih.        LJ (SR)   Coulomb (SR)
    1.37770e+04    5.86690e+03   -3.27067e+03   -5.94853e+05    0.00000e+00
 Position Rest.      Potential    Kinetic En.   Total Energy  Conserved En.
    1.58423e+03   -5.76895e+05    1.10269e+05   -4.66627e+05   -5.99954e+05
    Temperature Pressure (bar)   Constr. rmsd
    3.06933e+02    9.65430e+00    4.10404e-06

           Step           Time
         205000      410.00000

   Energies (kJ/mol)
           Bond       G96Angle  Improper Dih.        LJ (SR)   Coulomb (SR)
    1.41022e+04    5.98557e+03   -3.34758e+03   -5.93828e+05    0.00000e+00
 Position Rest.      Potential    Kinetic En.   Total Energy  Conserved En.
    1.61672e+03   -5.75472e+05    1.10642e+05   -4.64830e+05   -6.00170e+05
    Temperature Pressure (bar)   Constr. rmsd
    3.07971e+02   -1.14398e+00    3.85994e-06

           Step           Time
         206000      412.00000

   Energies (kJ/mol)
           Bond       G96Angle  Improper Dih.        LJ (SR)   Coulomb (SR)
    1.39995e+04    6.04552e+03   -3.25157e+03   -5.94021e+05    0.00000e+00
 Position Rest.      Potential    Kinetic En.   Total Energy  Conserved En.
    1.55284e+03   -5.75675e+05    1.10626e+05   -4.65049e+05   -6.00391e+05
    Temperature Pressure (bar)   Constr. rmsd
    3.07927e+02   -1.10230e+01    3.83070e-06

           Step           Time
         207000      414.00000

   Energies (kJ/mol)
           Bond       G96Angle  Improper Dih.        LJ (SR)   Coulomb (SR)
    1.37227e+04    5.97766e+03   -3.26691e+03   -5.93607e+05    0.00000e+00
 Position Rest.      Potential    Kinetic En.   Total Energy  Conserved En.
    1.53976e+03   -5.75634e+05    1.08830e+05   -4.66804e+05   -6.00608e+05
    Temperature Pressure (bar)   Constr. rmsd
    3.02928e+02   -1.11371e+01    4.06825e-06

           Step           Time
         208000      416.00000

   Energies (kJ/mol)
           Bond       G96Angle  Improper Dih.        LJ (SR)   Coulomb (SR)
    1.40515e+04    6.16111e+03   -3.11080e+03   -5.93728e+05    0.00000e+00
 Position Rest.      Potential    Kinetic En.   Total Energy  Conserved En.
    1.60032e+03   -5.75026e+05    1.09251e+05   -4.65775e+05   -6.00833e+05
    Temperature Pressure (bar)   Constr. rmsd
    3.04100e+02    2.18375e+00    3.83651e-06

           Step           Time
         209000      418.00000

   Energies (kJ/mol)
           Bond       G96Angle  Improper Dih.        LJ (SR)   Coulomb (SR)
    1.37943e+04    6.21954e+03   -3.10884e+03   -5.94076e+05    0.00000e+00
 Position Rest.      Potential    Kinetic En.   Total Energy  Conserved En.
    1.57344e+03   -5.75598e+05    1.10277e+05   -4.65321e+05   -6.01054e+05
    Temperature Pressure (bar)   Constr. rmsd
    3.06956e+02   -1.49027e+01    3.77500e-06

           Step           Time
         210000      420.00000

   Energies (kJ/mol)
           Bond       G96Angle  Improper Dih.        LJ (SR)   Coulomb (SR)
    1.42266e+04    6.07196e+03   -3.08184e+03   -5.94458e+05    0.00000e+00
 Position Rest.      Potential    Kinetic En.   Total Energy  Conserved En.
    1.58236e+03   -5.75659e+05    1.10602e+05   -4.65058e+05   -6.01273e+05
    Temperature Pressure (bar)   Constr. rmsd
    3.07859e+02   -2.71783e+01    3.83944e-06

           Step           Time
         211000      422.00000

   Energies (kJ/mol)
           Bond       G96Angle  Improper Dih.        LJ (SR)   Coulomb (SR)
    1.41604e+04    6.05768e+03   -3.30590e+03   -5.94526e+05    0.00000e+00
 Position Rest.      Potential    Kinetic En.   Total Energy  Conserved En.
    1.60866e+03   -5.76005e+05    1.10160e+05   -4.65845e+05   -6.01494e+05
    Temperature Pressure (bar)   Constr. rmsd
    3.06630e+02   -2.31317e+00    4.03262e-06

           Step           Time
         212000      424.00000

   Energies (kJ/mol)
           Bond       G96Angle  Improper Dih.        LJ (SR)   Coulomb (SR)
    1.39372e+04    6.11334e+03   -3.21472e+03   -5.94351e+05    0.00000e+00
 Position Rest.      Potential    Kinetic En.   Total Energy  Conserved En.
    1.58180e+03   -5.75933e+05    1.09344e+05   -4.66589e+05   -6.01711e+05
    Temperature Pressure (bar)   Constr. rmsd
    3.04360e+02   -4.16805e+00    3.77210e-06

           Step           Time
         213000      426.00000

   Energies (kJ/mol)
           Bond       G96Angle  Improper Dih.        LJ (SR)   Coulomb (SR)
    1.40781e+04    6.03290e+03   -3.23943e+03   -5.94124e+05    0.00000e+00
 Position Rest.      Potential    Kinetic En.   Total Energy  Conserved En.
    1.52398e+03   -5.75729e+05    1.09508e+05   -4.66221e+05   -6.01932e+05
    Temperature Pressure (bar)   Constr. rmsd
    3.04816e+02   -7.82757e+00    3.78876e-06

           Step           Time
         214000      428.00000

   Energies (kJ/mol)
           Bond       G96Angle  Improper Dih.        LJ (SR)   Coulomb (SR)
    1.41087e+04    6.23507e+03   -3.13956e+03   -5.93839e+05    0.00000e+00
 Position Rest.      Potential    Kinetic En.   Total Energy  Conserved En.
    1.53354e+03   -5.75102e+05    1.10282e+05   -4.64819e+05   -6.02156e+05
    Temperature Pressure (bar)   Constr. rmsd
    3.06971e+02   -2.77705e+00    3.88176e-06

           Step           Time
         215000      430.00000

   Energies (kJ/mol)
           Bond       G96Angle  Improper Dih.        LJ (SR)   Coulomb (SR)
    1.37751e+04    6.07054e+03   -3.11061e+03   -5.94933e+05    0.00000e+00
 Position Rest.      Potential    Kinetic En.   Total Energy  Conserved En.
    1.53057e+03   -5.76667e+05    1.08160e+05   -4.68507e+05   -6.02370e+05
    Temperature Pressure (bar)   Constr. rmsd
    3.01063e+02   -1.80755e+01    3.83325e-06

           Step           Time
         216000      432.00000

   Energies (kJ/mol)
           Bond       G96Angle  Improper Dih.        LJ (SR)   Coulomb (SR)
    1.38947e+04    5.99187e+03   -3.19910e+03   -5.95081e+05    0.00000e+00
 Position Rest.      Potential    Kinetic En.   Total Energy  Conserved En.
    1.50757e+03   -5.76886e+05    1.07820e+05   -4.69065e+05   -6.02597e+05
    Temperature Pressure (bar)   Constr. rmsd
    3.00118e+02    3.29700e+00    4.08915e-06

           Step           Time
         217000      434.00000

   Energies (kJ/mol)
           Bond       G96Angle  Improper Dih.        LJ (SR)   Coulomb (SR)
    1.39850e+04    6.13545e+03   -3.27192e+03   -5.95874e+05    0.00000e+00
 Position Rest.      Potential    Kinetic En.   Total Energy  Conserved En.
    1.55407e+03   -5.77472e+05    1.07897e+05   -4.69575e+05   -6.02813e+05
    Temperature Pressure (bar)   Constr. rmsd
    3.00332e+02   -1.07131e+01    4.17766e-06

           Step           Time
         218000      436.00000

   Energies (kJ/mol)
           Bond       G96Angle  Improper Dih.        LJ (SR)   Coulomb (SR)
    1.37196e+04    5.88398e+03   -3.20415e+03   -5.95632e+05    0.00000e+00
 Position Rest.      Potential    Kinetic En.   Total Energy  Conserved En.
    1.54442e+03   -5.77688e+05    1.08843e+05   -4.68845e+05   -6.03036e+05
    Temperature Pressure (bar)   Constr. rmsd
    3.02966e+02    1.85832e+01    3.96994e-06

           Step           Time
         219000      438.00000

   Energies (kJ/mol)
           Bond       G96Angle  Improper Dih.        LJ (SR)   Coulomb (SR)
    1.36348e+04    6.16290e+03   -3.27630e+03   -5.95833e+05    0.00000e+00
 Position Rest.      Potential    Kinetic En.   Total Energy  Conserved En.
    1.48632e+03   -5.77825e+05    1.08706e+05   -4.69120e+05   -6.03250e+05
    Temperature Pressure (bar)   Constr. rmsd
    3.02583e+02   -5.08167e-01    3.79759e-06

           Step           Time
         220000      440.00000

   Energies (kJ/mol)
           Bond       G96Angle  Improper Dih.        LJ (SR)   Coulomb (SR)
    1.36806e+04    6.10035e+03   -3.31194e+03   -5.96481e+05    0.00000e+00
 Position Rest.      Potential    Kinetic En.   Total Energy  Conserved En.
    1.40891e+03   -5.78603e+05    1.09241e+05   -4.69362e+05   -6.03465e+05
    Temperature Pressure (bar)   Constr. rmsd
    3.04073e+02   -8.72877e+00    3.97377e-06

           Step           Time
         221000      442.00000

   Energies (kJ/mol)
           Bond       G96Angle  Improper Dih.        LJ (SR)   Coulomb (SR)
    1.40339e+04    6.14569e+03   -3.21856e+03   -5.94631e+05    0.00000e+00
 Position Rest.      Potential    Kinetic En.   Total Energy  Conserved En.
    1.41837e+03   -5.76252e+05    1.09262e+05   -4.66990e+05   -6.03696e+05
    Temperature Pressure (bar)   Constr. rmsd
    3.04131e+02    3.21571e+01    4.08933e-06

           Step           Time
         222000      444.00000

   Energies (kJ/mol)
           Bond       G96Angle  Improper Dih.        LJ (SR)   Coulomb (SR)
    1.38487e+04    6.12067e+03   -3.16666e+03   -5.95147e+05    0.00000e+00
 Position Rest.      Potential    Kinetic En.   Total Energy  Conserved En.
    1.40327e+03   -5.76941e+05    1.09461e+05   -4.67479e+05   -6.03913e+05
    Temperature Pressure (bar)   Constr. rmsd
    3.04686e+02   -8.63330e+00    3.86175e-06

           Step           Time
         223000      446.00000

   Energies (kJ/mol)
           Bond       G96Angle  Improper Dih.        LJ (SR)   Coulomb (SR)
    1.40854e+04    6.37482e+03   -3.10788e+03   -5.94529e+05    0.00000e+00
 Position Rest.      Potential    Kinetic En.   Total Energy  Conserved En.
    1.47902e+03   -5.75698e+05    1.09725e+05   -4.65972e+05   -6.04133e+05
    Temperature Pressure (bar)   Constr. rmsd
    3.05420e+02    4.30251e+00    3.87918e-06

           Step           Time
         224000      448.00000

   Energies (kJ/mol)
           Bond       G96Angle  Improper Dih.        LJ (SR)   Coulomb (SR)
    1.41124e+04    6.05360e+03   -3.13736e+03   -5.93824e+05    0.00000e+00
 Position Rest.      Potential    Kinetic En.   Total Energy  Conserved En.
    1.44418e+03   -5.75351e+05    1.09137e+05   -4.66214e+05   -6.04353e+05
    Temperature Pressure (bar)   Constr. rmsd
    3.03784e+02    2.07033e+01    3.85984e-06

           Step           Time
         225000      450.00000

   Energies (kJ/mol)
           Bond       G96Angle  Improper Dih.        LJ (SR)   Coulomb (SR)
    1.42692e+04    6.13521e+03   -3.25571e+03   -5.94176e+05    0.00000e+00
 Position Rest.      Potential    Kinetic En.   Total Energy  Conserved En.
    1.50203e+03   -5.75526e+05    1.10083e+05   -4.65443e+05   -6.04559e+05
    Temperature Pressure (bar)   Constr. rmsd
    3.06415e+02   -9.01474e-01    3.95293e-06

           Step           Time
         226000      452.00000

   Energies (kJ/mol)
           Bond       G96Angle  Improper Dih.        LJ (SR)   Coulomb (SR)
    1.37631e+04    6.04042e+03   -3.32434e+03   -5.96831e+05    0.00000e+00
 Position Rest.      Potential    Kinetic En.   Total Energy  Conserved En.
    1.47487e+03   -5.78877e+05    1.07953e+05   -4.70924e+05   -6.04772e+05
    Temperature Pressure (bar)   Constr. rmsd
    3.00488e+02   -4.33381e+01    3.81558e-06

           Step           Time
         227000      454.00000

   Energies (kJ/mol)
           Bond       G96Angle  Improper Dih.        LJ (SR)   Coulomb (SR)
    1.39770e+04    6.18835e+03   -3.27696e+03   -5.96017e+05    0.00000e+00
 Position Rest.      Potential    Kinetic En.   Total Energy  Conserved En.
    1.47968e+03   -5.77649e+05    1.09258e+05   -4.68390e+05   -6.04994e+05
    Temperature Pressure (bar)   Constr. rmsd
    3.04120e+02    5.12401e+00    4.00133e-06

           Step           Time
         228000      456.00000

   Energies (kJ/mol)
           Bond       G96Angle  Improper Dih.        LJ (SR)   Coulomb (SR)
    1.41074e+04    5.97348e+03   -3.24273e+03   -5.95813e+05    0.00000e+00
 Position Rest.      Potential    Kinetic En.   Total Energy  Conserved En.
    1.48082e+03   -5.77494e+05    1.08777e+05   -4.68716e+05   -6.05206e+05
    Temperature Pressure (bar)   Constr. rmsd
    3.02782e+02    5.28375e+00    3.77231e-06

           Step           Time
         229000      458.00000

   Energies (kJ/mol)
           Bond       G96Angle  Improper Dih.        LJ (SR)   Coulomb (SR)
    1.38532e+04    6.12110e+03   -3.21667e+03   -5.94400e+05    0.00000e+00
 Position Rest.      Potential    Kinetic En.   Total Energy  Conserved En.
    1.53921e+03   -5.76104e+05    1.10356e+05   -4.65747e+05   -6.05422e+05
    Temperature Pressure (bar)   Constr. rmsd
    3.07177e+02    1.16848e+01    3.97625e-06

           Step           Time
         230000      460.00000

   Energies (kJ/mol)
           Bond       G96Angle  Improper Dih.        LJ (SR)   Coulomb (SR)
    1.38406e+04    6.18512e+03   -3.12310e+03   -5.94668e+05    0.00000e+00
 Position Rest.      Potential    Kinetic En.   Total Energy  Conserved En.
    1.56927e+03   -5.76196e+05    1.09578e+05   -4.66619e+05   -6.05634e+05
    Temperature Pressure (bar)   Constr. rmsd
    3.05010e+02    5.77929e-01    3.89883e-06

           Step           Time
         231000      462.00000

   Energies (kJ/mol)
           Bond       G96Angle  Improper Dih.        LJ (SR)   Coulomb (SR)
    1.39933e+04    6.26562e+03   -3.13445e+03   -5.94643e+05    0.00000e+00
 Position Rest.      Potential    Kinetic En.   Total Energy  Conserved En.
    1.56625e+03   -5.75952e+05    1.10115e+05   -4.65838e+05   -6.05853e+05
    Temperature Pressure (bar)   Constr. rmsd
    3.06504e+02   -6.29988e+00    4.05695e-06

           Step           Time
         232000      464.00000

   Energies (kJ/mol)
           Bond       G96Angle  Improper Dih.        LJ (SR)   Coulomb (SR)
    1.37857e+04    6.03083e+03   -3.15877e+03   -5.93885e+05    0.00000e+00
 Position Rest.      Potential    Kinetic En.   Total Energy  Conserved En.
    1.53282e+03   -5.75695e+05    1.09005e+05   -4.66690e+05   -6.06079e+05
    Temperature Pressure (bar)   Constr. rmsd
    3.03415e+02    5.17181e+00    3.91764e-06

           Step           Time
         233000      466.00000

   Energies (kJ/mol)
           Bond       G96Angle  Improper Dih.        LJ (SR)   Coulomb (SR)
    1.40945e+04    6.26316e+03   -3.27469e+03   -5.94544e+05    0.00000e+00
 Position Rest.      Potential    Kinetic En.   Total Energy  Conserved En.
    1.55024e+03   -5.75911e+05    1.10523e+05   -4.65388e+05   -6.06291e+05
    Temperature Pressure (bar)   Constr. rmsd
    3.07640e+02   -1.73552e+01    3.98378e-06

           Step           Time
         234000      468.00000

   Energies (kJ/mol)
           Bond       G96Angle  Improper Dih.        LJ (SR)   Coulomb (SR)
    1.34923e+04    6.17894e+03   -3.18359e+03   -5.94220e+05    0.00000e+00
 Position Rest.      Potential    Kinetic En.   Total Energy  Conserved En.
    1.55117e+03   -5.76181e+05    1.08686e+05   -4.67495e+05   -6.06505e+05
    Temperature Pressure (bar)   Constr. rmsd
    3.02527e+02    1.04551e+00    3.75932e-06

           Step           Time
         235000      470.00000

   Energies (kJ/mol)
           Bond       G96Angle  Improper Dih.        LJ (SR)   Coulomb (SR)
    1.42791e+04    6.10100e+03   -3.19252e+03   -5.94928e+05    0.00000e+00
 Position Rest.      Potential    Kinetic En.   Total Energy  Conserved En.
    1.41802e+03   -5.76322e+05    1.09294e+05   -4.67028e+05   -6.06718e+05
    Temperature Pressure (bar)   Constr. rmsd
    3.04220e+02    1.43187e+00    4.06647e-06

           Step           Time
         236000      472.00000

   Energies (kJ/mol)
           Bond       G96Angle  Improper Dih.        LJ (SR)   Coulomb (SR)
    1.37570e+04    6.20076e+03   -3.20970e+03   -5.94134e+05    0.00000e+00
 Position Rest.      Potential    Kinetic En.   Total Energy  Conserved En.
    1.50760e+03   -5.75878e+05    1.09787e+05   -4.66091e+05   -6.06932e+05
    Temperature Pressure (bar)   Constr. rmsd
    3.05593e+02    1.25572e+01    3.68322e-06

           Step           Time
         237000      474.00000

   Energies (kJ/mol)
           Bond       G96Angle  Improper Dih.        LJ (SR)   Coulomb (SR)
    1.41301e+04    6.26855e+03   -3.15979e+03   -5.94358e+05    0.00000e+00
 Position Rest.      Potential    Kinetic En.   Total Energy  Conserved En.
    1.52112e+03   -5.75598e+05    1.08541e+05   -4.67057e+05   -6.07146e+05
    Temperature Pressure (bar)   Constr. rmsd
    3.02125e+02    7.57825e+00    3.81955e-06

           Step           Time
         238000      476.00000

   Energies (kJ/mol)
           Bond       G96Angle  Improper Dih.        LJ (SR)   Coulomb (SR)
    1.36537e+04    6.38451e+03   -3.24637e+03   -5.94225e+05    0.00000e+00
 Position Rest.      Potential    Kinetic En.   Total Energy  Conserved En.
    1.48751e+03   -5.75946e+05    1.08833e+05   -4.67113e+05   -6.07359e+05
    Temperature Pressure (bar)   Constr. rmsd
    3.02937e+02    2.21825e+01    4.06255e-06

           Step           Time
         239000      478.00000

   Energies (kJ/mol)
           Bond       G96Angle  Improper Dih.        LJ (SR)   Coulomb (SR)
    1.39978e+04    6.23854e+03   -3.17619e+03   -5.93938e+05    0.00000e+00
 Position Rest.      Potential    Kinetic En.   Total Energy  Conserved En.
    1.51062e+03   -5.75367e+05    1.09229e+05   -4.66138e+05   -6.07576e+05
    Temperature Pressure (bar)   Constr. rmsd
    3.04039e+02    1.31030e+01    3.97738e-06

           Step           Time
         240000      480.00000

   Energies (kJ/mol)
           Bond       G96Angle  Improper Dih.        LJ (SR)   Coulomb (SR)
    1.37398e+04    6.08377e+03   -3.25947e+03   -5.93759e+05    0.00000e+00
 Position Rest.      Potential    Kinetic En.   Total Energy  Conserved En.
    1.53326e+03   -5.75661e+05    1.09856e+05   -4.65805e+05   -6.07795e+05
    Temperature Pressure (bar)   Constr. rmsd
    3.05785e+02   -5.16296e+00    3.99074e-06

           Step           Time
         241000      482.00000

   Energies (kJ/mol)
           Bond       G96Angle  Improper Dih.        LJ (SR)   Coulomb (SR)
    1.35727e+04    6.08635e+03   -3.22408e+03   -5.95460e+05    0.00000e+00
 Position Rest.      Potential    Kinetic En.   Total Energy  Conserved En.
    1.49564e+03   -5.77530e+05    1.09072e+05   -4.68457e+05   -6.08003e+05
    Temperature Pressure (bar)   Constr. rmsd
    3.03604e+02   -9.74679e+00    3.90141e-06

           Step           Time
         242000      484.00000

   Energies (kJ/mol)
           Bond       G96Angle  Improper Dih.        LJ (SR)   Coulomb (SR)
    1.38410e+04    6.08743e+03   -3.24065e+03   -5.95901e+05    0.00000e+00
 Position Rest.      Potential    Kinetic En.   Total Energy  Conserved En.
    1.44092e+03   -5.77772e+05    1.09005e+05   -4.68767e+05   -6.08222e+05
    Temperature Pressure (bar)   Constr. rmsd
    3.03415e+02   -1.67076e+01    3.77469e-06

           Step           Time
         243000      486.00000

   Energies (kJ/mol)
           Bond       G96Angle  Improper Dih.        LJ (SR)   Coulomb (SR)
    1.37931e+04    6.11671e+03   -3.16564e+03   -5.94459e+05    0.00000e+00
 Position Rest.      Potential    Kinetic En.   Total Energy  Conserved En.
    1.56810e+03   -5.76147e+05    1.09985e+05   -4.66162e+05   -6.08448e+05
    Temperature Pressure (bar)   Constr. rmsd
    3.06142e+02    1.04432e+01    3.91775e-06

           Step           Time
         244000      488.00000

   Energies (kJ/mol)
           Bond       G96Angle  Improper Dih.        LJ (SR)   Coulomb (SR)
    1.40121e+04    5.97406e+03   -3.25492e+03   -5.94579e+05    0.00000e+00
 Position Rest.      Potential    Kinetic En.   Total Energy  Conserved En.
    1.49013e+03   -5.76358e+05    1.08920e+05   -4.67437e+05   -6.08661e+05
    Temperature Pressure (bar)   Constr. rmsd
    3.03180e+02    2.56794e-01    4.14245e-06

           Step           Time
         245000      490.00000

   Energies (kJ/mol)
           Bond       G96Angle  Improper Dih.        LJ (SR)   Coulomb (SR)
    1.34910e+04    6.18561e+03   -3.16566e+03   -5.96436e+05    0.00000e+00
 Position Rest.      Potential    Kinetic En.   Total Energy  Conserved En.
    1.43016e+03   -5.78495e+05    1.08281e+05   -4.70214e+05   -6.08870e+05
    Temperature Pressure (bar)   Constr. rmsd
    3.01400e+02   -1.43829e+01    3.93586e-06

           Step           Time
         246000      492.00000

   Energies (kJ/mol)
           Bond       G96Angle  Improper Dih.        LJ (SR)   Coulomb (SR)
    1.37209e+04    6.12613e+03   -3.21202e+03   -5.96094e+05    0.00000e+00
 Position Rest.      Potential    Kinetic En.   Total Energy  Conserved En.
    1.50799e+03   -5.77951e+05    1.10057e+05   -4.67894e+05   -6.09090e+05
    Temperature Pressure (bar)   Constr. rmsd
    3.06343e+02    1.49390e+00    3.91479e-06

           Step           Time
         247000      494.00000

   Energies (kJ/mol)
           Bond       G96Angle  Improper Dih.        LJ (SR)   Coulomb (SR)
    1.40178e+04    6.21280e+03   -3.25531e+03   -5.95412e+05    0.00000e+00
 Position Rest.      Potential    Kinetic En.   Total Energy  Conserved En.
    1.56551e+03   -5.76871e+05    1.08923e+05   -4.67948e+05   -6.09311e+05
    Temperature Pressure (bar)   Constr. rmsd
    3.03187e+02    5.99401e+00    3.82444e-06

           Step           Time
         248000      496.00000

   Energies (kJ/mol)
           Bond       G96Angle  Improper Dih.        LJ (SR)   Coulomb (SR)
    1.40777e+04    5.99307e+03   -3.22298e+03   -5.95018e+05    0.00000e+00
 Position Rest.      Potential    Kinetic En.   Total Energy  Conserved En.
    1.53595e+03   -5.76634e+05    1.09158e+05   -4.67476e+05   -6.09528e+05
    Temperature Pressure (bar)   Constr. rmsd
    3.03841e+02    1.23158e+01    3.82397e-06

           Step           Time
         249000      498.00000

   Energies (kJ/mol)
           Bond       G96Angle  Improper Dih.        LJ (SR)   Coulomb (SR)
    1.39832e+04    6.19815e+03   -3.20088e+03   -5.95630e+05    0.00000e+00
 Position Rest.      Potential    Kinetic En.   Total Energy  Conserved En.
    1.43468e+03   -5.77215e+05    1.09042e+05   -4.68172e+05   -6.09740e+05
    Temperature Pressure (bar)   Constr. rmsd
    3.03519e+02   -5.42528e+00    3.86624e-06

           Step           Time
         250000      500.00000

   Energies (kJ/mol)
           Bond       G96Angle  Improper Dih.        LJ (SR)   Coulomb (SR)
    1.39184e+04    6.29951e+03   -3.23742e+03   -5.94293e+05    0.00000e+00
 Position Rest.      Potential    Kinetic En.   Total Energy  Conserved En.
    1.50969e+03   -5.75803e+05    1.09156e+05   -4.66647e+05   -6.09962e+05
    Temperature Pressure (bar)   Constr. rmsd
    3.03837e+02    1.98825e+01    4.04690e-06

           Step           Time
         251000      502.00000

   Energies (kJ/mol)
           Bond       G96Angle  Improper Dih.        LJ (SR)   Coulomb (SR)
    1.36708e+04    6.20702e+03   -3.16841e+03   -5.94929e+05    0.00000e+00
 Position Rest.      Potential    Kinetic En.   Total Energy  Conserved En.
    1.51454e+03   -5.76705e+05    1.09739e+05   -4.66966e+05   -6.10174e+05
    Temperature Pressure (bar)   Constr. rmsd
    3.05459e+02   -1.31314e+01    3.66057e-06

           Step           Time
         252000      504.00000

   Energies (kJ/mol)
           Bond       G96Angle  Improper Dih.        LJ (SR)   Coulomb (SR)
    1.40944e+04    6.21439e+03   -3.12265e+03   -5.95540e+05    0.00000e+00
 Position Rest.      Potential    Kinetic En.   Total Energy  Conserved En.
    1.42176e+03   -5.76933e+05    1.09419e+05   -4.67514e+05   -6.10392e+05
    Temperature Pressure (bar)   Constr. rmsd
    3.04568e+02   -6.57433e+00    3.88160e-06

           Step           Time
         253000      506.00000

   Energies (kJ/mol)
           Bond       G96Angle  Improper Dih.        LJ (SR)   Coulomb (SR)
    1.41086e+04    6.04552e+03   -3.23750e+03   -5.94575e+05    0.00000e+00
 Position Rest.      Potential    Kinetic En.   Total Energy  Conserved En.
    1.52061e+03   -5.76137e+05    1.08212e+05   -4.67926e+05   -6.10608e+05
    Temperature Pressure (bar)   Constr. rmsd
    3.01208e+02    1.02811e+01    4.00757e-06

           Step           Time
         254000      508.00000

   Energies (kJ/mol)
           Bond       G96Angle  Improper Dih.        LJ (SR)   Coulomb (SR)
    1.37078e+04    6.15485e+03   -3.17774e+03   -5.94911e+05    0.00000e+00
 Position Rest.      Potential    Kinetic En.   Total Energy  Conserved En.
    1.41425e+03   -5.76812e+05    1.08462e+05   -4.68350e+05   -6.10835e+05
    Temperature Pressure (bar)   Constr. rmsd
    3.01905e+02    9.72511e+00    3.71400e-06

           Step           Time
         255000      510.00000

   Energies (kJ/mol)
           Bond       G96Angle  Improper Dih.        LJ (SR)   Coulomb (SR)
    1.37400e+04    6.02256e+03   -3.17220e+03   -5.94914e+05    0.00000e+00
 Position Rest.      Potential    Kinetic En.   Total Energy  Conserved En.
    1.39638e+03   -5.76928e+05    1.09046e+05   -4.67882e+05   -6.11049e+05
    Temperature Pressure (bar)   Constr. rmsd
    3.03529e+02   -7.00997e+00    3.98212e-06

           Step           Time
         256000      512.00000

   Energies (kJ/mol)
           Bond       G96Angle  Improper Dih.        LJ (SR)   Coulomb (SR)
    1.38486e+04    5.96256e+03   -3.17346e+03   -5.96484e+05    0.00000e+00
 Position Rest.      Potential    Kinetic En.   Total Energy  Conserved En.
    1.57126e+03   -5.78275e+05    1.07981e+05   -4.70294e+05   -6.11264e+05
    Temperature Pressure (bar)   Constr. rmsd
    3.00565e+02   -1.99725e+01    3.91008e-06

           Step           Time
         257000      514.00000

   Energies (kJ/mol)
           Bond       G96Angle  Improper Dih.        LJ (SR)   Coulomb (SR)
    1.41329e+04    5.85707e+03   -3.17528e+03   -5.95623e+05    0.00000e+00
 Position Rest.      Potential    Kinetic En.   Total Energy  Conserved En.
    1.46438e+03   -5.77344e+05    1.09642e+05   -4.67702e+05   -6.11485e+05
    Temperature Pressure (bar)   Constr. rmsd
    3.05188e+02    8.73674e+00    3.80367e-06

           Step           Time
         258000      516.00000

   Energies (kJ/mol)
           Bond       G96Angle  Improper Dih.        LJ (SR)   Coulomb (SR)
    1.37987e+04    6.14909e+03   -3.04616e+03   -5.94943e+05    0.00000e+00
 Position Rest.      Potential    Kinetic En.   Total Energy  Conserved En.
    1.49127e+03   -5.76550e+05    1.09392e+05   -4.67158e+05   -6.11702e+05
    Temperature Pressure (bar)   Constr. rmsd
    3.04493e+02   -2.08026e+00    3.69938e-06

           Step           Time
         259000      518.00000

   Energies (kJ/mol)
           Bond       G96Angle  Improper Dih.        LJ (SR)   Coulomb (SR)
    1.38391e+04    5.98048e+03   -3.25548e+03   -5.95048e+05    0.00000e+00
 Position Rest.      Potential    Kinetic En.   Total Energy  Conserved En.
    1.54028e+03   -5.76944e+05    1.08573e+05   -4.68371e+05   -6.11923e+05
    Temperature Pressure (bar)   Constr. rmsd
    3.02213e+02    1.67654e+00    3.97879e-06

           Step           Time
         260000      520.00000

   Energies (kJ/mol)
           Bond       G96Angle  Improper Dih.        LJ (SR)   Coulomb (SR)
    1.40501e+04    6.20048e+03   -3.27173e+03   -5.94787e+05    0.00000e+00
 Position Rest.      Potential    Kinetic En.   Total Energy  Conserved En.
    1.62210e+03   -5.76186e+05    1.09894e+05   -4.66292e+05   -6.12137e+05
    Temperature Pressure (bar)   Constr. rmsd
    3.05890e+02    1.39250e+00    3.96507e-06

           Step           Time
         261000      522.00000

   Energies (kJ/mol)
           Bond       G96Angle  Improper Dih.        LJ (SR)   Coulomb (SR)
    1.42332e+04    6.33210e+03   -3.21991e+03   -5.94542e+05    0.00000e+00
 Position Rest.      Potential    Kinetic En.   Total Energy  Conserved En.
    1.46741e+03   -5.75729e+05    1.10066e+05   -4.65663e+05   -6.12351e+05
    Temperature Pressure (bar)   Constr. rmsd
    3.06368e+02   -4.98017e+00    3.76693e-06

           Step           Time
         262000      524.00000

   Energies (kJ/mol)
           Bond       G96Angle  Improper Dih.        LJ (SR)   Coulomb (SR)
    1.38761e+04    6.02073e+03   -3.15608e+03   -5.94119e+05    0.00000e+00
 Position Rest.      Potential    Kinetic En.   Total Energy  Conserved En.
    1.44009e+03   -5.75938e+05    1.08557e+05   -4.67381e+05   -6.12567e+05
    Temperature Pressure (bar)   Constr. rmsd
    3.02169e+02    3.86028e+00    3.93267e-06

           Step           Time
         263000      526.00000

   Energies (kJ/mol)
           Bond       G96Angle  Improper Dih.        LJ (SR)   Coulomb (SR)
    1.34630e+04    6.14824e+03   -3.18107e+03   -5.95413e+05    0.00000e+00
 Position Rest.      Potential    Kinetic En.   Total Energy  Conserved En.
    1.47207e+03   -5.77511e+05    1.08815e+05   -4.68696e+05   -6.12776e+05
    Temperature Pressure (bar)   Constr. rmsd
    3.02887e+02   -1.39542e+01    3.94572e-06

           Step           Time
         264000      528.00000

   Energies (kJ/mol)
           Bond       G96Angle  Improper Dih.        LJ (SR)   Coulomb (SR)
    1.39342e+04    6.26970e+03   -3.22637e+03   -5.95426e+05    0.00000e+00
 Position Rest.      Potential    Kinetic En.   Total Energy  Conserved En.
    1.50176e+03   -5.76947e+05    1.08934e+05   -4.68013e+05   -6.12995e+05
    Temperature Pressure (bar)   Constr. rmsd
    3.03218e+02    1.35219e+01    3.91595e-06

           Step           Time
         265000      530.00000

   Energies (kJ/mol)
           Bond       G96Angle  Improper Dih.        LJ (SR)   Coulomb (SR)
    1.43165e+04    6.21745e+03   -3.13654e+03   -5.94918e+05    0.00000e+00
 Position Rest.      Potential    Kinetic En.   Total Energy  Conserved En.
    1.48955e+03   -5.76031e+05    1.09496e+05   -4.66535e+05   -6.13211e+05
    Temperature Pressure (bar)   Constr. rmsd
    3.04783e+02    2.59543e+00    3.89138e-06

           Step           Time
         266000      532.00000

   Energies (kJ/mol)
           Bond       G96Angle  Improper Dih.        LJ (SR)   Coulomb (SR)
    1.42793e+04    6.19022e+03   -3.25356e+03   -5.95018e+05    0.00000e+00
 Position Rest.      Potential    Kinetic En.   Total Energy  Conserved En.
    1.54639e+03   -5.76256e+05    1.08584e+05   -4.67672e+05   -6.13426e+05
    Temperature Pressure (bar)   Constr. rmsd
    3.02243e+02   -1.14688e+01    3.81145e-06

           Step           Time
         267000      534.00000

   Energies (kJ/mol)
           Bond       G96Angle  Improper Dih.        LJ (SR)   Coulomb (SR)
    1.36897e+04    5.91249e+03   -3.27221e+03   -5.94991e+05    0.00000e+00
 Position Rest.      Potential    Kinetic En.   Total Energy  Conserved En.
    1.48417e+03   -5.77177e+05    1.08529e+05   -4.68648e+05   -6.13652e+05
    Temperature Pressure (bar)   Constr. rmsd
    3.02090e+02    1.58150e-01    3.83867e-06

           Step           Time
         268000      536.00000

   Energies (kJ/mol)
           Bond       G96Angle  Improper Dih.        LJ (SR)   Coulomb (SR)
    1.38725e+04    6.29571e+03   -3.27099e+03   -5.95567e+05    0.00000e+00
 Position Rest.      Potential    Kinetic En.   Total Energy  Conserved En.
    1.48296e+03   -5.77187e+05    1.08811e+05   -4.68376e+05   -6.13870e+05
    Temperature Pressure (bar)   Constr. rmsd
    3.02877e+02   -1.29609e+01    3.86235e-06

           Step           Time
         269000      538.00000

   Energies (kJ/mol)
           Bond       G96Angle  Improper Dih.        LJ (SR)   Coulomb (SR)
    1.40590e+04    6.27937e+03   -3.23551e+03   -5.94773e+05    0.00000e+00
 Position Rest.      Potential    Kinetic En.   Total Energy  Conserved En.
    1.58735e+03   -5.76082e+05    1.09454e+05   -4.66629e+05   -6.14084e+05
    Temperature Pressure (bar)   Constr. rmsd
    3.04665e+02   -2.21347e+00    3.86112e-06

           Step           Time
         270000      540.00000

   Energies (kJ/mol)
           Bond       G96Angle  Improper Dih.        LJ (SR)   Coulomb (SR)
    1.39962e+04    6.19136e+03   -3.19382e+03   -5.95007e+05    0.00000e+00
 Position Rest.      Potential    Kinetic En.   Total Energy  Conserved En.
    1.59604e+03   -5.76418e+05    1.09114e+05   -4.67303e+05   -6.14301e+05
    Temperature Pressure (bar)   Constr. rmsd
    3.03720e+02   -4.10514e+00    3.46439e-06

           Step           Time
         271000      542.00000

   Energies (kJ/mol)
           Bond       G96Angle  Improper Dih.        LJ (SR)   Coulomb (SR)
    1.38318e+04    6.23611e+03   -3.20438e+03   -5.95492e+05    0.00000e+00
 Position Rest.      Potential    Kinetic En.   Total Energy  Conserved En.
    1.57949e+03   -5.77049e+05    1.09560e+05   -4.67489e+05   -6.14518e+05
    Temperature Pressure (bar)   Constr. rmsd
    3.04960e+02   -1.89155e+01    3.90076e-06

           Step           Time
         272000      544.00000

   Energies (kJ/mol)
           Bond       G96Angle  Improper Dih.        LJ (SR)   Coulomb (SR)
    1.37513e+04    6.15080e+03   -3.25136e+03   -5.94658e+05    0.00000e+00
 Position Rest.      Potential    Kinetic En.   Total Energy  Conserved En.
    1.54556e+03   -5.76462e+05    1.08313e+05   -4.68149e+05   -6.14744e+05
    Temperature Pressure (bar)   Constr. rmsd
    3.01489e+02    1.96639e+01    4.02876e-06

           Step           Time
         273000      546.00000

   Energies (kJ/mol)
           Bond       G96Angle  Improper Dih.        LJ (SR)   Coulomb (SR)
    1.43608e+04    6.02964e+03   -3.22383e+03   -5.94308e+05    0.00000e+00
 Position Rest.      Potential    Kinetic En.   Total Energy  Conserved En.
    1.59117e+03   -5.75550e+05    1.09497e+05   -4.66052e+05   -6.14953e+05
    Temperature Pressure (bar)   Constr. rmsd
    3.04786e+02    7.62124e+00    3.84167e-06

           Step           Time
         274000      548.00000

   Energies (kJ/mol)
           Bond       G96Angle  Improper Dih.        LJ (SR)   Coulomb (SR)
    1.37076e+04    6.22499e+03   -3.24143e+03   -5.94462e+05    0.00000e+00
 Position Rest.      Potential    Kinetic En.   Total Energy  Conserved En.
    1.56028e+03   -5.76211e+05    1.08829e+05   -4.67382e+05   -6.15169e+05
    Temperature Pressure (bar)   Constr. rmsd
    3.02924e+02    3.93707e-01    3.90112e-06

           Step           Time
         275000      550.00000

   Energies (kJ/mol)
           Bond       G96Angle  Improper Dih.        LJ (SR)   Coulomb (SR)
    1.39873e+04    6.16756e+03   -3.11125e+03   -5.94407e+05    0.00000e+00
 Position Rest.      Potential    Kinetic En.   Total Energy  Conserved En.
    1.57934e+03   -5.75784e+05    1.09689e+05   -4.66095e+05   -6.15390e+05
    Temperature Pressure (bar)   Constr. rmsd
    3.05321e+02   -3.38108e+00    3.80088e-06

           Step           Time
         276000      552.00000

   Energies (kJ/mol)
           Bond       G96Angle  Improper Dih.        LJ (SR)   Coulomb (SR)
    1.37983e+04    6.26660e+03   -3.22351e+03   -5.92952e+05    0.00000e+00
 Position Rest.      Potential    Kinetic En.   Total Energy  Conserved En.
    1.51961e+03   -5.74591e+05    1.10152e+05   -4.64439e+05   -6.15613e+05
    Temperature Pressure (bar)   Constr. rmsd
    3.06607e+02    1.62099e+01    3.92246e-06

           Step           Time
         277000      554.00000

   Energies (kJ/mol)
           Bond       G96Angle  Improper Dih.        LJ (SR)   Coulomb (SR)
    1.38132e+04    6.24725e+03   -3.25156e+03   -5.93636e+05    0.00000e+00
 Position Rest.      Potential    Kinetic En.   Total Energy  Conserved En.
    1.50325e+03   -5.75324e+05    1.09380e+05   -4.65943e+05   -6.15828e+05
    Temperature Pressure (bar)   Constr. rmsd
    3.04461e+02   -1.29404e+00    3.88255e-06

           Step           Time
         278000      556.00000

   Energies (kJ/mol)
           Bond       G96Angle  Improper Dih.        LJ (SR)   Coulomb (SR)
    1.39569e+04    6.01768e+03   -3.28874e+03   -5.94169e+05    0.00000e+00
 Position Rest.      Potential    Kinetic En.   Total Energy  Conserved En.
    1.50495e+03   -5.75978e+05    1.09771e+05   -4.66207e+05   -6.16037e+05
    Temperature Pressure (bar)   Constr. rmsd
    3.05548e+02   -1.52750e+01    3.69300e-06

           Step           Time
         279000      558.00000

   Energies (kJ/mol)
           Bond       G96Angle  Improper Dih.        LJ (SR)   Coulomb (SR)
    1.38482e+04    6.22633e+03   -3.25337e+03   -5.94144e+05    0.00000e+00
 Position Rest.      Potential    Kinetic En.   Total Energy  Conserved En.
    1.47535e+03   -5.75848e+05    1.08668e+05   -4.67180e+05   -6.16253e+05
    Temperature Pressure (bar)   Constr. rmsd
    3.02477e+02    3.00188e-02    3.87640e-06

           Step           Time
         280000      560.00000

   Energies (kJ/mol)
           Bond       G96Angle  Improper Dih.        LJ (SR)   Coulomb (SR)
    1.43738e+04    6.07215e+03   -3.12578e+03   -5.94118e+05    0.00000e+00
 Position Rest.      Potential    Kinetic En.   Total Energy  Conserved En.
    1.54692e+03   -5.75251e+05    1.10347e+05   -4.64904e+05   -6.16468e+05
    Temperature Pressure (bar)   Constr. rmsd
    3.07152e+02   -1.21829e+00    3.82005e-06

           Step           Time
         281000      562.00000

   Energies (kJ/mol)
           Bond       G96Angle  Improper Dih.        LJ (SR)   Coulomb (SR)
    1.40063e+04    6.34317e+03   -3.18769e+03   -5.94681e+05    0.00000e+00
 Position Rest.      Potential    Kinetic En.   Total Energy  Conserved En.
    1.60764e+03   -5.75912e+05    1.10048e+05   -4.65864e+05   -6.16688e+05
    Temperature Pressure (bar)   Constr. rmsd
    3.06318e+02   -1.62508e+01    3.81979e-06

           Step           Time
         282000      564.00000

   Energies (kJ/mol)
           Bond       G96Angle  Improper Dih.        LJ (SR)   Coulomb (SR)
    1.36384e+04    6.35071e+03   -3.22730e+03   -5.94184e+05    0.00000e+00
 Position Rest.      Potential    Kinetic En.   Total Energy  Conserved En.
    1.58792e+03   -5.75834e+05    1.09815e+05   -4.66019e+05   -6.16906e+05
    Temperature Pressure (bar)   Constr. rmsd
    3.05670e+02    7.71972e+00    3.92109e-06

           Step           Time
         283000      566.00000

   Energies (kJ/mol)
           Bond       G96Angle  Improper Dih.        LJ (SR)   Coulomb (SR)
    1.38104e+04    6.24546e+03   -3.24816e+03   -5.93949e+05    0.00000e+00
 Position Rest.      Potential    Kinetic En.   Total Energy  Conserved En.
    1.53424e+03   -5.75607e+05    1.09037e+05   -4.66570e+05   -6.17116e+05
    Temperature Pressure (bar)   Constr. rmsd
    3.03505e+02   -4.70326e+00    4.08457e-06

           Step           Time
         284000      568.00000

   Energies (kJ/mol)
           Bond       G96Angle  Improper Dih.        LJ (SR)   Coulomb (SR)
    1.38594e+04    6.44082e+03   -3.28372e+03   -5.94286e+05    0.00000e+00
 Position Rest.      Potential    Kinetic En.   Total Energy  Conserved En.
    1.61527e+03   -5.75654e+05    1.09815e+05   -4.65840e+05   -6.17329e+05
    Temperature Pressure (bar)   Constr. rmsd
    3.05669e+02   -1.25340e+01    3.79478e-06

           Step           Time
         285000      570.00000

   Energies (kJ/mol)
           Bond       G96Angle  Improper Dih.        LJ (SR)   Coulomb (SR)
    1.39784e+04    6.17627e+03   -3.20614e+03   -5.94140e+05    0.00000e+00
 Position Rest.      Potential    Kinetic En.   Total Energy  Conserved En.
    1.53090e+03   -5.75660e+05    1.09849e+05   -4.65812e+05   -6.17551e+05
    Temperature Pressure (bar)   Constr. rmsd
    3.05764e+02    3.23627e+00    3.75398e-06

           Step           Time
         286000      572.00000

   Energies (kJ/mol)
           Bond       G96Angle  Improper Dih.        LJ (SR)   Coulomb (SR)
    1.41517e+04    6.35687e+03   -3.25804e+03   -5.94689e+05    0.00000e+00
 Position Rest.      Potential    Kinetic En.   Total Energy  Conserved En.
    1.54062e+03   -5.75897e+05    1.09164e+05   -4.66734e+05   -6.17771e+05
    Temperature Pressure (bar)   Constr. rmsd
    3.03857e+02   -2.36821e+01    3.82984e-06

           Step           Time
         287000      574.00000

   Energies (kJ/mol)
           Bond       G96Angle  Improper Dih.        LJ (SR)   Coulomb (SR)
    1.41904e+04    6.20655e+03   -3.20301e+03   -5.94202e+05    0.00000e+00
 Position Rest.      Potential    Kinetic En.   Total Energy  Conserved En.
    1.49579e+03   -5.75512e+05    1.09993e+05   -4.65519e+05   -6.17989e+05
    Temperature Pressure (bar)   Constr. rmsd
    3.06166e+02    1.76960e+00    3.73923e-06

           Step           Time
         288000      576.00000

   Energies (kJ/mol)
           Bond       G96Angle  Improper Dih.        LJ (SR)   Coulomb (SR)
    1.36663e+04    6.09600e+03   -3.18845e+03   -5.94890e+05    0.00000e+00
 Position Rest.      Potential    Kinetic En.   Total Energy  Conserved En.
    1.58236e+03   -5.76734e+05    1.08995e+05   -4.67739e+05   -6.18205e+05
    Temperature Pressure (bar)   Constr. rmsd
    3.03389e+02   -6.84077e+00    3.82972e-06

           Step           Time
         289000      578.00000

   Energies (kJ/mol)
           Bond       G96Angle  Improper Dih.        LJ (SR)   Coulomb (SR)
    1.39396e+04    6.25390e+03   -3.23512e+03   -5.94696e+05    0.00000e+00
 Position Rest.      Potential    Kinetic En.   Total Energy  Conserved En.
    1.56879e+03   -5.76169e+05    1.08541e+05   -4.67628e+05   -6.18426e+05
    Temperature Pressure (bar)   Constr. rmsd
    3.02124e+02    3.70050e+00    3.91774e-06

           Step           Time
         290000      580.00000

   Energies (kJ/mol)
           Bond       G96Angle  Improper Dih.        LJ (SR)   Coulomb (SR)
    1.36935e+04    6.18300e+03   -3.11523e+03   -5.94369e+05    0.00000e+00
 Position Rest.      Potential    Kinetic En.   Total Energy  Conserved En.
    1.52429e+03   -5.76084e+05    1.09044e+05   -4.67039e+05   -6.18644e+05
    Temperature Pressure (bar)   Constr. rmsd
    3.03525e+02    1.14488e+01    3.84791e-06

           Step           Time
         291000      582.00000

   Energies (kJ/mol)
           Bond       G96Angle  Improper Dih.        LJ (SR)   Coulomb (SR)
    1.40549e+04    6.14579e+03   -3.13472e+03   -5.94032e+05    0.00000e+00
 Position Rest.      Potential    Kinetic En.   Total Energy  Conserved En.
    1.58682e+03   -5.75379e+05    1.09358e+05   -4.66021e+05   -6.18867e+05
    Temperature Pressure (bar)   Constr. rmsd
    3.04398e+02    4.76040e+00    3.86832e-06

           Step           Time
         292000      584.00000

   Energies (kJ/mol)
           Bond       G96Angle  Improper Dih.        LJ (SR)   Coulomb (SR)
    1.37811e+04    5.98141e+03   -3.20440e+03   -5.93409e+05    0.00000e+00
 Position Rest.      Potential    Kinetic En.   Total Energy  Conserved En.
    1.48876e+03   -5.75362e+05    1.11056e+05   -4.64306e+05   -6.19082e+05
    Temperature Pressure (bar)   Constr. rmsd
    3.09125e+02   -2.92149e+00    3.88728e-06

           Step           Time
         293000      586.00000

   Energies (kJ/mol)
           Bond       G96Angle  Improper Dih.        LJ (SR)   Coulomb (SR)
    1.36782e+04    6.17069e+03   -3.12799e+03   -5.94510e+05    0.00000e+00
 Position Rest.      Potential    Kinetic En.   Total Energy  Conserved En.
    1.54344e+03   -5.76245e+05    1.09370e+05   -4.66875e+05   -6.19291e+05
    Temperature Pressure (bar)   Constr. rmsd
    3.04431e+02   -3.23405e+01    3.70929e-06

           Step           Time
         294000      588.00000

   Energies (kJ/mol)
           Bond       G96Angle  Improper Dih.        LJ (SR)   Coulomb (SR)
    1.34154e+04    6.05243e+03   -3.20584e+03   -5.95200e+05    0.00000e+00
 Position Rest.      Potential    Kinetic En.   Total Energy  Conserved En.
    1.56656e+03   -5.77371e+05    1.09018e+05   -4.68353e+05   -6.19515e+05
    Temperature Pressure (bar)   Constr. rmsd
    3.03452e+02   -1.10984e+01    3.87654e-06

           Step           Time
         295000      590.00000

   Energies (kJ/mol)
           Bond       G96Angle  Improper Dih.        LJ (SR)   Coulomb (SR)
    1.39614e+04    6.13172e+03   -3.07541e+03   -5.94522e+05    0.00000e+00
 Position Rest.      Potential    Kinetic En.   Total Energy  Conserved En.
    1.43889e+03   -5.76065e+05    1.09211e+05   -4.66854e+05   -6.19737e+05
    Temperature Pressure (bar)   Constr. rmsd
    3.03989e+02    4.89468e+00    3.98813e-06

           Step           Time
         296000      592.00000

   Energies (kJ/mol)
           Bond       G96Angle  Improper Dih.        LJ (SR)   Coulomb (SR)
    1.33783e+04    6.13911e+03   -3.20762e+03   -5.95762e+05    0.00000e+00
 Position Rest.      Potential    Kinetic En.   Total Energy  Conserved En.
    1.53294e+03   -5.77919e+05    1.08456e+05   -4.69463e+05   -6.19939e+05
    Temperature Pressure (bar)   Constr. rmsd
    3.01887e+02   -2.41493e+01    3.92143e-06

           Step           Time
         297000      594.00000

   Energies (kJ/mol)
           Bond       G96Angle  Improper Dih.        LJ (SR)   Coulomb (SR)
    1.37275e+04    6.16467e+03   -3.18581e+03   -5.96036e+05    0.00000e+00
 Position Rest.      Potential    Kinetic En.   Total Energy  Conserved En.
    1.43428e+03   -5.77895e+05    1.09109e+05   -4.68786e+05   -6.20159e+05
    Temperature Pressure (bar)   Constr. rmsd
    3.03706e+02   -1.93888e+00    3.82613e-06

           Step           Time
         298000      596.00000

   Energies (kJ/mol)
           Bond       G96Angle  Improper Dih.        LJ (SR)   Coulomb (SR)
    1.40243e+04    6.05133e+03   -3.26176e+03   -5.95472e+05    0.00000e+00
 Position Rest.      Potential    Kinetic En.   Total Energy  Conserved En.
    1.41207e+03   -5.77246e+05    1.08024e+05   -4.69222e+05   -6.20372e+05
    Temperature Pressure (bar)   Constr. rmsd
    3.00686e+02   -3.45894e+00    3.93262e-06

           Step           Time
         299000      598.00000

   Energies (kJ/mol)
           Bond       G96Angle  Improper Dih.        LJ (SR)   Coulomb (SR)
    1.40015e+04    6.21385e+03   -3.10673e+03   -5.95250e+05    0.00000e+00
 Position Rest.      Potential    Kinetic En.   Total Energy  Conserved En.
    1.47836e+03   -5.76663e+05    1.08873e+05   -4.67789e+05   -6.20598e+05
    Temperature Pressure (bar)   Constr. rmsd
    3.03049e+02    1.81361e+01    3.94268e-06

           Step           Time
         300000      600.00000

   Energies (kJ/mol)
           Bond       G96Angle  Improper Dih.        LJ (SR)   Coulomb (SR)
    1.38900e+04    6.22313e+03   -3.28278e+03   -5.95347e+05    0.00000e+00
 Position Rest.      Potential    Kinetic En.   Total Energy  Conserved En.
    1.46186e+03   -5.77054e+05    1.09473e+05   -4.67581e+05   -6.20811e+05
    Temperature Pressure (bar)   Constr. rmsd
    3.04718e+02    1.22855e+01    3.79107e-06

           Step           Time
         301000      602.00000

   Energies (kJ/mol)
           Bond       G96Angle  Improper Dih.        LJ (SR)   Coulomb (SR)
    1.39100e+04    6.04633e+03   -3.18391e+03   -5.96340e+05    0.00000e+00
 Position Rest.      Potential    Kinetic En.   Total Energy  Conserved En.
    1.36447e+03   -5.78204e+05    1.08294e+05   -4.69909e+05   -6.21021e+05
    Temperature Pressure (bar)   Constr. rmsd
    3.01437e+02   -1.07639e+01    3.93408e-06

           Step           Time
         302000      604.00000

   Energies (kJ/mol)
           Bond       G96Angle  Improper Dih.        LJ (SR)   Coulomb (SR)
    1.37300e+04    5.95162e+03   -3.18490e+03   -5.96438e+05    0.00000e+00
 Position Rest.      Potential    Kinetic En.   Total Energy  Conserved En.
    1.39787e+03   -5.78544e+05    1.09293e+05   -4.69251e+05   -6.21243e+05
    Temperature Pressure (bar)   Constr. rmsd
    3.04217e+02    5.43126e+00    3.92066e-06

           Step           Time
         303000      606.00000

   Energies (kJ/mol)
           Bond       G96Angle  Improper Dih.        LJ (SR)   Coulomb (SR)
    1.37958e+04    6.10482e+03   -3.24892e+03   -5.96610e+05    0.00000e+00
 Position Rest.      Potential    Kinetic En.   Total Energy  Conserved En.
    1.38935e+03   -5.78569e+05    1.09051e+05   -4.69518e+05   -6.21463e+05
    Temperature Pressure (bar)   Constr. rmsd
    3.03542e+02    1.51154e+01    4.12481e-06

           Step           Time
         304000      608.00000

   Energies (kJ/mol)
           Bond       G96Angle  Improper Dih.        LJ (SR)   Coulomb (SR)
    1.42051e+04    5.94271e+03   -3.19159e+03   -5.94563e+05    0.00000e+00
 Position Rest.      Potential    Kinetic En.   Total Energy  Conserved En.
    1.42471e+03   -5.76182e+05    1.09261e+05   -4.66921e+05   -6.21682e+05
    Temperature Pressure (bar)   Constr. rmsd
    3.04128e+02    3.68400e+01    4.10596e-06

           Step           Time
         305000      610.00000

   Energies (kJ/mol)
           Bond       G96Angle  Improper Dih.        LJ (SR)   Coulomb (SR)
    1.44157e+04    5.91204e+03   -3.19125e+03   -5.94048e+05    0.00000e+00
 Position Rest.      Potential    Kinetic En.   Total Energy  Conserved En.
    1.51246e+03   -5.75399e+05    1.09919e+05   -4.65480e+05   -6.21895e+05
    Temperature Pressure (bar)   Constr. rmsd
    3.05960e+02   -1.06053e+00    3.92451e-06

           Step           Time
         306000      612.00000

   Energies (kJ/mol)
           Bond       G96Angle  Improper Dih.        LJ (SR)   Coulomb (SR)
    1.40366e+04    6.21435e+03   -3.13464e+03   -5.93750e+05    0.00000e+00
 Position Rest.      Potential    Kinetic En.   Total Energy  Conserved En.
    1.45323e+03   -5.75180e+05    1.10029e+05   -4.65151e+05   -6.22114e+05
    Temperature Pressure (bar)   Constr. rmsd
    3.06266e+02    8.53674e+00    3.95373e-06

           Step           Time
         307000      614.00000

   Energies (kJ/mol)
           Bond       G96Angle  Improper Dih.        LJ (SR)   Coulomb (SR)
    1.36029e+04    6.13154e+03   -3.15013e+03   -5.93996e+05    0.00000e+00
 Position Rest.      Potential    Kinetic En.   Total Energy  Conserved En.
    1.54644e+03   -5.75865e+05    1.10802e+05   -4.65063e+05   -6.22331e+05
    Temperature Pressure (bar)   Constr. rmsd
    3.08418e+02   -2.96136e+00    4.08099e-06

           Step           Time
         308000      616.00000

   Energies (kJ/mol)
           Bond       G96Angle  Improper Dih.        LJ (SR)   Coulomb (SR)
    1.35227e+04    5.98202e+03   -3.10328e+03   -5.94377e+05    0.00000e+00
 Position Rest.      Potential    Kinetic En.   Total Energy  Conserved En.
    1.51636e+03   -5.76459e+05    1.09132e+05   -4.67328e+05   -6.22550e+05
    Temperature Pressure (bar)   Constr. rmsd
    3.03768e+02    4.64042e+00    3.91453e-06

           Step           Time
         309000      618.00000

   Energies (kJ/mol)
           Bond       G96Angle  Improper Dih.        LJ (SR)   Coulomb (SR)
    1.38316e+04    6.09916e+03   -3.14664e+03   -5.95541e+05    0.00000e+00
 Position Rest.      Potential    Kinetic En.   Total Energy  Conserved En.
    1.44672e+03   -5.77310e+05    1.09726e+05   -4.67584e+05   -6.22764e+05
    Temperature Pressure (bar)   Constr. rmsd
    3.05423e+02   -1.33557e+01    3.95608e-06

           Step           Time
         310000      620.00000

   Energies (kJ/mol)
           Bond       G96Angle  Improper Dih.        LJ (SR)   Coulomb (SR)
    1.38662e+04    6.25135e+03   -3.21018e+03   -5.95537e+05    0.00000e+00
 Position Rest.      Potential    Kinetic En.   Total Energy  Conserved En.
    1.44760e+03   -5.77182e+05    1.09558e+05   -4.67624e+05   -6.22979e+05
    Temperature Pressure (bar)   Constr. rmsd
    3.04954e+02   -6.14613e+00    3.87254e-06

           Step           Time
         311000      622.00000

   Energies (kJ/mol)
           Bond       G96Angle  Improper Dih.        LJ (SR)   Coulomb (SR)
    1.40722e+04    6.09832e+03   -3.26806e+03   -5.94658e+05    0.00000e+00
 Position Rest.      Potential    Kinetic En.   Total Energy  Conserved En.
    1.38042e+03   -5.76375e+05    1.09655e+05   -4.66720e+05   -6.23205e+05
    Temperature Pressure (bar)   Constr. rmsd
    3.05224e+02    1.13360e+01    3.96778e-06

           Step           Time
         312000      624.00000

   Energies (kJ/mol)
           Bond       G96Angle  Improper Dih.        LJ (SR)   Coulomb (SR)
    1.37742e+04    6.13025e+03   -3.20354e+03   -5.94500e+05    0.00000e+00
 Position Rest.      Potential    Kinetic En.   Total Energy  Conserved En.
    1.39247e+03   -5.76406e+05    1.09632e+05   -4.66774e+05   -6.23420e+05
    Temperature Pressure (bar)   Constr. rmsd
    3.05162e+02    3.98497e+00    3.92567e-06

           Step           Time
         313000      626.00000

   Energies (kJ/mol)
           Bond       G96Angle  Improper Dih.        LJ (SR)   Coulomb (SR)
    1.38354e+04    6.11271e+03   -3.17871e+03   -5.94960e+05    0.00000e+00
 Position Rest.      Potential    Kinetic En.   Total Energy  Conserved En.
    1.52513e+03   -5.76666e+05    1.09361e+05   -4.67304e+05   -6.23630e+05
    Temperature Pressure (bar)   Constr. rmsd
    3.04407e+02   -1.93496e+00    3.91278e-06

           Step           Time
         314000      628.00000

   Energies (kJ/mol)
           Bond       G96Angle  Improper Dih.        LJ (SR)   Coulomb (SR)
    1.35852e+04    6.35503e+03   -3.26601e+03   -5.93643e+05    0.00000e+00
 Position Rest.      Potential    Kinetic En.   Total Energy  Conserved En.
    1.43053e+03   -5.75538e+05    1.09572e+05   -4.65966e+05   -6.23854e+05
    Temperature Pressure (bar)   Constr. rmsd
    3.04995e+02    1.10710e+01    4.05064e-06

           Step           Time
         315000      630.00000

   Energies (kJ/mol)
           Bond       G96Angle  Improper Dih.        LJ (SR)   Coulomb (SR)
    1.37603e+04    6.15623e+03   -3.19080e+03   -5.94448e+05    0.00000e+00
 Position Rest.      Potential    Kinetic En.   Total Energy  Conserved En.
    1.48108e+03   -5.76241e+05    1.09156e+05   -4.67085e+05   -6.24067e+05
    Temperature Pressure (bar)   Constr. rmsd
    3.03836e+02   -2.18201e+00    3.90548e-06

           Step           Time
         316000      632.00000

   Energies (kJ/mol)
           Bond       G96Angle  Improper Dih.        LJ (SR)   Coulomb (SR)
    1.37967e+04    6.11546e+03   -3.24775e+03   -5.94762e+05    0.00000e+00
 Position Rest.      Potential    Kinetic En.   Total Energy  Conserved En.
    1.46032e+03   -5.76637e+05    1.08604e+05   -4.68033e+05   -6.24283e+05
    Temperature Pressure (bar)   Constr. rmsd
    3.02299e+02   -8.60239e+00    3.86429e-06

           Step           Time
         317000      634.00000

   Energies (kJ/mol)
           Bond       G96Angle  Improper Dih.        LJ (SR)   Coulomb (SR)
    1.38650e+04    6.25297e+03   -3.27207e+03   -5.95589e+05    0.00000e+00
 Position Rest.      Potential    Kinetic En.   Total Energy  Conserved En.
    1.43920e+03   -5.77304e+05    1.08687e+05   -4.68617e+05   -6.24500e+05
    Temperature Pressure (bar)   Constr. rmsd
    3.02531e+02   -7.43323e+00    3.71853e-06

           Step           Time
         318000      636.00000

   Energies (kJ/mol)
           Bond       G96Angle  Improper Dih.        LJ (SR)   Coulomb (SR)
    1.43189e+04    6.03802e+03   -3.21413e+03   -5.94702e+05    0.00000e+00
 Position Rest.      Potential    Kinetic En.   Total Energy  Conserved En.
    1.45126e+03   -5.76108e+05    1.09135e+05   -4.66974e+05   -6.24718e+05
    Temperature Pressure (bar)   Constr. rmsd
    3.03776e+02    3.35440e+00    3.86129e-06

           Step           Time
         319000      638.00000

   Energies (kJ/mol)
           Bond       G96Angle  Improper Dih.        LJ (SR)   Coulomb (SR)
    1.36283e+04    6.07694e+03   -3.23930e+03   -5.94567e+05    0.00000e+00
 Position Rest.      Potential    Kinetic En.   Total Energy  Conserved En.
    1.46045e+03   -5.76641e+05    1.09544e+05   -4.67097e+05   -6.24931e+05
    Temperature Pressure (bar)   Constr. rmsd
    3.04916e+02   -7.34546e+00    3.94170e-06

           Step           Time
         320000      640.00000

   Energies (kJ/mol)
           Bond       G96Angle  Improper Dih.        LJ (SR)   Coulomb (SR)
    1.38101e+04    6.06515e+03   -3.22846e+03   -5.95196e+05    0.00000e+00
 Position Rest.      Potential    Kinetic En.   Total Energy  Conserved En.
    1.41915e+03   -5.77130e+05    1.10312e+05   -4.66818e+05   -6.25154e+05
    Temperature Pressure (bar)   Constr. rmsd
    3.07053e+02    4.13310e-02    3.90409e-06

           Step           Time
         321000      642.00000

   Energies (kJ/mol)
           Bond       G96Angle  Improper Dih.        LJ (SR)   Coulomb (SR)
    1.39563e+04    6.14745e+03   -3.17293e+03   -5.94023e+05    0.00000e+00
 Position Rest.      Potential    Kinetic En.   Total Energy  Conserved En.
    1.39752e+03   -5.75695e+05    1.09357e+05   -4.66338e+05   -6.25376e+05
    Temperature Pressure (bar)   Constr. rmsd
    3.04395e+02   -8.87747e-02    3.83487e-06

           Step           Time
         322000      644.00000

   Energies (kJ/mol)
           Bond       G96Angle  Improper Dih.        LJ (SR)   Coulomb (SR)
    1.37260e+04    6.04414e+03   -3.15137e+03   -5.92822e+05    0.00000e+00
 Position Rest.      Potential    Kinetic En.   Total Energy  Conserved En.
    1.49455e+03   -5.74708e+05    1.09765e+05   -4.64944e+05   -6.25608e+05
    Temperature Pressure (bar)   Constr. rmsd
    3.05530e+02    2.94405e+01    3.94138e-06

           Step           Time
         323000      646.00000

   Energies (kJ/mol)
           Bond       G96Angle  Improper Dih.        LJ (SR)   Coulomb (SR)
    1.40092e+04    6.02676e+03   -3.17027e+03   -5.92737e+05    0.00000e+00
 Position Rest.      Potential    Kinetic En.   Total Energy  Conserved En.
    1.48350e+03   -5.74388e+05    1.10189e+05   -4.64198e+05   -6.25828e+05
    Temperature Pressure (bar)   Constr. rmsd
    3.06712e+02    1.67905e+01    3.89622e-06

           Step           Time
         324000      648.00000

   Energies (kJ/mol)
           Bond       G96Angle  Improper Dih.        LJ (SR)   Coulomb (SR)
    1.36889e+04    6.28845e+03   -3.23373e+03   -5.93839e+05    0.00000e+00
 Position Rest.      Potential    Kinetic En.   Total Energy  Conserved En.
    1.57652e+03   -5.75519e+05    1.09621e+05   -4.65898e+05   -6.26055e+05
    Temperature Pressure (bar)   Constr. rmsd
    3.05131e+02   -1.66981e+01    3.92232e-06

           Step           Time
         325000      650.00000

   Energies (kJ/mol)
           Bond       G96Angle  Improper Dih.        LJ (SR)   Coulomb (SR)
    1.37817e+04    6.20677e+03   -3.26670e+03   -5.94342e+05    0.00000e+00
 Position Rest.      Potential    Kinetic En.   Total Energy  Conserved En.
    1.41917e+03   -5.76201e+05    1.08342e+05   -4.67859e+05   -6.26274e+05
    Temperature Pressure (bar)   Constr. rmsd
    3.01570e+02   -1.81491e+00    3.91997e-06

           Step           Time
         326000      652.00000

   Energies (kJ/mol)
           Bond       G96Angle  Improper Dih.        LJ (SR)   Coulomb (SR)
    1.36833e+04    6.40850e+03   -3.29098e+03   -5.95131e+05    0.00000e+00
 Position Rest.      Potential    Kinetic En.   Total Energy  Conserved En.
    1.49068e+03   -5.76840e+05    1.08890e+05   -4.67950e+05   -6.26491e+05
    Temperature Pressure (bar)   Constr. rmsd
    3.03095e+02   -2.94050e+00    3.68376e-06

           Step           Time
         327000      654.00000

   Energies (kJ/mol)
           Bond       G96Angle  Improper Dih.        LJ (SR)   Coulomb (SR)
    1.39743e+04    6.41485e+03   -3.23516e+03   -5.94882e+05    0.00000e+00
 Position Rest.      Potential    Kinetic En.   Total Energy  Conserved En.
    1.46295e+03   -5.76265e+05    1.08535e+05   -4.67730e+05   -6.26709e+05
    Temperature Pressure (bar)   Constr. rmsd
    3.02107e+02   -1.62091e-01    3.91782e-06

           Step           Time
         328000      656.00000

   Energies (kJ/mol)
           Bond       G96Angle  Improper Dih.        LJ (SR)   Coulomb (SR)
    1.38507e+04    6.30529e+03   -3.18269e+03   -5.93685e+05    0.00000e+00
 Position Rest.      Potential    Kinetic En.   Total Energy  Conserved En.
    1.44832e+03   -5.75264e+05    1.09562e+05   -4.65701e+05   -6.26923e+05
    Temperature Pressure (bar)   Constr. rmsd
    3.04967e+02    1.19715e+01    3.95646e-06

           Step           Time
         329000      658.00000

   Energies (kJ/mol)
           Bond       G96Angle  Improper Dih.        LJ (SR)   Coulomb (SR)
    1.42188e+04    6.12349e+03   -3.13184e+03   -5.93781e+05    0.00000e+00
 Position Rest.      Potential    Kinetic En.   Total Energy  Conserved En.
    1.47400e+03   -5.75097e+05    1.10208e+05   -4.64888e+05   -6.27152e+05
    Temperature Pressure (bar)   Constr. rmsd
    3.06766e+02   -6.13522e+00    3.91739e-06

           Step           Time
         330000      660.00000

   Energies (kJ/mol)
           Bond       G96Angle  Improper Dih.        LJ (SR)   Coulomb (SR)
    1.40464e+04    6.17422e+03   -3.27866e+03   -5.93733e+05    0.00000e+00
 Position Rest.      Potential    Kinetic En.   Total Energy  Conserved En.
    1.47243e+03   -5.75318e+05    1.09982e+05   -4.65336e+05   -6.27373e+05
    Temperature Pressure (bar)   Constr. rmsd
    3.06135e+02   -1.11866e+01    3.85067e-06

           Step           Time
         331000      662.00000

   Energies (kJ/mol)
           Bond       G96Angle  Improper Dih.        LJ (SR)   Coulomb (SR)
    1.41764e+04    6.22728e+03   -3.13255e+03   -5.94217e+05    0.00000e+00
 Position Rest.      Potential    Kinetic En.   Total Energy  Conserved En.
    1.42957e+03   -5.75517e+05    1.09388e+05   -4.66129e+05   -6.27582e+05
    Temperature Pressure (bar)   Constr. rmsd
    3.04482e+02   -7.74405e+00    3.81418e-06

           Step           Time
         332000      664.00000

   Energies (kJ/mol)
           Bond       G96Angle  Improper Dih.        LJ (SR)   Coulomb (SR)
    1.36545e+04    6.38723e+03   -3.21837e+03   -5.95657e+05    0.00000e+00
 Position Rest.      Potential    Kinetic En.   Total Energy  Conserved En.
    1.46538e+03   -5.77368e+05    1.09873e+05   -4.67495e+05   -6.27800e+05
    Temperature Pressure (bar)   Constr. rmsd
    3.05833e+02   -3.19489e+01    3.68042e-06

           Step           Time
         333000      666.00000

   Energies (kJ/mol)
           Bond       G96Angle  Improper Dih.        LJ (SR)   Coulomb (SR)
    1.38415e+04    6.11629e+03   -3.24616e+03   -5.96605e+05    0.00000e+00
 Position Rest.      Potential    Kinetic En.   Total Energy  Conserved En.
    1.45455e+03   -5.78439e+05    1.08913e+05   -4.69526e+05   -6.28013e+05
    Temperature Pressure (bar)   Constr. rmsd
    3.03160e+02   -7.10023e+00    3.77083e-06

           Step           Time
         334000      668.00000

   Energies (kJ/mol)
           Bond       G96Angle  Improper Dih.        LJ (SR)   Coulomb (SR)
    1.38156e+04    5.99744e+03   -3.27203e+03   -5.94925e+05    0.00000e+00
 Position Rest.      Potential    Kinetic En.   Total Energy  Conserved En.
    1.46633e+03   -5.76918e+05    1.08852e+05   -4.68065e+05   -6.28237e+05
    Temperature Pressure (bar)   Constr. rmsd
    3.02991e+02    3.13365e+01    3.97001e-06

           Step           Time
         335000      670.00000

   Energies (kJ/mol)
           Bond       G96Angle  Improper Dih.        LJ (SR)   Coulomb (SR)
    1.36786e+04    6.00128e+03   -3.20069e+03   -5.95219e+05    0.00000e+00
 Position Rest.      Potential    Kinetic En.   Total Energy  Conserved En.
    1.42062e+03   -5.77319e+05    1.09458e+05   -4.67861e+05   -6.28457e+05
    Temperature Pressure (bar)   Constr. rmsd
    3.04677e+02    3.06058e+00    4.09255e-06

           Step           Time
         336000      672.00000

   Energies (kJ/mol)
           Bond       G96Angle  Improper Dih.        LJ (SR)   Coulomb (SR)
    1.35324e+04    6.05379e+03   -3.14302e+03   -5.94831e+05    0.00000e+00
 Position Rest.      Potential    Kinetic En.   Total Energy  Conserved En.
    1.43719e+03   -5.76950e+05    1.09878e+05   -4.67072e+05   -6.28677e+05
    Temperature Pressure (bar)   Constr. rmsd
    3.05847e+02    1.73731e+00    3.67760e-06

           Step           Time
         337000      674.00000

   Energies (kJ/mol)
           Bond       G96Angle  Improper Dih.        LJ (SR)   Coulomb (SR)
    1.37826e+04    6.09495e+03   -3.17930e+03   -5.94310e+05    0.00000e+00
 Position Rest.      Potential    Kinetic En.   Total Energy  Conserved En.
    1.50142e+03   -5.76110e+05    1.09545e+05   -4.66565e+05   -6.28891e+05
    Temperature Pressure (bar)   Constr. rmsd
    3.04920e+02    7.81411e+00    3.99444e-06

           Step           Time
         338000      676.00000

   Energies (kJ/mol)
           Bond       G96Angle  Improper Dih.        LJ (SR)   Coulomb (SR)
    1.35273e+04    6.19190e+03   -3.24551e+03   -5.94181e+05    0.00000e+00
 Position Rest.      Potential    Kinetic En.   Total Energy  Conserved En.
    1.49374e+03   -5.76213e+05    1.09563e+05   -4.66650e+05   -6.29103e+05
    Temperature Pressure (bar)   Constr. rmsd
    3.04968e+02    5.29817e+00    3.90912e-06

           Step           Time
         339000      678.00000

   Energies (kJ/mol)
           Bond       G96Angle  Improper Dih.        LJ (SR)   Coulomb (SR)
    1.38553e+04    6.12416e+03   -3.18031e+03   -5.95140e+05    0.00000e+00
 Position Rest.      Potential    Kinetic En.   Total Energy  Conserved En.
    1.34401e+03   -5.76996e+05    1.09640e+05   -4.67357e+05   -6.29320e+05
    Temperature Pressure (bar)   Constr. rmsd
    3.05183e+02   -1.32104e+01    3.91823e-06

           Step           Time
         340000      680.00000

   Energies (kJ/mol)
           Bond       G96Angle  Improper Dih.        LJ (SR)   Coulomb (SR)
    1.39144e+04    6.17730e+03   -3.17679e+03   -5.95028e+05    0.00000e+00
 Position Rest.      Potential    Kinetic En.   Total Energy  Conserved En.
    1.54102e+03   -5.76572e+05    1.09471e+05   -4.67101e+05   -6.29547e+05
    Temperature Pressure (bar)   Constr. rmsd
    3.04712e+02    1.14588e+01    3.93634e-06

           Step           Time
         341000      682.00000

   Energies (kJ/mol)
           Bond       G96Angle  Improper Dih.        LJ (SR)   Coulomb (SR)
    1.39630e+04    6.30530e+03   -3.22904e+03   -5.94792e+05    0.00000e+00
 Position Rest.      Potential    Kinetic En.   Total Energy  Conserved En.
    1.47236e+03   -5.76280e+05    1.08798e+05   -4.67483e+05   -6.29764e+05
    Temperature Pressure (bar)   Constr. rmsd
    3.02838e+02    8.58432e+00    4.02954e-06

           Step           Time
         342000      684.00000

   Energies (kJ/mol)
           Bond       G96Angle  Improper Dih.        LJ (SR)   Coulomb (SR)
    1.41226e+04    6.12340e+03   -3.28783e+03   -5.93520e+05    0.00000e+00
 Position Rest.      Potential    Kinetic En.   Total Energy  Conserved En.
    1.44882e+03   -5.75113e+05    1.10144e+05   -4.64969e+05   -6.29982e+05
    Temperature Pressure (bar)   Constr. rmsd
    3.06586e+02    1.68605e+01    3.83758e-06

           Step           Time
         343000      686.00000

   Energies (kJ/mol)
           Bond       G96Angle  Improper Dih.        LJ (SR)   Coulomb (SR)
    1.38389e+04    6.17722e+03   -3.35052e+03   -5.93081e+05    0.00000e+00
 Position Rest.      Potential    Kinetic En.   Total Energy  Conserved En.
    1.47345e+03   -5.74942e+05    1.09880e+05   -4.65062e+05   -6.30192e+05
    Temperature Pressure (bar)   Constr. rmsd
    3.05850e+02   -6.21988e+00    3.66848e-06

           Step           Time
         344000      688.00000

   Energies (kJ/mol)
           Bond       G96Angle  Improper Dih.        LJ (SR)   Coulomb (SR)
    1.36974e+04    6.15471e+03   -3.23263e+03   -5.94707e+05    0.00000e+00
 Position Rest.      Potential    Kinetic En.   Total Energy  Conserved En.
    1.52262e+03   -5.76565e+05    1.08808e+05   -4.67757e+05   -6.30407e+05
    Temperature Pressure (bar)   Constr. rmsd
    3.02866e+02   -1.55053e+01    3.78405e-06

           Step           Time
         345000      690.00000

   Energies (kJ/mol)
           Bond       G96Angle  Improper Dih.        LJ (SR)   Coulomb (SR)
    1.39285e+04    6.20592e+03   -3.18447e+03   -5.95699e+05    0.00000e+00
 Position Rest.      Potential    Kinetic En.   Total Energy  Conserved En.
    1.48261e+03   -5.77267e+05    1.09747e+05   -4.67520e+05   -6.30631e+05
    Temperature Pressure (bar)   Constr. rmsd
    3.05481e+02   -1.76942e+01    4.07871e-06

           Step           Time
         346000      692.00000

   Energies (kJ/mol)
           Bond       G96Angle  Improper Dih.        LJ (SR)   Coulomb (SR)
    1.40021e+04    6.00618e+03   -3.25610e+03   -5.95933e+05    0.00000e+00
 Position Rest.      Potential    Kinetic En.   Total Energy  Conserved En.
    1.36561e+03   -5.77815e+05    1.08236e+05   -4.69580e+05   -6.30851e+05
    Temperature Pressure (bar)   Constr. rmsd
    3.01274e+02   -9.31542e+00    3.92409e-06

           Step           Time
         347000      694.00000

   Energies (kJ/mol)
           Bond       G96Angle  Improper Dih.        LJ (SR)   Coulomb (SR)
    1.37104e+04    6.24266e+03   -3.19044e+03   -5.95329e+05    0.00000e+00
 Position Rest.      Potential    Kinetic En.   Total Energy  Conserved En.
    1.42300e+03   -5.77143e+05    1.09363e+05   -4.67780e+05   -6.31077e+05
    Temperature Pressure (bar)   Constr. rmsd
    3.04412e+02    1.67793e+01    3.94170e-06

           Step           Time
         348000      696.00000

   Energies (kJ/mol)
           Bond       G96Angle  Improper Dih.        LJ (SR)   Coulomb (SR)
    1.37390e+04    6.17037e+03   -3.07929e+03   -5.94867e+05    0.00000e+00
 Position Rest.      Potential    Kinetic En.   Total Energy  Conserved En.
    1.38938e+03   -5.76648e+05    1.10651e+05   -4.65997e+05   -6.31286e+05
    Temperature Pressure (bar)   Constr. rmsd
    3.07998e+02    1.16831e+01    3.68377e-06

           Step           Time
         349000      698.00000

   Energies (kJ/mol)
           Bond       G96Angle  Improper Dih.        LJ (SR)   Coulomb (SR)
    1.41051e+04    6.16985e+03   -3.11389e+03   -5.92934e+05    0.00000e+00
 Position Rest.      Potential    Kinetic En.   Total Energy  Conserved En.
    1.44396e+03   -5.74329e+05    1.11251e+05   -4.63078e+05   -6.31504e+05
    Temperature Pressure (bar)   Constr. rmsd
    3.09667e+02    1.67935e+01    4.03481e-06

           Step           Time
         350000      700.00000

   Energies (kJ/mol)
           Bond       G96Angle  Improper Dih.        LJ (SR)   Coulomb (SR)
    1.38525e+04    6.21663e+03   -3.21813e+03   -5.93031e+05    0.00000e+00
 Position Rest.      Potential    Kinetic En.   Total Energy  Conserved En.
    1.43438e+03   -5.74746e+05    1.11053e+05   -4.63692e+05   -6.31725e+05
    Temperature Pressure (bar)   Constr. rmsd
    3.09117e+02   -8.53734e-01    3.91835e-06

           Step           Time
         351000      702.00000

   Energies (kJ/mol)
           Bond       G96Angle  Improper Dih.        LJ (SR)   Coulomb (SR)
    1.41358e+04    5.97777e+03   -3.12271e+03   -5.92474e+05    0.00000e+00
 Position Rest.      Potential    Kinetic En.   Total Energy  Conserved En.
    1.46454e+03   -5.74019e+05    1.10044e+05   -4.63975e+05   -6.31938e+05
    Temperature Pressure (bar)   Constr. rmsd
    3.06309e+02   -1.28471e+00    3.91144e-06

           Step           Time
         352000      704.00000

   Energies (kJ/mol)
           Bond       G96Angle  Improper Dih.        LJ (SR)   Coulomb (SR)
    1.41728e+04    6.26132e+03   -3.09237e+03   -5.92194e+05    0.00000e+00
 Position Rest.      Potential    Kinetic En.   Total Energy  Conserved En.
    1.42764e+03   -5.73424e+05    1.09572e+05   -4.63852e+05   -6.32169e+05
    Temperature Pressure (bar)   Constr. rmsd
    3.04994e+02    2.41235e+01    3.99493e-06

           Step           Time
         353000      706.00000

   Energies (kJ/mol)
           Bond       G96Angle  Improper Dih.        LJ (SR)   Coulomb (SR)
    1.35220e+04    6.06189e+03   -3.21805e+03   -5.94740e+05    0.00000e+00
 Position Rest.      Potential    Kinetic En.   Total Energy  Conserved En.
    1.43276e+03   -5.76941e+05    1.08564e+05   -4.68377e+05   -6.32381e+05
    Temperature Pressure (bar)   Constr. rmsd
    3.02189e+02   -2.04030e+01    3.92559e-06

           Step           Time
         354000      708.00000

   Energies (kJ/mol)
           Bond       G96Angle  Improper Dih.        LJ (SR)   Coulomb (SR)
    1.36752e+04    6.14108e+03   -3.19475e+03   -5.95361e+05    0.00000e+00
 Position Rest.      Potential    Kinetic En.   Total Energy  Conserved En.
    1.42294e+03   -5.77317e+05    1.09831e+05   -4.67486e+05   -6.32605e+05
    Temperature Pressure (bar)   Constr. rmsd
    3.05716e+02    1.05703e+01    3.81763e-06

           Step           Time
         355000      710.00000

   Energies (kJ/mol)
           Bond       G96Angle  Improper Dih.        LJ (SR)   Coulomb (SR)
    1.38669e+04    6.02753e+03   -3.26899e+03   -5.94589e+05    0.00000e+00
 Position Rest.      Potential    Kinetic En.   Total Energy  Conserved En.
    1.55547e+03   -5.76408e+05    1.09392e+05   -4.67016e+05   -6.32822e+05
    Temperature Pressure (bar)   Constr. rmsd
    3.04494e+02    1.00768e+01    3.88513e-06

           Step           Time
         356000      712.00000

   Energies (kJ/mol)
           Bond       G96Angle  Improper Dih.        LJ (SR)   Coulomb (SR)
    1.40705e+04    6.19198e+03   -3.16497e+03   -5.94501e+05    0.00000e+00
 Position Rest.      Potential    Kinetic En.   Total Energy  Conserved En.
    1.52614e+03   -5.75878e+05    1.09376e+05   -4.66501e+05   -6.33043e+05
    Temperature Pressure (bar)   Constr. rmsd
    3.04450e+02   -1.72879e+00    3.89932e-06

           Step           Time
         357000      714.00000

   Energies (kJ/mol)
           Bond       G96Angle  Improper Dih.        LJ (SR)   Coulomb (SR)
    1.39523e+04    6.13368e+03   -3.18857e+03   -5.93918e+05    0.00000e+00
 Position Rest.      Potential    Kinetic En.   Total Energy  Conserved En.
    1.52683e+03   -5.75494e+05    1.10233e+05   -4.65261e+05   -6.33256e+05
    Temperature Pressure (bar)   Constr. rmsd
    3.06834e+02    8.70986e+00    3.75687e-06

           Step           Time
         358000      716.00000

   Energies (kJ/mol)
           Bond       G96Angle  Improper Dih.        LJ (SR)   Coulomb (SR)
    1.38578e+04    6.17001e+03   -3.15691e+03   -5.94488e+05    0.00000e+00
 Position Rest.      Potential    Kinetic En.   Total Energy  Conserved En.
    1.52827e+03   -5.76089e+05    1.08923e+05   -4.67166e+05   -6.33474e+05
    Temperature Pressure (bar)   Constr. rmsd
    3.03188e+02   -5.85055e+00    3.78861e-06

           Step           Time
         359000      718.00000

   Energies (kJ/mol)
           Bond       G96Angle  Improper Dih.        LJ (SR)   Coulomb (SR)
    1.44403e+04    6.12106e+03   -3.26698e+03   -5.94514e+05    0.00000e+00
 Position Rest.      Potential    Kinetic En.   Total Energy  Conserved En.
    1.51754e+03   -5.75702e+05    1.09869e+05   -4.65833e+05   -6.33699e+05
    Temperature Pressure (bar)   Constr. rmsd
    3.05820e+02    1.35980e+01    3.83304e-06

           Step           Time
         360000      720.00000

   Energies (kJ/mol)
           Bond       G96Angle  Improper Dih.        LJ (SR)   Coulomb (SR)
    1.39955e+04    6.11490e+03   -3.20892e+03   -5.95221e+05    0.00000e+00
 Position Rest.      Potential    Kinetic En.   Total Energy  Conserved En.
    1.54255e+03   -5.76777e+05    1.08662e+05   -4.68115e+05   -6.33907e+05
    Temperature Pressure (bar)   Constr. rmsd
    3.02462e+02   -1.39437e+01    3.62879e-06

           Step           Time
         361000      722.00000

   Energies (kJ/mol)
           Bond       G96Angle  Improper Dih.        LJ (SR)   Coulomb (SR)
    1.35565e+04    5.97539e+03   -3.27622e+03   -5.94460e+05    0.00000e+00
 Position Rest.      Potential    Kinetic En.   Total Energy  Conserved En.
    1.50039e+03   -5.76704e+05    1.10690e+05   -4.66014e+05   -6.34127e+05
    Temperature Pressure (bar)   Constr. rmsd
    3.08107e+02   -9.08119e+00    3.80310e-06

           Step           Time
         362000      724.00000

   Energies (kJ/mol)
           Bond       G96Angle  Improper Dih.        LJ (SR)   Coulomb (SR)
    1.33964e+04    6.08545e+03   -3.26757e+03   -5.94083e+05    0.00000e+00
 Position Rest.      Potential    Kinetic En.   Total Energy  Conserved En.
    1.52315e+03   -5.76346e+05    1.08775e+05   -4.67570e+05   -6.34355e+05
    Temperature Pressure (bar)   Constr. rmsd
    3.02777e+02    1.24801e+01    3.91524e-06

           Step           Time
         363000      726.00000

   Energies (kJ/mol)
           Bond       G96Angle  Improper Dih.        LJ (SR)   Coulomb (SR)
    1.41357e+04    6.24173e+03   -3.15837e+03   -5.93313e+05    0.00000e+00
 Position Rest.      Potential    Kinetic En.   Total Energy  Conserved En.
    1.55442e+03   -5.74539e+05    1.10630e+05   -4.63909e+05   -6.34565e+05
    Temperature Pressure (bar)   Constr. rmsd
    3.07939e+02    1.58077e+01    3.95606e-06

           Step           Time
         364000      728.00000

   Energies (kJ/mol)
           Bond       G96Angle  Improper Dih.        LJ (SR)   Coulomb (SR)
    1.41245e+04    6.28033e+03   -3.16009e+03   -5.93363e+05    0.00000e+00
 Position Rest.      Potential    Kinetic En.   Total Energy  Conserved En.
    1.54879e+03   -5.74570e+05    1.09862e+05   -4.64708e+05   -6.34785e+05
    Temperature Pressure (bar)   Constr. rmsd
    3.05801e+02    1.42058e-01    3.89024e-06

           Step           Time
         365000      730.00000

   Energies (kJ/mol)
           Bond       G96Angle  Improper Dih.        LJ (SR)   Coulomb (SR)
    1.37164e+04    6.17524e+03   -3.26598e+03   -5.93939e+05    0.00000e+00
 Position Rest.      Potential    Kinetic En.   Total Energy  Conserved En.
    1.48042e+03   -5.75833e+05    1.09888e+05   -4.65946e+05   -6.35002e+05
    Temperature Pressure (bar)   Constr. rmsd
    3.05873e+02   -5.77161e+00    3.85404e-06

           Step           Time
         366000      732.00000

   Energies (kJ/mol)
           Bond       G96Angle  Improper Dih.        LJ (SR)   Coulomb (SR)
    1.39346e+04    6.18457e+03   -3.16338e+03   -5.94471e+05    0.00000e+00
 Position Rest.      Potential    Kinetic En.   Total Energy  Conserved En.
    1.49997e+03   -5.76016e+05    1.10745e+05   -4.65270e+05   -6.35231e+05
    Temperature Pressure (bar)   Constr. rmsd
    3.08260e+02   -1.05459e+01    3.89474e-06

           Step           Time
         367000      734.00000

   Energies (kJ/mol)
           Bond       G96Angle  Improper Dih.        LJ (SR)   Coulomb (SR)
    1.42629e+04    6.10981e+03   -3.17967e+03   -5.94454e+05    0.00000e+00
 Position Rest.      Potential    Kinetic En.   Total Energy  Conserved En.
    1.55939e+03   -5.75702e+05    1.10507e+05   -4.65195e+05   -6.35457e+05
    Temperature Pressure (bar)   Constr. rmsd
    3.07596e+02    5.74453e-01    4.04771e-06

           Step           Time
         368000      736.00000

   Energies (kJ/mol)
           Bond       G96Angle  Improper Dih.        LJ (SR)   Coulomb (SR)
    1.38452e+04    6.05985e+03   -3.10916e+03   -5.94753e+05    0.00000e+00
 Position Rest.      Potential    Kinetic En.   Total Energy  Conserved En.
    1.48294e+03   -5.76474e+05    1.09370e+05   -4.67105e+05   -6.35677e+05
    Temperature Pressure (bar)   Constr. rmsd
    3.04431e+02   -9.17764e+00    3.76938e-06

           Step           Time
         369000      738.00000

   Energies (kJ/mol)
           Bond       G96Angle  Improper Dih.        LJ (SR)   Coulomb (SR)
    1.36913e+04    6.16336e+03   -3.28588e+03   -5.94570e+05    0.00000e+00
 Position Rest.      Potential    Kinetic En.   Total Energy  Conserved En.
    1.48767e+03   -5.76513e+05    1.10459e+05   -4.66055e+05   -6.35891e+05
    Temperature Pressure (bar)   Constr. rmsd
    3.07462e+02   -6.77702e+00    3.93053e-06

           Step           Time
         370000      740.00000

   Energies (kJ/mol)
           Bond       G96Angle  Improper Dih.        LJ (SR)   Coulomb (SR)
    1.39299e+04    6.11465e+03   -3.19096e+03   -5.94081e+05    0.00000e+00
 Position Rest.      Potential    Kinetic En.   Total Energy  Conserved En.
    1.42285e+03   -5.75804e+05    1.09178e+05   -4.66626e+05   -6.36108e+05
    Temperature Pressure (bar)   Constr. rmsd
    3.03898e+02    1.24412e+01    3.70279e-06

           Step           Time
         371000      742.00000

   Energies (kJ/mol)
           Bond       G96Angle  Improper Dih.        LJ (SR)   Coulomb (SR)
    1.40991e+04    6.24517e+03   -3.22682e+03   -5.94275e+05    0.00000e+00
 Position Rest.      Potential    Kinetic En.   Total Energy  Conserved En.
    1.56449e+03   -5.75593e+05    1.10585e+05   -4.65009e+05   -6.36327e+05
    Temperature Pressure (bar)   Constr. rmsd
    3.07813e+02   -1.46895e+01    3.97137e-06

           Step           Time
         372000      744.00000

   Energies (kJ/mol)
           Bond       G96Angle  Improper Dih.        LJ (SR)   Coulomb (SR)
    1.34779e+04    6.16103e+03   -3.21093e+03   -5.94212e+05    0.00000e+00
 Position Rest.      Potential    Kinetic En.   Total Energy  Conserved En.
    1.51136e+03   -5.76272e+05    1.08927e+05   -4.67345e+05   -6.36553e+05
    Temperature Pressure (bar)   Constr. rmsd
    3.03199e+02    4.88133e+00    3.81947e-06

           Step           Time
         373000      746.00000

   Energies (kJ/mol)
           Bond       G96Angle  Improper Dih.        LJ (SR)   Coulomb (SR)
    1.38486e+04    6.11174e+03   -3.14301e+03   -5.93660e+05    0.00000e+00
 Position Rest.      Potential    Kinetic En.   Total Energy  Conserved En.
    1.45854e+03   -5.75384e+05    1.09755e+05   -4.65629e+05   -6.36773e+05
    Temperature Pressure (bar)   Constr. rmsd
    3.05502e+02    5.67683e+00    3.88819e-06

           Step           Time
         374000      748.00000

   Energies (kJ/mol)
           Bond       G96Angle  Improper Dih.        LJ (SR)   Coulomb (SR)
    1.37510e+04    6.11677e+03   -3.29077e+03   -5.95153e+05    0.00000e+00
 Position Rest.      Potential    Kinetic En.   Total Energy  Conserved En.
    1.52408e+03   -5.77052e+05    1.09081e+05   -4.67971e+05   -6.36988e+05
    Temperature Pressure (bar)   Constr. rmsd
    3.03627e+02   -1.44873e+01    3.93767e-06

           Step           Time
         375000      750.00000

   Energies (kJ/mol)
           Bond       G96Angle  Improper Dih.        LJ (SR)   Coulomb (SR)
    1.37777e+04    6.29800e+03   -3.25201e+03   -5.95401e+05    0.00000e+00
 Position Rest.      Potential    Kinetic En.   Total Energy  Conserved En.
    1.57001e+03   -5.77008e+05    1.08471e+05   -4.68536e+05   -6.37213e+05
    Temperature Pressure (bar)   Constr. rmsd
    3.01929e+02   -5.77307e+00    3.97524e-06

           Step           Time
         376000      752.00000

   Energies (kJ/mol)
           Bond       G96Angle  Improper Dih.        LJ (SR)   Coulomb (SR)
    1.38154e+04    6.00272e+03   -3.21803e+03   -5.95146e+05    0.00000e+00
 Position Rest.      Potential    Kinetic En.   Total Energy  Conserved En.
    1.46098e+03   -5.77085e+05    1.09544e+05   -4.67541e+05   -6.37440e+05
    Temperature Pressure (bar)   Constr. rmsd
    3.04916e+02    6.83078e+00    4.06347e-06

           Step           Time
         377000      754.00000

   Energies (kJ/mol)
           Bond       G96Angle  Improper Dih.        LJ (SR)   Coulomb (SR)
    1.37568e+04    6.16093e+03   -3.24440e+03   -5.96119e+05    0.00000e+00
 Position Rest.      Potential    Kinetic En.   Total Energy  Conserved En.
    1.52716e+03   -5.77918e+05    1.09159e+05   -4.68760e+05   -6.37655e+05
    Temperature Pressure (bar)   Constr. rmsd
    3.03843e+02   -1.40763e+01    3.77876e-06

           Step           Time
         378000      756.00000

   Energies (kJ/mol)
           Bond       G96Angle  Improper Dih.        LJ (SR)   Coulomb (SR)
    1.40169e+04    6.27137e+03   -3.15615e+03   -5.94024e+05    0.00000e+00
 Position Rest.      Potential    Kinetic En.   Total Energy  Conserved En.
    1.49839e+03   -5.75393e+05    1.09059e+05   -4.66334e+05   -6.37878e+05
    Temperature Pressure (bar)   Constr. rmsd
    3.03566e+02    2.96961e+01    3.86812e-06

           Step           Time
         379000      758.00000

   Energies (kJ/mol)
           Bond       G96Angle  Improper Dih.        LJ (SR)   Coulomb (SR)
    1.39174e+04    6.23377e+03   -3.13346e+03   -5.94341e+05    0.00000e+00
 Position Rest.      Potential    Kinetic En.   Total Energy  Conserved En.
    1.53405e+03   -5.75789e+05    1.09553e+05   -4.66236e+05   -6.38089e+05
    Temperature Pressure (bar)   Constr. rmsd
    3.04942e+02   -1.82265e+01    3.89733e-06

           Step           Time
         380000      760.00000

   Energies (kJ/mol)
           Bond       G96Angle  Improper Dih.        LJ (SR)   Coulomb (SR)
    1.36691e+04    6.09913e+03   -3.19339e+03   -5.94663e+05    0.00000e+00
 Position Rest.      Potential    Kinetic En.   Total Energy  Conserved En.
    1.50002e+03   -5.76588e+05    1.08299e+05   -4.68289e+05   -6.38304e+05
    Temperature Pressure (bar)   Constr. rmsd
    3.01451e+02   -1.17355e+01    3.84180e-06

           Step           Time
         381000      762.00000

   Energies (kJ/mol)
           Bond       G96Angle  Improper Dih.        LJ (SR)   Coulomb (SR)
    1.42404e+04    6.35974e+03   -3.21927e+03   -5.94629e+05    0.00000e+00
 Position Rest.      Potential    Kinetic En.   Total Energy  Conserved En.
    1.48720e+03   -5.75761e+05    1.10247e+05   -4.65514e+05   -6.38527e+05
    Temperature Pressure (bar)   Constr. rmsd
    3.06873e+02   -1.13891e+01    3.89043e-06

           Step           Time
         382000      764.00000

   Energies (kJ/mol)
           Bond       G96Angle  Improper Dih.        LJ (SR)   Coulomb (SR)
    1.39167e+04    6.30985e+03   -3.20221e+03   -5.93719e+05    0.00000e+00
 Position Rest.      Potential    Kinetic En.   Total Energy  Conserved En.
    1.53732e+03   -5.75157e+05    1.09533e+05   -4.65624e+05   -6.38745e+05
    Temperature Pressure (bar)   Constr. rmsd
    3.04885e+02   -2.96291e+00    3.93379e-06

           Step           Time
         383000      766.00000

   Energies (kJ/mol)
           Bond       G96Angle  Improper Dih.        LJ (SR)   Coulomb (SR)
    1.38082e+04    6.38674e+03   -3.19059e+03   -5.94583e+05    0.00000e+00
 Position Rest.      Potential    Kinetic En.   Total Energy  Conserved En.
    1.44202e+03   -5.76137e+05    1.09572e+05   -4.66565e+05   -6.38971e+05
    Temperature Pressure (bar)   Constr. rmsd
    3.04994e+02    6.67269e+00    3.87506e-06

           Step           Time
         384000      768.00000

   Energies (kJ/mol)
           Bond       G96Angle  Improper Dih.        LJ (SR)   Coulomb (SR)
    1.34879e+04    6.25230e+03   -3.22120e+03   -5.94725e+05    0.00000e+00
 Position Rest.      Potential    Kinetic En.   Total Energy  Conserved En.
    1.52473e+03   -5.76681e+05    1.08973e+05   -4.67708e+05   -6.39196e+05
    Temperature Pressure (bar)   Constr. rmsd
    3.03327e+02   -1.10492e-01    4.10444e-06

           Step           Time
         385000      770.00000

   Energies (kJ/mol)
           Bond       G96Angle  Improper Dih.        LJ (SR)   Coulomb (SR)
    1.37724e+04    6.33785e+03   -3.12782e+03   -5.95695e+05    0.00000e+00
 Position Rest.      Potential    Kinetic En.   Total Energy  Conserved En.
    1.47668e+03   -5.77236e+05    1.09808e+05   -4.67428e+05   -6.39416e+05
    Temperature Pressure (bar)   Constr. rmsd
    3.05652e+02   -1.47291e+01    3.84816e-06

           Step           Time
         386000      772.00000

   Energies (kJ/mol)
           Bond       G96Angle  Improper Dih.        LJ (SR)   Coulomb (SR)
    1.38754e+04    6.35043e+03   -3.09431e+03   -5.94709e+05    0.00000e+00
 Position Rest.      Potential    Kinetic En.   Total Energy  Conserved En.
    1.53497e+03   -5.76043e+05    1.09219e+05   -4.66824e+05   -6.39649e+05
    Temperature Pressure (bar)   Constr. rmsd
    3.04012e+02    1.56355e+01    3.85668e-06

           Step           Time
         387000      774.00000

   Energies (kJ/mol)
           Bond       G96Angle  Improper Dih.        LJ (SR)   Coulomb (SR)
    1.41745e+04    6.19271e+03   -3.13728e+03   -5.95097e+05    0.00000e+00
 Position Rest.      Potential    Kinetic En.   Total Energy  Conserved En.
    1.46453e+03   -5.76402e+05    1.08854e+05   -4.67549e+05   -6.39869e+05
    Temperature Pressure (bar)   Constr. rmsd
    3.02994e+02    1.10835e+00    3.86114e-06

           Step           Time
         388000      776.00000

   Energies (kJ/mol)
           Bond       G96Angle  Improper Dih.        LJ (SR)   Coulomb (SR)
    1.37605e+04    6.02034e+03   -3.16012e+03   -5.94314e+05    0.00000e+00
 Position Rest.      Potential    Kinetic En.   Total Energy  Conserved En.
    1.57671e+03   -5.76117e+05    1.09337e+05   -4.66780e+05   -6.40091e+05
    Temperature Pressure (bar)   Constr. rmsd
    3.04339e+02    3.03519e+01    3.79382e-06

           Step           Time
         389000      778.00000

   Energies (kJ/mol)
           Bond       G96Angle  Improper Dih.        LJ (SR)   Coulomb (SR)
    1.41717e+04    6.20429e+03   -3.27785e+03   -5.94846e+05    0.00000e+00
 Position Rest.      Potential    Kinetic En.   Total Energy  Conserved En.
    1.45089e+03   -5.76297e+05    1.09058e+05   -4.67239e+05   -6.40300e+05
    Temperature Pressure (bar)   Constr. rmsd
    3.03564e+02    4.98028e+00    3.82083e-06

           Step           Time
         390000      780.00000

   Energies (kJ/mol)
           Bond       G96Angle  Improper Dih.        LJ (SR)   Coulomb (SR)
    1.40403e+04    6.05887e+03   -3.29772e+03   -5.94791e+05    0.00000e+00
 Position Rest.      Potential    Kinetic En.   Total Energy  Conserved En.
    1.63251e+03   -5.76357e+05    1.09559e+05   -4.66798e+05   -6.40514e+05
    Temperature Pressure (bar)   Constr. rmsd
    3.04958e+02   -8.87153e+00    3.75867e-06

           Step           Time
         391000      782.00000

   Energies (kJ/mol)
           Bond       G96Angle  Improper Dih.        LJ (SR)   Coulomb (SR)
    1.41279e+04    6.25103e+03   -3.17952e+03   -5.94265e+05    0.00000e+00
 Position Rest.      Potential    Kinetic En.   Total Energy  Conserved En.
    1.58281e+03   -5.75483e+05    1.10101e+05   -4.65382e+05   -6.40735e+05
    Temperature Pressure (bar)   Constr. rmsd
    3.06466e+02    7.75912e+00    3.89067e-06

           Step           Time
         392000      784.00000

   Energies (kJ/mol)
           Bond       G96Angle  Improper Dih.        LJ (SR)   Coulomb (SR)
    1.39263e+04    6.30489e+03   -3.11757e+03   -5.93773e+05    0.00000e+00
 Position Rest.      Potential    Kinetic En.   Total Energy  Conserved En.
    1.55710e+03   -5.75102e+05    1.09379e+05   -4.65724e+05   -6.40959e+05
    Temperature Pressure (bar)   Constr. rmsd
    3.04456e+02    1.04661e+01    3.72185e-06

           Step           Time
         393000      786.00000

   Energies (kJ/mol)
           Bond       G96Angle  Improper Dih.        LJ (SR)   Coulomb (SR)
    1.40284e+04    6.20765e+03   -3.23954e+03   -5.94778e+05    0.00000e+00
 Position Rest.      Potential    Kinetic En.   Total Energy  Conserved En.
    1.51190e+03   -5.76270e+05    1.09117e+05   -4.67153e+05   -6.41173e+05
    Temperature Pressure (bar)   Constr. rmsd
    3.03728e+02   -1.42022e+00    4.11259e-06

           Step           Time
         394000      788.00000

   Energies (kJ/mol)
           Bond       G96Angle  Improper Dih.        LJ (SR)   Coulomb (SR)
    1.37770e+04    6.43764e+03   -3.22317e+03   -5.95093e+05    0.00000e+00
 Position Rest.      Potential    Kinetic En.   Total Energy  Conserved En.
    1.58191e+03   -5.76519e+05    1.08472e+05   -4.68048e+05   -6.41386e+05
    Temperature Pressure (bar)   Constr. rmsd
    3.01931e+02   -6.53729e+00    4.00952e-06

           Step           Time
         395000      790.00000

   Energies (kJ/mol)
           Bond       G96Angle  Improper Dih.        LJ (SR)   Coulomb (SR)
    1.38269e+04    6.25493e+03   -3.20871e+03   -5.95700e+05    0.00000e+00
 Position Rest.      Potential    Kinetic En.   Total Energy  Conserved En.
    1.56642e+03   -5.77261e+05    1.09782e+05   -4.67478e+05   -6.41606e+05
    Temperature Pressure (bar)   Constr. rmsd
    3.05579e+02   -2.58636e+00    4.00969e-06

           Step           Time
         396000      792.00000

   Energies (kJ/mol)
           Bond       G96Angle  Improper Dih.        LJ (SR)   Coulomb (SR)
    1.37706e+04    6.25979e+03   -3.22480e+03   -5.96393e+05    0.00000e+00
 Position Rest.      Potential    Kinetic En.   Total Energy  Conserved En.
    1.54137e+03   -5.78046e+05    1.09058e+05   -4.68988e+05   -6.41827e+05
    Temperature Pressure (bar)   Constr. rmsd
    3.03564e+02   -1.74706e+01    4.07102e-06

           Step           Time
         397000      794.00000

   Energies (kJ/mol)
           Bond       G96Angle  Improper Dih.        LJ (SR)   Coulomb (SR)
    1.40740e+04    6.08069e+03   -3.19786e+03   -5.96538e+05    0.00000e+00
 Position Rest.      Potential    Kinetic En.   Total Energy  Conserved En.
    1.51702e+03   -5.78064e+05    1.07579e+05   -4.70485e+05   -6.42040e+05
    Temperature Pressure (bar)   Constr. rmsd
    2.99445e+02   -1.53045e+00    3.85005e-06

           Step           Time
         398000      796.00000

   Energies (kJ/mol)
           Bond       G96Angle  Improper Dih.        LJ (SR)   Coulomb (SR)
    1.39606e+04    6.01836e+03   -3.22342e+03   -5.95473e+05    0.00000e+00
 Position Rest.      Potential    Kinetic En.   Total Energy  Conserved En.
    1.52111e+03   -5.77197e+05    1.08668e+05   -4.68528e+05   -6.42264e+05
    Temperature Pressure (bar)   Constr. rmsd
    3.02479e+02    2.03247e+01    4.18346e-06

           Step           Time
         399000      798.00000

   Energies (kJ/mol)
           Bond       G96Angle  Improper Dih.        LJ (SR)   Coulomb (SR)
    1.37805e+04    6.08489e+03   -3.21320e+03   -5.95815e+05    0.00000e+00
 Position Rest.      Potential    Kinetic En.   Total Energy  Conserved En.
    1.50641e+03   -5.77656e+05    1.09804e+05   -4.67852e+05   -6.42481e+05
    Temperature Pressure (bar)   Constr. rmsd
    3.05641e+02    6.69994e+00    3.93562e-06

           Step           Time
         400000      800.00000

   Energies (kJ/mol)
           Bond       G96Angle  Improper Dih.        LJ (SR)   Coulomb (SR)
    1.38378e+04    6.08563e+03   -3.21206e+03   -5.95253e+05    0.00000e+00
 Position Rest.      Potential    Kinetic En.   Total Energy  Conserved En.
    1.50016e+03   -5.77042e+05    1.09596e+05   -4.67446e+05   -6.42696e+05
    Temperature Pressure (bar)   Constr. rmsd
    3.05061e+02    1.09460e+00    4.00612e-06

           Step           Time
         401000      802.00000

   Energies (kJ/mol)
           Bond       G96Angle  Improper Dih.        LJ (SR)   Coulomb (SR)
    1.42215e+04    6.17694e+03   -3.13562e+03   -5.94415e+05    0.00000e+00
 Position Rest.      Potential    Kinetic En.   Total Energy  Conserved En.
    1.54345e+03   -5.75609e+05    1.09860e+05   -4.65748e+05   -6.42920e+05
    Temperature Pressure (bar)   Constr. rmsd
    3.05796e+02    6.22405e+00    3.85738e-06

           Step           Time
         402000      804.00000

   Energies (kJ/mol)
           Bond       G96Angle  Improper Dih.        LJ (SR)   Coulomb (SR)
    1.39773e+04    6.09029e+03   -3.16350e+03   -5.92898e+05    0.00000e+00
 Position Rest.      Potential    Kinetic En.   Total Energy  Conserved En.
    1.56452e+03   -5.74429e+05    1.09041e+05   -4.65388e+05   -6.43138e+05
    Temperature Pressure (bar)   Constr. rmsd
    3.03517e+02    1.73954e+01    3.92189e-06

           Step           Time
         403000      806.00000

   Energies (kJ/mol)
           Bond       G96Angle  Improper Dih.        LJ (SR)   Coulomb (SR)
    1.39173e+04    6.29143e+03   -3.25844e+03   -5.94290e+05    0.00000e+00
 Position Rest.      Potential    Kinetic En.   Total Energy  Conserved En.
    1.48118e+03   -5.75858e+05    1.08886e+05   -4.66973e+05   -6.43355e+05
    Temperature Pressure (bar)   Constr. rmsd
    3.03083e+02   -3.02006e+01    3.71100e-06

           Step           Time
         404000      808.00000

   Energies (kJ/mol)
           Bond       G96Angle  Improper Dih.        LJ (SR)   Coulomb (SR)
    1.35605e+04    6.24673e+03   -3.26873e+03   -5.94892e+05    0.00000e+00
 Position Rest.      Potential    Kinetic En.   Total Energy  Conserved En.
    1.48951e+03   -5.76864e+05    1.09645e+05   -4.67219e+05   -6.43578e+05
    Temperature Pressure (bar)   Constr. rmsd
    3.05197e+02   -4.63972e+00    3.88762e-06

           Step           Time
         405000      810.00000

   Energies (kJ/mol)
           Bond       G96Angle  Improper Dih.        LJ (SR)   Coulomb (SR)
    1.38000e+04    6.39296e+03   -3.10732e+03   -5.94766e+05    0.00000e+00
 Position Rest.      Potential    Kinetic En.   Total Energy  Conserved En.
    1.48776e+03   -5.76192e+05    1.08506e+05   -4.67686e+05   -6.43791e+05
    Temperature Pressure (bar)   Constr. rmsd
    3.02028e+02   -1.36391e+01    3.80103e-06

           Step           Time
         406000      812.00000

   Energies (kJ/mol)
           Bond       G96Angle  Improper Dih.        LJ (SR)   Coulomb (SR)
    1.41567e+04    6.16056e+03   -3.23480e+03   -5.93425e+05    0.00000e+00
 Position Rest.      Potential    Kinetic En.   Total Energy  Conserved En.
    1.44731e+03   -5.74895e+05    1.10123e+05   -4.64773e+05   -6.44014e+05
    Temperature Pressure (bar)   Constr. rmsd
    3.06527e+02    1.20024e+01    3.91755e-06

           Step           Time
         407000      814.00000

   Energies (kJ/mol)
           Bond       G96Angle  Improper Dih.        LJ (SR)   Coulomb (SR)
    1.39498e+04    6.15998e+03   -3.18381e+03   -5.93415e+05    0.00000e+00
 Position Rest.      Potential    Kinetic En.   Total Energy  Conserved En.
    1.35813e+03   -5.75131e+05    1.09530e+05   -4.65601e+05   -6.44227e+05
    Temperature Pressure (bar)   Constr. rmsd
    3.04877e+02    1.46297e+00    3.87615e-06

           Step           Time
         408000      816.00000

   Energies (kJ/mol)
           Bond       G96Angle  Improper Dih.        LJ (SR)   Coulomb (SR)
    1.40022e+04    6.12074e+03   -3.13135e+03   -5.92596e+05    0.00000e+00
 Position Rest.      Potential    Kinetic En.   Total Energy  Conserved En.
    1.44680e+03   -5.74157e+05    1.10239e+05   -4.63918e+05   -6.44452e+05
    Temperature Pressure (bar)   Constr. rmsd
    3.06851e+02    8.00494e+00    3.82585e-06

           Step           Time
         409000      818.00000

   Energies (kJ/mol)
           Bond       G96Angle  Improper Dih.        LJ (SR)   Coulomb (SR)
    1.37276e+04    6.06079e+03   -3.18778e+03   -5.93870e+05    0.00000e+00
 Position Rest.      Potential    Kinetic En.   Total Energy  Conserved En.
    1.47462e+03   -5.75795e+05    1.09559e+05   -4.66236e+05   -6.44670e+05
    Temperature Pressure (bar)   Constr. rmsd
    3.04957e+02   -1.13572e+01    3.71313e-06

           Step           Time
         410000      820.00000

   Energies (kJ/mol)
           Bond       G96Angle  Improper Dih.        LJ (SR)   Coulomb (SR)
    1.40215e+04    6.29617e+03   -3.15850e+03   -5.93898e+05    0.00000e+00
 Position Rest.      Potential    Kinetic En.   Total Energy  Conserved En.
    1.58167e+03   -5.75158e+05    1.09324e+05   -4.65834e+05   -6.44894e+05
    Temperature Pressure (bar)   Constr. rmsd
    3.04303e+02   -2.34126e+00    3.71519e-06

           Step           Time
         411000      822.00000

   Energies (kJ/mol)
           Bond       G96Angle  Improper Dih.        LJ (SR)   Coulomb (SR)
    1.37695e+04    6.22521e+03   -3.15552e+03   -5.93690e+05    0.00000e+00
 Position Rest.      Potential    Kinetic En.   Total Energy  Conserved En.
    1.48177e+03   -5.75369e+05    1.09936e+05   -4.65433e+05   -6.45110e+05
    Temperature Pressure (bar)   Constr. rmsd
    3.06007e+02    1.99411e+00    3.71218e-06

           Step           Time
         412000      824.00000

   Energies (kJ/mol)
           Bond       G96Angle  Improper Dih.        LJ (SR)   Coulomb (SR)
    1.39062e+04    6.26545e+03   -3.14070e+03   -5.93299e+05    0.00000e+00
 Position Rest.      Potential    Kinetic En.   Total Energy  Conserved En.
    1.48445e+03   -5.74784e+05    1.09903e+05   -4.64881e+05   -6.45335e+05
    Temperature Pressure (bar)   Constr. rmsd
    3.05915e+02    1.19962e+01    4.04414e-06

           Step           Time
         413000      826.00000

   Energies (kJ/mol)
           Bond       G96Angle  Improper Dih.        LJ (SR)   Coulomb (SR)
    1.36781e+04    6.27427e+03   -3.14698e+03   -5.93283e+05    0.00000e+00
 Position Rest.      Potential    Kinetic En.   Total Energy  Conserved En.
    1.38981e+03   -5.75088e+05    1.10574e+05   -4.64514e+05   -6.45558e+05
    Temperature Pressure (bar)   Constr. rmsd
    3.07784e+02    1.84255e+01    3.75723e-06

           Step           Time
         414000      828.00000

   Energies (kJ/mol)
           Bond       G96Angle  Improper Dih.        LJ (SR)   Coulomb (SR)
    1.39239e+04    6.32679e+03   -3.12666e+03   -5.92988e+05    0.00000e+00
 Position Rest.      Potential    Kinetic En.   Total Energy  Conserved En.
    1.39045e+03   -5.74473e+05    1.10564e+05   -4.63910e+05   -6.45771e+05
    Temperature Pressure (bar)   Constr. rmsd
    3.07754e+02   -8.36099e+00    3.95894e-06

           Step           Time
         415000      830.00000

   Energies (kJ/mol)
           Bond       G96Angle  Improper Dih.        LJ (SR)   Coulomb (SR)
    1.38485e+04    6.28091e+03   -3.18483e+03   -5.93238e+05    0.00000e+00
 Position Rest.      Potential    Kinetic En.   Total Energy  Conserved En.
    1.44675e+03   -5.74846e+05    1.09757e+05   -4.65089e+05   -6.45982e+05
    Temperature Pressure (bar)   Constr. rmsd
    3.05510e+02    3.37367e+00    4.00976e-06

           Step           Time
         416000      832.00000

   Energies (kJ/mol)
           Bond       G96Angle  Improper Dih.        LJ (SR)   Coulomb (SR)
    1.40986e+04    6.03538e+03   -3.10894e+03   -5.93976e+05    0.00000e+00
 Position Rest.      Potential    Kinetic En.   Total Energy  Conserved En.
    1.55358e+03   -5.75397e+05    1.10332e+05   -4.65065e+05   -6.46196e+05
    Temperature Pressure (bar)   Constr. rmsd
    3.07110e+02   -7.30868e+00    3.77438e-06

           Step           Time
         417000      834.00000

   Energies (kJ/mol)
           Bond       G96Angle  Improper Dih.        LJ (SR)   Coulomb (SR)
    1.38629e+04    6.26168e+03   -3.09925e+03   -5.94209e+05    0.00000e+00
 Position Rest.      Potential    Kinetic En.   Total Energy  Conserved En.
    1.54963e+03   -5.75634e+05    1.08461e+05   -4.67173e+05   -6.46411e+05
    Temperature Pressure (bar)   Constr. rmsd
    3.01901e+02   -6.54045e+00    3.84848e-06

           Step           Time
         418000      836.00000

   Energies (kJ/mol)
           Bond       G96Angle  Improper Dih.        LJ (SR)   Coulomb (SR)
    1.37973e+04    6.38421e+03   -3.26948e+03   -5.95348e+05    0.00000e+00
 Position Rest.      Potential    Kinetic En.   Total Energy  Conserved En.
    1.46383e+03   -5.76972e+05    1.09129e+05   -4.67843e+05   -6.46624e+05
    Temperature Pressure (bar)   Constr. rmsd
    3.03761e+02   -2.48554e+01    3.50172e-06

           Step           Time
         419000      838.00000

   Energies (kJ/mol)
           Bond       G96Angle  Improper Dih.        LJ (SR)   Coulomb (SR)
    1.37699e+04    6.12410e+03   -3.15829e+03   -5.95383e+05    0.00000e+00
 Position Rest.      Potential    Kinetic En.   Total Energy  Conserved En.
    1.48536e+03   -5.77162e+05    1.08362e+05   -4.68800e+05   -6.46840e+05
    Temperature Pressure (bar)   Constr. rmsd
    3.01626e+02   -1.13210e+01    3.79621e-06

           Step           Time
         420000      840.00000

   Energies (kJ/mol)
           Bond       G96Angle  Improper Dih.        LJ (SR)   Coulomb (SR)
    1.37101e+04    6.38252e+03   -3.23223e+03   -5.95212e+05    0.00000e+00
 Position Rest.      Potential    Kinetic En.   Total Energy  Conserved En.
    1.55249e+03   -5.76799e+05    1.08390e+05   -4.68409e+05   -6.47067e+05
    Temperature Pressure (bar)   Constr. rmsd
    3.01704e+02    2.04169e-01    3.89978e-06

           Step           Time
         421000      842.00000

   Energies (kJ/mol)
           Bond       G96Angle  Improper Dih.        LJ (SR)   Coulomb (SR)
    1.37589e+04    6.35260e+03   -3.23231e+03   -5.94625e+05    0.00000e+00
 Position Rest.      Potential    Kinetic En.   Total Energy  Conserved En.
    1.56709e+03   -5.76179e+05    1.08672e+05   -4.67507e+05   -6.47278e+05
    Temperature Pressure (bar)   Constr. rmsd
    3.02489e+02   -1.64711e+00    3.89708e-06

           Step           Time
         422000      844.00000

   Energies (kJ/mol)
           Bond       G96Angle  Improper Dih.        LJ (SR)   Coulomb (SR)
    1.37666e+04    6.28398e+03   -3.20718e+03   -5.95001e+05    0.00000e+00
 Position Rest.      Potential    Kinetic En.   Total Energy  Conserved En.
    1.64688e+03   -5.76510e+05    1.09738e+05   -4.66772e+05   -6.47493e+05
    Temperature Pressure (bar)   Constr. rmsd
    3.05456e+02   -4.74602e+00    3.84813e-06

           Step           Time
         423000      846.00000

   Energies (kJ/mol)
           Bond       G96Angle  Improper Dih.        LJ (SR)   Coulomb (SR)
    1.34896e+04    6.21881e+03   -3.27025e+03   -5.95366e+05    0.00000e+00
 Position Rest.      Potential    Kinetic En.   Total Energy  Conserved En.
    1.49706e+03   -5.77430e+05    1.08763e+05   -4.68668e+05   -6.47715e+05
    Temperature Pressure (bar)   Constr. rmsd
    3.02741e+02   -1.11077e+01    3.98224e-06

           Step           Time
         424000      848.00000

   Energies (kJ/mol)
           Bond       G96Angle  Improper Dih.        LJ (SR)   Coulomb (SR)
    1.37393e+04    5.98288e+03   -3.18212e+03   -5.93968e+05    0.00000e+00
 Position Rest.      Potential    Kinetic En.   Total Energy  Conserved En.
    1.42379e+03   -5.76004e+05    1.08619e+05   -4.67385e+05   -6.47937e+05
    Temperature Pressure (bar)   Constr. rmsd
    3.02341e+02    1.79444e+01    3.96549e-06

           Step           Time
         425000      850.00000

   Energies (kJ/mol)
           Bond       G96Angle  Improper Dih.        LJ (SR)   Coulomb (SR)
    1.36922e+04    6.08292e+03   -3.26909e+03   -5.95048e+05    0.00000e+00
 Position Rest.      Potential    Kinetic En.   Total Energy  Conserved En.
    1.55500e+03   -5.76987e+05    1.07470e+05   -4.69517e+05   -6.48148e+05
    Temperature Pressure (bar)   Constr. rmsd
    2.99142e+02    6.93863e-01    3.94197e-06

           Step           Time
         426000      852.00000

   Energies (kJ/mol)
           Bond       G96Angle  Improper Dih.        LJ (SR)   Coulomb (SR)
    1.38726e+04    6.14755e+03   -3.20556e+03   -5.95116e+05    0.00000e+00
 Position Rest.      Potential    Kinetic En.   Total Energy  Conserved En.
    1.44438e+03   -5.76857e+05    1.08453e+05   -4.68403e+05   -6.48363e+05
    Temperature Pressure (bar)   Constr. rmsd
    3.01880e+02   -2.05163e+00    3.96765e-06

           Step           Time
         427000      854.00000

   Energies (kJ/mol)
           Bond       G96Angle  Improper Dih.        LJ (SR)   Coulomb (SR)
    1.35258e+04    5.83036e+03   -3.21848e+03   -5.95148e+05    0.00000e+00
 Position Rest.      Potential    Kinetic En.   Total Energy  Conserved En.
    1.53966e+03   -5.77471e+05    1.08612e+05   -4.68858e+05   -6.48580e+05
    Temperature Pressure (bar)   Constr. rmsd
    3.02322e+02    1.41140e+01    4.04809e-06

           Step           Time
         428000      856.00000

   Energies (kJ/mol)
           Bond       G96Angle  Improper Dih.        LJ (SR)   Coulomb (SR)
    1.38415e+04    6.20054e+03   -3.19574e+03   -5.94055e+05    0.00000e+00
 Position Rest.      Potential    Kinetic En.   Total Energy  Conserved En.
    1.49097e+03   -5.75718e+05    1.08664e+05   -4.67054e+05   -6.48801e+05
    Temperature Pressure (bar)   Constr. rmsd
    3.02467e+02    3.37507e+01    3.73489e-06

           Step           Time
         429000      858.00000

   Energies (kJ/mol)
           Bond       G96Angle  Improper Dih.        LJ (SR)   Coulomb (SR)
    1.42774e+04    6.11696e+03   -3.22199e+03   -5.94348e+05    0.00000e+00
 Position Rest.      Potential    Kinetic En.   Total Energy  Conserved En.
    1.53187e+03   -5.75644e+05    1.09015e+05   -4.66629e+05   -6.49010e+05
    Temperature Pressure (bar)   Constr. rmsd
    3.03442e+02   -2.01082e+01    3.83537e-06

           Step           Time
         430000      860.00000

   Energies (kJ/mol)
           Bond       G96Angle  Improper Dih.        LJ (SR)   Coulomb (SR)
    1.39784e+04    6.12770e+03   -3.16176e+03   -5.95307e+05    0.00000e+00
 Position Rest.      Potential    Kinetic En.   Total Energy  Conserved En.
    1.50426e+03   -5.76858e+05    1.09224e+05   -4.67635e+05   -6.49225e+05
    Temperature Pressure (bar)   Constr. rmsd
    3.04024e+02   -1.61649e+01    4.05499e-06

           Step           Time
         431000      862.00000

   Energies (kJ/mol)
           Bond       G96Angle  Improper Dih.        LJ (SR)   Coulomb (SR)
    1.42315e+04    6.06874e+03   -3.18196e+03   -5.94581e+05    0.00000e+00
 Position Rest.      Potential    Kinetic En.   Total Energy  Conserved En.
    1.47201e+03   -5.75990e+05    1.09176e+05   -4.66815e+05   -6.49444e+05
    Temperature Pressure (bar)   Constr. rmsd
    3.03891e+02    5.47296e+00    3.81107e-06

           Step           Time
         432000      864.00000

   Energies (kJ/mol)
           Bond       G96Angle  Improper Dih.        LJ (SR)   Coulomb (SR)
    1.40419e+04    6.18637e+03   -3.20239e+03   -5.95188e+05    0.00000e+00
 Position Rest.      Potential    Kinetic En.   Total Energy  Conserved En.
    1.57122e+03   -5.76591e+05    1.09703e+05   -4.66889e+05   -6.49656e+05
    Temperature Pressure (bar)   Constr. rmsd
    3.05358e+02   -4.03163e+00    4.01112e-06

           Step           Time
         433000      866.00000

   Energies (kJ/mol)
           Bond       G96Angle  Improper Dih.        LJ (SR)   Coulomb (SR)
    1.40051e+04    6.16631e+03   -3.18721e+03   -5.94994e+05    0.00000e+00
 Position Rest.      Potential    Kinetic En.   Total Energy  Conserved En.
    1.51842e+03   -5.76491e+05    1.09882e+05   -4.66609e+05   -6.49882e+05
    Temperature Pressure (bar)   Constr. rmsd
    3.05856e+02    2.85496e+00    3.75837e-06

           Step           Time
         434000      868.00000

   Energies (kJ/mol)
           Bond       G96Angle  Improper Dih.        LJ (SR)   Coulomb (SR)
    1.41305e+04    6.18418e+03   -3.19433e+03   -5.94805e+05    0.00000e+00
 Position Rest.      Potential    Kinetic En.   Total Energy  Conserved En.
    1.52404e+03   -5.76161e+05    1.09337e+05   -4.66824e+05   -6.50095e+05
    Temperature Pressure (bar)   Constr. rmsd
    3.04339e+02   -1.59731e+01    3.81813e-06

           Step           Time
         435000      870.00000

   Energies (kJ/mol)
           Bond       G96Angle  Improper Dih.        LJ (SR)   Coulomb (SR)
    1.38940e+04    6.29969e+03   -3.26093e+03   -5.94762e+05    0.00000e+00
 Position Rest.      Potential    Kinetic En.   Total Energy  Conserved En.
    1.59009e+03   -5.76239e+05    1.09296e+05   -4.66943e+05   -6.50315e+05
    Temperature Pressure (bar)   Constr. rmsd
    3.04225e+02   -8.56396e+00    3.98571e-06

           Step           Time
         436000      872.00000

   Energies (kJ/mol)
           Bond       G96Angle  Improper Dih.        LJ (SR)   Coulomb (SR)
    1.40072e+04    6.39094e+03   -3.19357e+03   -5.93251e+05    0.00000e+00
 Position Rest.      Potential    Kinetic En.   Total Energy  Conserved En.
    1.48122e+03   -5.74565e+05    1.09396e+05   -4.65170e+05   -6.50539e+05
    Temperature Pressure (bar)   Constr. rmsd
    3.04503e+02    2.03243e+01    3.81483e-06

           Step           Time
         437000      874.00000

   Energies (kJ/mol)
           Bond       G96Angle  Improper Dih.        LJ (SR)   Coulomb (SR)
    1.37700e+04    6.08281e+03   -3.17451e+03   -5.94959e+05    0.00000e+00
 Position Rest.      Potential    Kinetic En.   Total Energy  Conserved En.
    1.45275e+03   -5.76828e+05    1.09448e+05   -4.67380e+05   -6.50761e+05
    Temperature Pressure (bar)   Constr. rmsd
    3.04648e+02   -1.53741e+01    3.86915e-06

           Step           Time
         438000      876.00000

   Energies (kJ/mol)
           Bond       G96Angle  Improper Dih.        LJ (SR)   Coulomb (SR)
    1.41216e+04    6.23474e+03   -3.09621e+03   -5.94292e+05    0.00000e+00
 Position Rest.      Potential    Kinetic En.   Total Energy  Conserved En.
    1.50287e+03   -5.75529e+05    1.09901e+05   -4.65629e+05   -6.50988e+05
    Temperature Pressure (bar)   Constr. rmsd
    3.05908e+02    1.20678e+00    3.85218e-06

           Step           Time
         439000      878.00000

   Energies (kJ/mol)
           Bond       G96Angle  Improper Dih.        LJ (SR)   Coulomb (SR)
    1.35947e+04    6.27591e+03   -3.16348e+03   -5.93599e+05    0.00000e+00
 Position Rest.      Potential    Kinetic En.   Total Energy  Conserved En.
    1.46592e+03   -5.75426e+05    1.10523e+05   -4.64903e+05   -6.51221e+05
    Temperature Pressure (bar)   Constr. rmsd
    3.07640e+02    1.85293e+01    3.83518e-06

           Step           Time
         440000      880.00000

   Energies (kJ/mol)
           Bond       G96Angle  Improper Dih.        LJ (SR)   Coulomb (SR)
    1.37934e+04    6.13090e+03   -3.20580e+03   -5.94121e+05    0.00000e+00
 Position Rest.      Potential    Kinetic En.   Total Energy  Conserved En.
    1.47003e+03   -5.75932e+05    1.09071e+05   -4.66861e+05   -6.51441e+05
    Temperature Pressure (bar)   Constr. rmsd
    3.03601e+02    2.11308e+00    4.05886e-06

           Step           Time
         441000      882.00000

   Energies (kJ/mol)
           Bond       G96Angle  Improper Dih.        LJ (SR)   Coulomb (SR)
    1.37050e+04    6.18385e+03   -3.22582e+03   -5.94432e+05    0.00000e+00
 Position Rest.      Potential    Kinetic En.   Total Energy  Conserved En.
    1.54534e+03   -5.76223e+05    1.10147e+05   -4.66076e+05   -6.51660e+05
    Temperature Pressure (bar)   Constr. rmsd
    3.06595e+02   -1.77196e+00    3.85381e-06

           Step           Time
         442000      884.00000

   Energies (kJ/mol)
           Bond       G96Angle  Improper Dih.        LJ (SR)   Coulomb (SR)
    1.37242e+04    6.17290e+03   -3.07737e+03   -5.93758e+05    0.00000e+00
 Position Rest.      Potential    Kinetic En.   Total Energy  Conserved En.
    1.59534e+03   -5.75342e+05    1.10319e+05   -4.65023e+05   -6.51882e+05
    Temperature Pressure (bar)   Constr. rmsd
    3.07074e+02    1.76031e+01    3.77409e-06

           Step           Time
         443000      886.00000

   Energies (kJ/mol)
           Bond       G96Angle  Improper Dih.        LJ (SR)   Coulomb (SR)
    1.43619e+04    6.17607e+03   -3.17785e+03   -5.93998e+05    0.00000e+00
 Position Rest.      Potential    Kinetic En.   Total Energy  Conserved En.
    1.44950e+03   -5.75189e+05    1.10247e+05   -4.64942e+05   -6.52097e+05
    Temperature Pressure (bar)   Constr. rmsd
    3.06872e+02   -3.33610e+00    3.83416e-06

           Step           Time
         444000      888.00000

   Energies (kJ/mol)
           Bond       G96Angle  Improper Dih.        LJ (SR)   Coulomb (SR)
    1.40014e+04    6.14050e+03   -3.03923e+03   -5.93614e+05    0.00000e+00
 Position Rest.      Potential    Kinetic En.   Total Energy  Conserved En.
    1.52726e+03   -5.74984e+05    1.09696e+05   -4.65288e+05   -6.52310e+05
    Temperature Pressure (bar)   Constr. rmsd
    3.05339e+02   -2.90131e+01    3.97185e-06

           Step           Time
         445000      890.00000

   Energies (kJ/mol)
           Bond       G96Angle  Improper Dih.        LJ (SR)   Coulomb (SR)
    1.37853e+04    6.25817e+03   -3.14403e+03   -5.94222e+05    0.00000e+00
 Position Rest.      Potential    Kinetic En.   Total Energy  Conserved En.
    1.53661e+03   -5.75786e+05    1.07967e+05   -4.67819e+05   -6.52528e+05
    Temperature Pressure (bar)   Constr. rmsd
    3.00526e+02   -1.90136e+01    3.89796e-06

           Step           Time
         446000      892.00000

   Energies (kJ/mol)
           Bond       G96Angle  Improper Dih.        LJ (SR)   Coulomb (SR)
    1.39592e+04    6.25130e+03   -3.11478e+03   -5.94613e+05    0.00000e+00
 Position Rest.      Potential    Kinetic En.   Total Energy  Conserved En.
    1.42343e+03   -5.76094e+05    1.08003e+05   -4.68091e+05   -6.52749e+05
    Temperature Pressure (bar)   Constr. rmsd
    3.00626e+02   -5.42247e+00    3.67461e-06

           Step           Time
         447000      894.00000

   Energies (kJ/mol)
           Bond       G96Angle  Improper Dih.        LJ (SR)   Coulomb (SR)
    1.39529e+04    6.26618e+03   -3.17547e+03   -5.94056e+05    0.00000e+00
 Position Rest.      Potential    Kinetic En.   Total Energy  Conserved En.
    1.49455e+03   -5.75518e+05    1.09530e+05   -4.65988e+05   -6.52971e+05
    Temperature Pressure (bar)   Constr. rmsd
    3.04877e+02    3.66977e+00    3.71445e-06

           Step           Time
         448000      896.00000

   Energies (kJ/mol)
           Bond       G96Angle  Improper Dih.        LJ (SR)   Coulomb (SR)
    1.37800e+04    6.13963e+03   -3.05458e+03   -5.94260e+05    0.00000e+00
 Position Rest.      Potential    Kinetic En.   Total Energy  Conserved En.
    1.55458e+03   -5.75840e+05    1.09037e+05   -4.66803e+05   -6.53191e+05
    Temperature Pressure (bar)   Constr. rmsd
    3.03506e+02    6.85070e+00    4.18113e-06

           Step           Time
         449000      898.00000

   Energies (kJ/mol)
           Bond       G96Angle  Improper Dih.        LJ (SR)   Coulomb (SR)
    1.39832e+04    6.22080e+03   -3.13775e+03   -5.93731e+05    0.00000e+00
 Position Rest.      Potential    Kinetic En.   Total Energy  Conserved En.
    1.52685e+03   -5.75138e+05    1.09429e+05   -4.65710e+05   -6.53410e+05
    Temperature Pressure (bar)   Constr. rmsd
    3.04595e+02    1.00730e+01    3.92471e-06

           Step           Time
         450000      900.00000

   Energies (kJ/mol)
           Bond       G96Angle  Improper Dih.        LJ (SR)   Coulomb (SR)
    1.37452e+04    6.33402e+03   -3.20797e+03   -5.94177e+05    0.00000e+00
 Position Rest.      Potential    Kinetic En.   Total Energy  Conserved En.
    1.54445e+03   -5.75761e+05    1.10469e+05   -4.65292e+05   -6.53622e+05
    Temperature Pressure (bar)   Constr. rmsd
    3.07490e+02   -1.48579e+01    3.85100e-06

           Step           Time
         451000      902.00000

   Energies (kJ/mol)
           Bond       G96Angle  Improper Dih.        LJ (SR)   Coulomb (SR)
    1.40483e+04    6.07155e+03   -3.17776e+03   -5.93788e+05    0.00000e+00
 Position Rest.      Potential    Kinetic En.   Total Energy  Conserved En.
    1.56163e+03   -5.75284e+05    1.09312e+05   -4.65972e+05   -6.53843e+05
    Temperature Pressure (bar)   Constr. rmsd
    3.04271e+02    8.56141e+00    3.80299e-06

           Step           Time
         452000      904.00000

   Energies (kJ/mol)
           Bond       G96Angle  Improper Dih.        LJ (SR)   Coulomb (SR)
    1.34617e+04    6.25647e+03   -3.21499e+03   -5.94652e+05    0.00000e+00
 Position Rest.      Potential    Kinetic En.   Total Energy  Conserved En.
    1.60958e+03   -5.76539e+05    1.09261e+05   -4.67279e+05   -6.54057e+05
    Temperature Pressure (bar)   Constr. rmsd
    3.04128e+02   -1.44555e+01    3.86669e-06

           Step           Time
         453000      906.00000

   Energies (kJ/mol)
           Bond       G96Angle  Improper Dih.        LJ (SR)   Coulomb (SR)
    1.40894e+04    6.17556e+03   -3.19787e+03   -5.94816e+05    0.00000e+00
 Position Rest.      Potential    Kinetic En.   Total Energy  Conserved En.
    1.51233e+03   -5.76237e+05    1.09099e+05   -4.67138e+05   -6.54283e+05
    Temperature Pressure (bar)   Constr. rmsd
    3.03678e+02    1.15998e+01    3.99595e-06

           Step           Time
         454000      908.00000

   Energies (kJ/mol)
           Bond       G96Angle  Improper Dih.        LJ (SR)   Coulomb (SR)
    1.38681e+04    6.23452e+03   -3.17383e+03   -5.94845e+05    0.00000e+00
 Position Rest.      Potential    Kinetic En.   Total Energy  Conserved En.
    1.53610e+03   -5.76380e+05    1.10027e+05   -4.66353e+05   -6.54495e+05
    Temperature Pressure (bar)   Constr. rmsd
    3.06261e+02   -6.69418e+00    3.77721e-06

           Step           Time
         455000      910.00000

   Energies (kJ/mol)
           Bond       G96Angle  Improper Dih.        LJ (SR)   Coulomb (SR)
    1.40054e+04    6.21063e+03   -3.09683e+03   -5.94271e+05    0.00000e+00
 Position Rest.      Potential    Kinetic En.   Total Energy  Conserved En.
    1.52965e+03   -5.75622e+05    1.10025e+05   -4.65597e+05   -6.54733e+05
    Temperature Pressure (bar)   Constr. rmsd
    3.06256e+02    1.88089e+01    4.11982e-06

           Step           Time
         456000      912.00000

   Energies (kJ/mol)
           Bond       G96Angle  Improper Dih.        LJ (SR)   Coulomb (SR)
    1.36912e+04    6.27949e+03   -3.16569e+03   -5.93918e+05    0.00000e+00
 Position Rest.      Potential    Kinetic En.   Total Energy  Conserved En.
    1.53725e+03   -5.75575e+05    1.09535e+05   -4.66041e+05   -6.54946e+05
    Temperature Pressure (bar)   Constr. rmsd
    3.04890e+02   -1.34933e+01    3.82870e-06

           Step           Time
         457000      914.00000

   Energies (kJ/mol)
           Bond       G96Angle  Improper Dih.        LJ (SR)   Coulomb (SR)
    1.41884e+04    6.14202e+03   -3.23164e+03   -5.93739e+05    0.00000e+00
 Position Rest.      Potential    Kinetic En.   Total Energy  Conserved En.
    1.51967e+03   -5.75120e+05    1.10491e+05   -4.64630e+05   -6.55175e+05
    Temperature Pressure (bar)   Constr. rmsd
    3.07551e+02    9.86076e+00    3.77067e-06

           Step           Time
         458000      916.00000

   Energies (kJ/mol)
           Bond       G96Angle  Improper Dih.        LJ (SR)   Coulomb (SR)
    1.38843e+04    6.27522e+03   -3.14224e+03   -5.93143e+05    0.00000e+00
 Position Rest.      Potential    Kinetic En.   Total Energy  Conserved En.
    1.55202e+03   -5.74573e+05    1.09249e+05   -4.65324e+05   -6.55397e+05
    Temperature Pressure (bar)   Constr. rmsd
    3.04095e+02    7.89139e+00    3.78115e-06

           Step           Time
         459000      918.00000

   Energies (kJ/mol)
           Bond       G96Angle  Improper Dih.        LJ (SR)   Coulomb (SR)
    1.38733e+04    6.32027e+03   -3.23618e+03   -5.93944e+05    0.00000e+00
 Position Rest.      Potential    Kinetic En.   Total Energy  Conserved En.
    1.50426e+03   -5.75482e+05    1.10001e+05   -4.65481e+05   -6.55622e+05
    Temperature Pressure (bar)   Constr. rmsd
    3.06188e+02   -1.50977e+01    3.96949e-06

           Step           Time
         460000      920.00000

   Energies (kJ/mol)
           Bond       G96Angle  Improper Dih.        LJ (SR)   Coulomb (SR)
    1.40540e+04    6.35943e+03   -3.24519e+03   -5.94025e+05    0.00000e+00
 Position Rest.      Potential    Kinetic En.   Total Energy  Conserved En.
    1.56255e+03   -5.75294e+05    1.10046e+05   -4.65248e+05   -6.55846e+05
    Temperature Pressure (bar)   Constr. rmsd
    3.06314e+02   -4.50865e+00    3.89325e-06

           Step           Time
         461000      922.00000

   Energies (kJ/mol)
           Bond       G96Angle  Improper Dih.        LJ (SR)   Coulomb (SR)
    1.42800e+04    6.14836e+03   -3.27597e+03   -5.95204e+05    0.00000e+00
 Position Rest.      Potential    Kinetic En.   Total Energy  Conserved En.
    1.49537e+03   -5.76557e+05    1.09222e+05   -4.67335e+05   -6.56063e+05
    Temperature Pressure (bar)   Constr. rmsd
    3.04019e+02   -1.67073e+01    3.85846e-06

           Step           Time
         462000      924.00000

   Energies (kJ/mol)
           Bond       G96Angle  Improper Dih.        LJ (SR)   Coulomb (SR)
    1.34403e+04    6.21006e+03   -3.17456e+03   -5.95315e+05    0.00000e+00
 Position Rest.      Potential    Kinetic En.   Total Energy  Conserved En.
    1.46728e+03   -5.77372e+05    1.09010e+05   -4.68362e+05   -6.56289e+05
    Temperature Pressure (bar)   Constr. rmsd
    3.03429e+02   -7.07876e+00    4.03340e-06

           Step           Time
         463000      926.00000

   Energies (kJ/mol)
           Bond       G96Angle  Improper Dih.        LJ (SR)   Coulomb (SR)
    1.35534e+04    6.31803e+03   -3.16871e+03   -5.94217e+05    0.00000e+00
 Position Rest.      Potential    Kinetic En.   Total Energy  Conserved En.
    1.54789e+03   -5.75967e+05    1.09688e+05   -4.66279e+05   -6.56509e+05
    Temperature Pressure (bar)   Constr. rmsd
    3.05316e+02    1.17132e+01    3.98447e-06

           Step           Time
         464000      928.00000

   Energies (kJ/mol)
           Bond       G96Angle  Improper Dih.        LJ (SR)   Coulomb (SR)
    1.38256e+04    6.34111e+03   -3.24014e+03   -5.94891e+05    0.00000e+00
 Position Rest.      Potential    Kinetic En.   Total Energy  Conserved En.
    1.53324e+03   -5.76431e+05    1.09455e+05   -4.66976e+05   -6.56732e+05
    Temperature Pressure (bar)   Constr. rmsd
    3.04669e+02   -3.25555e+00    4.17533e-06

           Step           Time
         465000      930.00000

   Energies (kJ/mol)
           Bond       G96Angle  Improper Dih.        LJ (SR)   Coulomb (SR)
    1.39789e+04    5.84227e+03   -3.11041e+03   -5.94036e+05    0.00000e+00
 Position Rest.      Potential    Kinetic En.   Total Energy  Conserved En.
    1.48776e+03   -5.75837e+05    1.10321e+05   -4.65516e+05   -6.56953e+05
    Temperature Pressure (bar)   Constr. rmsd
    3.07078e+02    1.19438e+01    4.00653e-06

           Step           Time
         466000      932.00000

   Energies (kJ/mol)
           Bond       G96Angle  Improper Dih.        LJ (SR)   Coulomb (SR)
    1.40739e+04    6.14233e+03   -3.13697e+03   -5.93983e+05    0.00000e+00
 Position Rest.      Potential    Kinetic En.   Total Energy  Conserved En.
    1.54814e+03   -5.75356e+05    1.10036e+05   -4.65320e+05   -6.57164e+05
    Temperature Pressure (bar)   Constr. rmsd
    3.06285e+02    9.42452e+00    3.69599e-06

           Step           Time
         467000      934.00000

   Energies (kJ/mol)
           Bond       G96Angle  Improper Dih.        LJ (SR)   Coulomb (SR)
    1.37446e+04    6.23577e+03   -3.18527e+03   -5.95096e+05    0.00000e+00
 Position Rest.      Potential    Kinetic En.   Total Energy  Conserved En.
    1.52750e+03   -5.76774e+05    1.09573e+05   -4.67200e+05   -6.57379e+05
    Temperature Pressure (bar)   Constr. rmsd
    3.04998e+02   -3.11382e+01    3.83086e-06

           Step           Time
         468000      936.00000

   Energies (kJ/mol)
           Bond       G96Angle  Improper Dih.        LJ (SR)   Coulomb (SR)
    1.37569e+04    6.04626e+03   -3.13993e+03   -5.94303e+05    0.00000e+00
 Position Rest.      Potential    Kinetic En.   Total Energy  Conserved En.
    1.49641e+03   -5.76143e+05    1.09349e+05   -4.66794e+05   -6.57607e+05
    Temperature Pressure (bar)   Constr. rmsd
    3.04374e+02    5.90186e+00    3.92685e-06

           Step           Time
         469000      938.00000

   Energies (kJ/mol)
           Bond       G96Angle  Improper Dih.        LJ (SR)   Coulomb (SR)
    1.34724e+04    6.04134e+03   -3.18026e+03   -5.95122e+05    0.00000e+00
 Position Rest.      Potential    Kinetic En.   Total Energy  Conserved En.
    1.51512e+03   -5.77274e+05    1.08500e+05   -4.68774e+05   -6.57820e+05
    Temperature Pressure (bar)   Constr. rmsd
    3.02010e+02   -1.85427e+01    4.02395e-06

           Step           Time
         470000      940.00000

   Energies (kJ/mol)
           Bond       G96Angle  Improper Dih.        LJ (SR)   Coulomb (SR)
    1.40459e+04    6.22643e+03   -3.20234e+03   -5.93938e+05    0.00000e+00
 Position Rest.      Potential    Kinetic En.   Total Energy  Conserved En.
    1.46932e+03   -5.75399e+05    1.08833e+05   -4.66566e+05   -6.58043e+05
    Temperature Pressure (bar)   Constr. rmsd
    3.02936e+02    1.40162e+01    3.87883e-06

           Step           Time
         471000      942.00000

   Energies (kJ/mol)
           Bond       G96Angle  Improper Dih.        LJ (SR)   Coulomb (SR)
    1.35608e+04    6.18059e+03   -3.19181e+03   -5.93902e+05    0.00000e+00
 Position Rest.      Potential    Kinetic En.   Total Energy  Conserved En.
    1.56317e+03   -5.75790e+05    1.09116e+05   -4.66674e+05   -6.58262e+05
    Temperature Pressure (bar)   Constr. rmsd
    3.03724e+02    1.37748e+01    3.98856e-06

           Step           Time
         472000      944.00000

   Energies (kJ/mol)
           Bond       G96Angle  Improper Dih.        LJ (SR)   Coulomb (SR)
    1.38337e+04    6.11081e+03   -3.16475e+03   -5.93977e+05    0.00000e+00
 Position Rest.      Potential    Kinetic En.   Total Energy  Conserved En.
    1.50688e+03   -5.75690e+05    1.09323e+05   -4.66367e+05   -6.58476e+05
    Temperature Pressure (bar)   Constr. rmsd
    3.04302e+02   -6.27140e+00    3.78614e-06

           Step           Time
         473000      946.00000

   Energies (kJ/mol)
           Bond       G96Angle  Improper Dih.        LJ (SR)   Coulomb (SR)
    1.37200e+04    6.13168e+03   -3.26806e+03   -5.93798e+05    0.00000e+00
 Position Rest.      Potential    Kinetic En.   Total Energy  Conserved En.
    1.50660e+03   -5.75708e+05    1.10203e+05   -4.65505e+05   -6.58690e+05
    Temperature Pressure (bar)   Constr. rmsd
    3.06750e+02    8.53158e-01    4.15442e-06

           Step           Time
         474000      948.00000

   Energies (kJ/mol)
           Bond       G96Angle  Improper Dih.        LJ (SR)   Coulomb (SR)
    1.41592e+04    6.41315e+03   -3.09209e+03   -5.94309e+05    0.00000e+00
 Position Rest.      Potential    Kinetic En.   Total Energy  Conserved En.
    1.50135e+03   -5.75327e+05    1.10257e+05   -4.65070e+05   -6.58905e+05
    Temperature Pressure (bar)   Constr. rmsd
    3.06900e+02   -1.87596e+01    4.10060e-06

           Step           Time
         475000      950.00000

   Energies (kJ/mol)
           Bond       G96Angle  Improper Dih.        LJ (SR)   Coulomb (SR)
    1.42414e+04    6.31726e+03   -3.11628e+03   -5.93393e+05    0.00000e+00
 Position Rest.      Potential    Kinetic En.   Total Energy  Conserved En.
    1.45947e+03   -5.74492e+05    1.09489e+05   -4.65003e+05   -6.59135e+05
    Temperature Pressure (bar)   Constr. rmsd
    3.04763e+02   -7.60505e+00    3.90442e-06

           Step           Time
         476000      952.00000

   Energies (kJ/mol)
           Bond       G96Angle  Improper Dih.        LJ (SR)   Coulomb (SR)
    1.38905e+04    6.24003e+03   -3.15509e+03   -5.93237e+05    0.00000e+00
 Position Rest.      Potential    Kinetic En.   Total Energy  Conserved En.
    1.56731e+03   -5.74694e+05    1.10620e+05   -4.64074e+05   -6.59355e+05
    Temperature Pressure (bar)   Constr. rmsd
    3.07910e+02   -1.50070e+01    3.98085e-06

           Step           Time
         477000      954.00000

   Energies (kJ/mol)
           Bond       G96Angle  Improper Dih.        LJ (SR)   Coulomb (SR)
    1.40690e+04    6.04965e+03   -3.11615e+03   -5.91559e+05    0.00000e+00
 Position Rest.      Potential    Kinetic En.   Total Energy  Conserved En.
    1.62893e+03   -5.72927e+05    1.10163e+05   -4.62764e+05   -6.59583e+05
    Temperature Pressure (bar)   Constr. rmsd
    3.06640e+02    1.60352e+01    3.72293e-06

           Step           Time
         478000      956.00000

   Energies (kJ/mol)
           Bond       G96Angle  Improper Dih.        LJ (SR)   Coulomb (SR)
    1.39398e+04    6.33135e+03   -3.17917e+03   -5.93544e+05    0.00000e+00
 Position Rest.      Potential    Kinetic En.   Total Energy  Conserved En.
    1.53333e+03   -5.74919e+05    1.10508e+05   -4.64411e+05   -6.59802e+05
    Temperature Pressure (bar)   Constr. rmsd
    3.07600e+02   -1.64305e+01    3.95234e-06

           Step           Time
         479000      958.00000

   Energies (kJ/mol)
           Bond       G96Angle  Improper Dih.        LJ (SR)   Coulomb (SR)
    1.38244e+04    6.07973e+03   -3.25916e+03   -5.94123e+05    0.00000e+00
 Position Rest.      Potential    Kinetic En.   Total Energy  Conserved En.
    1.56256e+03   -5.75915e+05    1.08131e+05   -4.67785e+05   -6.60023e+05
    Temperature Pressure (bar)   Constr. rmsd
    3.00982e+02   -9.77739e+00    3.83793e-06

           Step           Time
         480000      960.00000

   Energies (kJ/mol)
           Bond       G96Angle  Improper Dih.        LJ (SR)   Coulomb (SR)
    1.40320e+04    6.04842e+03   -3.18294e+03   -5.94048e+05    0.00000e+00
 Position Rest.      Potential    Kinetic En.   Total Energy  Conserved En.
    1.59443e+03   -5.75556e+05    1.09193e+05   -4.66364e+05   -6.60250e+05
    Temperature Pressure (bar)   Constr. rmsd
    3.03939e+02    5.87026e+00    3.86798e-06

           Step           Time
         481000      962.00000

   Energies (kJ/mol)
           Bond       G96Angle  Improper Dih.        LJ (SR)   Coulomb (SR)
    1.34008e+04    6.04474e+03   -3.23540e+03   -5.94382e+05    0.00000e+00
 Position Rest.      Potential    Kinetic En.   Total Energy  Conserved En.
    1.59422e+03   -5.76577e+05    1.08632e+05   -4.67945e+05   -6.60470e+05
    Temperature Pressure (bar)   Constr. rmsd
    3.02378e+02    8.65618e+00    3.87240e-06

           Step           Time
         482000      964.00000

   Energies (kJ/mol)
           Bond       G96Angle  Improper Dih.        LJ (SR)   Coulomb (SR)
    1.39450e+04    5.98875e+03   -3.18959e+03   -5.94397e+05    0.00000e+00
 Position Rest.      Potential    Kinetic En.   Total Energy  Conserved En.
    1.53207e+03   -5.76120e+05    1.09890e+05   -4.66230e+05   -6.60690e+05
    Temperature Pressure (bar)   Constr. rmsd
    3.05880e+02   -3.33382e+00    3.87963e-06

           Step           Time
         483000      966.00000

   Energies (kJ/mol)
           Bond       G96Angle  Improper Dih.        LJ (SR)   Coulomb (SR)
    1.35574e+04    6.15996e+03   -3.21973e+03   -5.94093e+05    0.00000e+00
 Position Rest.      Potential    Kinetic En.   Total Energy  Conserved En.
    1.59867e+03   -5.75997e+05    1.09440e+05   -4.66557e+05   -6.60904e+05
    Temperature Pressure (bar)   Constr. rmsd
    3.04626e+02    4.23147e-01    3.93324e-06

           Step           Time
         484000      968.00000

   Energies (kJ/mol)
           Bond       G96Angle  Improper Dih.        LJ (SR)   Coulomb (SR)
    1.36161e+04    6.38951e+03   -3.19088e+03   -5.94208e+05    0.00000e+00
 Position Rest.      Potential    Kinetic En.   Total Energy  Conserved En.
    1.51512e+03   -5.75878e+05    1.08705e+05   -4.67172e+05   -6.61124e+05
    Temperature Pressure (bar)   Constr. rmsd
    3.02581e+02   -1.77454e+00    3.94374e-06

           Step           Time
         485000      970.00000

   Energies (kJ/mol)
           Bond       G96Angle  Improper Dih.        LJ (SR)   Coulomb (SR)
    1.35887e+04    6.17449e+03   -3.25038e+03   -5.94176e+05    0.00000e+00
 Position Rest.      Potential    Kinetic En.   Total Energy  Conserved En.
    1.62326e+03   -5.76040e+05    1.09376e+05   -4.66664e+05   -6.61341e+05
    Temperature Pressure (bar)   Constr. rmsd
    3.04449e+02    4.17354e+00    3.86426e-06

           Step           Time
         486000      972.00000

   Energies (kJ/mol)
           Bond       G96Angle  Improper Dih.        LJ (SR)   Coulomb (SR)
    1.39082e+04    6.22069e+03   -3.16427e+03   -5.94039e+05    0.00000e+00
 Position Rest.      Potential    Kinetic En.   Total Energy  Conserved En.
    1.60106e+03   -5.75474e+05    1.10347e+05   -4.65127e+05   -6.61561e+05
    Temperature Pressure (bar)   Constr. rmsd
    3.07151e+02    1.23291e+01    4.03071e-06

           Step           Time
         487000      974.00000

   Energies (kJ/mol)
           Bond       G96Angle  Improper Dih.        LJ (SR)   Coulomb (SR)
    1.38369e+04    6.12080e+03   -3.29434e+03   -5.93096e+05    0.00000e+00
 Position Rest.      Potential    Kinetic En.   Total Energy  Conserved En.
    1.51279e+03   -5.74920e+05    1.09884e+05   -4.65036e+05   -6.61781e+05
    Temperature Pressure (bar)   Constr. rmsd
    3.05862e+02    2.24062e+01    4.16672e-06

           Step           Time
         488000      976.00000

   Energies (kJ/mol)
           Bond       G96Angle  Improper Dih.        LJ (SR)   Coulomb (SR)
    1.38934e+04    6.07315e+03   -3.13508e+03   -5.93128e+05    0.00000e+00
 Position Rest.      Potential    Kinetic En.   Total Energy  Conserved En.
    1.60846e+03   -5.74688e+05    1.10560e+05   -4.64128e+05   -6.61996e+05
    Temperature Pressure (bar)   Constr. rmsd
    3.07744e+02   -1.71191e+00    3.79506e-06

           Step           Time
         489000      978.00000

   Energies (kJ/mol)
           Bond       G96Angle  Improper Dih.        LJ (SR)   Coulomb (SR)
    1.38254e+04    5.99551e+03   -3.14545e+03   -5.93349e+05    0.00000e+00
 Position Rest.      Potential    Kinetic En.   Total Energy  Conserved En.
    1.52065e+03   -5.75153e+05    1.09775e+05   -4.65378e+05   -6.62217e+05
    Temperature Pressure (bar)   Constr. rmsd
    3.05559e+02   -1.74107e+01    4.03593e-06

           Step           Time
         490000      980.00000

   Energies (kJ/mol)
           Bond       G96Angle  Improper Dih.        LJ (SR)   Coulomb (SR)
    1.37066e+04    6.17677e+03   -3.16861e+03   -5.93827e+05    0.00000e+00
 Position Rest.      Potential    Kinetic En.   Total Energy  Conserved En.
    1.52764e+03   -5.75585e+05    1.08801e+05   -4.66784e+05   -6.62436e+05
    Temperature Pressure (bar)   Constr. rmsd
    3.02849e+02    9.19289e-01    3.91295e-06

           Step           Time
         491000      982.00000

   Energies (kJ/mol)
           Bond       G96Angle  Improper Dih.        LJ (SR)   Coulomb (SR)
    1.37310e+04    6.03356e+03   -3.24520e+03   -5.94943e+05    0.00000e+00
 Position Rest.      Potential    Kinetic En.   Total Energy  Conserved En.
    1.50735e+03   -5.76916e+05    1.09822e+05   -4.67094e+05   -6.62656e+05
    Temperature Pressure (bar)   Constr. rmsd
    3.05690e+02   -1.69109e+00    3.72876e-06

           Step           Time
         492000      984.00000

   Energies (kJ/mol)
           Bond       G96Angle  Improper Dih.        LJ (SR)   Coulomb (SR)
    1.35887e+04    5.97270e+03   -3.14238e+03   -5.93679e+05    0.00000e+00
 Position Rest.      Potential    Kinetic En.   Total Energy  Conserved En.
    1.51557e+03   -5.75744e+05    1.09540e+05   -4.66204e+05   -6.62878e+05
    Temperature Pressure (bar)   Constr. rmsd
    3.04905e+02    2.09613e+01    4.10658e-06

           Step           Time
         493000      986.00000

   Energies (kJ/mol)
           Bond       G96Angle  Improper Dih.        LJ (SR)   Coulomb (SR)
    1.35598e+04    6.17599e+03   -3.25079e+03   -5.93932e+05    0.00000e+00
 Position Rest.      Potential    Kinetic En.   Total Energy  Conserved En.
    1.56761e+03   -5.75879e+05    1.09036e+05   -4.66844e+05   -6.63096e+05
    Temperature Pressure (bar)   Constr. rmsd
    3.03501e+02    7.31942e-01    3.79479e-06

           Step           Time
         494000      988.00000

   Energies (kJ/mol)
           Bond       G96Angle  Improper Dih.        LJ (SR)   Coulomb (SR)
    1.38672e+04    6.08366e+03   -3.19958e+03   -5.93684e+05    0.00000e+00
 Position Rest.      Potential    Kinetic En.   Total Energy  Conserved En.
    1.58619e+03   -5.75347e+05    1.09999e+05   -4.65348e+05   -6.63325e+05
    Temperature Pressure (bar)   Constr. rmsd
    3.06183e+02   -7.41608e+00    4.00786e-06

           Step           Time
         495000      990.00000

   Energies (kJ/mol)
           Bond       G96Angle  Improper Dih.        LJ (SR)   Coulomb (SR)
    1.37483e+04    6.15918e+03   -3.20133e+03   -5.94586e+05    0.00000e+00
 Position Rest.      Potential    Kinetic En.   Total Energy  Conserved En.
    1.54934e+03   -5.76331e+05    1.09474e+05   -4.66856e+05   -6.63542e+05
    Temperature Pressure (bar)   Constr. rmsd
    3.04722e+02   -1.28388e+01    3.89218e-06

           Step           Time
         496000      992.00000

   Energies (kJ/mol)
           Bond       G96Angle  Improper Dih.        LJ (SR)   Coulomb (SR)
    1.38919e+04    6.00637e+03   -3.14190e+03   -5.94238e+05    0.00000e+00
 Position Rest.      Potential    Kinetic En.   Total Energy  Conserved En.
    1.56452e+03   -5.75917e+05    1.08687e+05   -4.67230e+05   -6.63752e+05
    Temperature Pressure (bar)   Constr. rmsd
    3.02531e+02   -3.39873e+00    3.83820e-06

           Step           Time
         497000      994.00000

   Energies (kJ/mol)
           Bond       G96Angle  Improper Dih.        LJ (SR)   Coulomb (SR)
    1.40287e+04    6.24584e+03   -3.11667e+03   -5.93828e+05    0.00000e+00
 Position Rest.      Potential    Kinetic En.   Total Energy  Conserved En.
    1.46926e+03   -5.75201e+05    1.09769e+05   -4.65433e+05   -6.63968e+05
    Temperature Pressure (bar)   Constr. rmsd
    3.05541e+02   -3.62210e+00    4.06094e-06

           Step           Time
         498000      996.00000

   Energies (kJ/mol)
           Bond       G96Angle  Improper Dih.        LJ (SR)   Coulomb (SR)
    1.39266e+04    6.20114e+03   -3.19431e+03   -5.93730e+05    0.00000e+00
 Position Rest.      Potential    Kinetic En.   Total Energy  Conserved En.
    1.46213e+03   -5.75334e+05    1.10149e+05   -4.65185e+05   -6.64189e+05
    Temperature Pressure (bar)   Constr. rmsd
    3.06600e+02    7.76884e+00    3.92535e-06

           Step           Time
         499000      998.00000

   Energies (kJ/mol)
           Bond       G96Angle  Improper Dih.        LJ (SR)   Coulomb (SR)
    1.38441e+04    6.28768e+03   -3.07770e+03   -5.93269e+05    0.00000e+00
 Position Rest.      Potential    Kinetic En.   Total Energy  Conserved En.
    1.49893e+03   -5.74716e+05    1.09926e+05   -4.64790e+05   -6.64415e+05
    Temperature Pressure (bar)   Constr. rmsd
    3.05979e+02    6.71425e+00    4.02528e-06

           Step           Time
         500000     1000.00000

Writing checkpoint, step 500000 at Tue Mar 28 09:13:35 2023


   Energies (kJ/mol)
           Bond       G96Angle  Improper Dih.        LJ (SR)   Coulomb (SR)
    1.41521e+04    6.33624e+03   -3.13441e+03   -5.94400e+05    0.00000e+00
 Position Rest.      Potential    Kinetic En.   Total Energy  Conserved En.
    1.37949e+03   -5.75667e+05    1.09737e+05   -4.65929e+05   -6.64636e+05
    Temperature Pressure (bar)   Constr. rmsd
    3.05454e+02   -2.27164e+01    3.67785e-06


	<======  ###############  ==>
	<====  A V E R A G E S  ====>
	<==  ###############  ======>

	Statistics over 500001 steps using 5001 frames

   Energies (kJ/mol)
           Bond       G96Angle  Improper Dih.        LJ (SR)   Coulomb (SR)
    1.38353e+04    6.09517e+03   -3.20257e+03   -5.94927e+05    0.00000e+00
 Position Rest.      Potential    Kinetic En.   Total Energy  Conserved En.
    1.47794e+03   -5.76721e+05    1.09291e+05   -4.67430e+05   -6.09989e+05
    Temperature Pressure (bar)   Constr. rmsd
    3.04211e+02    3.74864e-01    0.00000e+00

          Box-X          Box-Y          Box-Z
    1.61678e+01    1.61678e+01    1.30535e+01

   Total Virial (kJ/mol)
    3.64028e+04    5.83096e+01    9.00261e+00
    5.83111e+01    3.64163e+04    6.21518e+01
    9.00391e+00    6.21519e+01    3.63566e+04

   Pressure (bar)
    1.99662e+00   -6.32273e-01   -1.08616e-01
   -6.32288e-01    1.98238e+00   -6.60866e-01
   -1.08628e-01   -6.60868e-01   -2.85441e+00

T-CHOL_XCA_PNCE        T-WN_PP          T-CNL          T-OST
    3.04129e+02    3.04281e+02    3.03713e+02    3.03795e+02


	M E G A - F L O P S   A C C O U N T I N G

 NB=Group-cutoff nonbonded kernels    NxN=N-by-N cluster Verlet kernels
 RF=Reaction-Field  VdW=Van der Waals  QSTab=quadratic-spline table
 W3=SPC/TIP3p  W4=TIP4p (single or pairs)
 V&F=Potential and force  V=Potential only  F=Force only

 Computing:                               M-Number         M-Flops  % Flops
-----------------------------------------------------------------------------
 Pair Search distance check            6283.030944       56547.278     0.0
 NxN RF Elec. + LJ [F]              3036474.207360   115386019.880    97.5
 NxN RF Elec. + LJ [V&F]              30677.570432     1656588.803     1.4
 Shift-X                                155.826159         934.957     0.0
 Bonds                                 4260.008520      251340.503     0.2
 Angles                                2976.005952      499969.000     0.4
 Impropers                              492.000984      102336.205     0.1
 Pos. Restr.                            632.001264       31600.063     0.0
 Virial                                 780.131204       14042.362     0.0
 Stop-CM                                155.857318        1558.573     0.0
 P-Coupling                             779.006159        4674.037     0.0
 Calc-Ekin                             1558.012318       42066.333     0.0
 Lincs                                 1260.007560       75600.454     0.1
 Lincs-Mat                            36288.217728      145152.871     0.1
 Constraint-V                          2520.010080       20160.081     0.0
 Constraint-Vir                          63.002520        1512.060     0.0
 Virtual Site 3                         264.601008        9790.237     0.0
 Virtual Site 3out                      529.202016       46040.575     0.0
-----------------------------------------------------------------------------
 Total                                               118345934.272   100.0
-----------------------------------------------------------------------------


     R E A L   C Y C L E   A N D   T I M E   A C C O U N T I N G

On 1 MPI rank, each using 8 OpenMP threads

 Computing:          Num   Num      Call    Wall time         Giga-Cycles
                     Ranks Threads  Count      (s)         total sum    %
-----------------------------------------------------------------------------
 Vsite constr.          1    8     500001       9.132        204.555   2.5
 Neighbor search        1    8       5001       7.971        178.545   2.2
 Launch GPU ops.        1    8     500001      15.569        348.737   4.3
 Force                  1    8     500001      93.675       2098.270  25.9
 Wait GPU NB local      1    8     500001      72.938       1633.786  20.2
 NB X/F buffer ops.     1    8     995001      62.055       1390.012  17.2
 Vsite spread           1    8     525002       9.021        202.068   2.5
 Write traj.            1    8        501       0.996         22.304   0.3
 Update                 1    8     500001      40.681        911.232  11.3
 Constraints            1    8     500003      41.311        925.348  11.4
 Rest                                           7.775        174.149   2.2
-----------------------------------------------------------------------------
 Total                                        361.124       8089.007 100.0
-----------------------------------------------------------------------------

               Core t (s)   Wall t (s)        (%)
       Time:     2888.989      361.124      800.0
                 (ns/day)    (hour/ns)
Performance:      239.254        0.100
Finished mdrun on rank 0 Tue Mar 28 09:13:36 2023

